
     Program PHONON v.7.6 starts on 30Sep2026 at 23:24: 1 

     This program is part of the open-source Quantum ESPRESSO suite
     for quantum simulation of materials; please cite
         "P. Giannozzi et al., J. Phys.:Condens. Matter 21 395502 (2009);
         "P. Giannozzi et al., J. Phys.:Condens. Matter 29 465901 (2017);
         "P. Giannozzi et al., J. Chem. Phys. 152 154105 (2020);
          URL http://www.quantum-espresso.org", 
     in publications or presentations arising from this work. More details at
     http://www.quantum-espresso.org/quote

     Parallel version (MPI & OpenMP), running on     576 processor cores
     Number of MPI processes:               576
     Threads/MPI process:                     1

     MPI processes distributed on    12 nodes
     25859 MiB available memory on the printing compute node when the environment starts
 
     Reading input from ph.in

     Reading xml data from directory:

     ./pwscf.save/
 
     K-points division:     npool     =     576
     Subspace diagonalization in iterative solution of the eigenvalue problem:
     a serial algorithm will be used


     IMPORTANT: XC functional enforced from input :
     Exchange-correlation= PBE
                           (   1   4   3   4   0   0   0)
     Any further DFT definition will be discarded
     Please, verify this is what you really want

 
     G-vector sticks info
     --------------------
     sticks:   dense  smooth     PW     G-vecs:    dense   smooth      PW
     Sum         559     283     91                 8801     3119     609
 
     Using Slab Decomposition
 

     Check: negative core charge=   -0.000003
     Message from routine divide_et_impera:
     suboptimal parallelization: some nodes have no k-points
     Reading collected, re-writing distributed wavefunctions in ./


     Dynamical matrices for ( 4, 4, 4)  uniform grid of q-points
     With a half shift  1  1  1
     (  10 q-points):
       N         xq(1)         xq(2)         xq(3) 
       1   0.088388348   0.088388348   0.088388348
       2   0.265165043   0.265165043  -0.088388348
       3  -0.265165043  -0.265165043   0.441941738
       4  -0.088388348  -0.088388348   0.265165043
       5   0.441941738   0.088388348   0.088388348
       6  -0.088388348  -0.441941738   0.618718434
       7   0.088388348  -0.265165043   0.441941738
       8  -0.618718434   0.088388348   0.088388348
       9   0.265165043   0.265165043   0.265165043
      10  -0.265165043  -0.265165043   0.795495129
     Because shifted q grid is used, q2r will not work !

     Number and degeneracy of irreps per q-point
       N         xq(1)         xq(2)         xq(3)   N irreps
       1   0.088388348   0.088388348   0.088388348       2
        1   2
       2   0.265165043   0.265165043  -0.088388348       3
     No degeneracy
       3  -0.265165043  -0.265165043   0.441941738       3
     No degeneracy
       4  -0.088388348  -0.088388348   0.265165043       3
     No degeneracy
       5   0.441941738   0.088388348   0.088388348       3
     No degeneracy
       6  -0.088388348  -0.441941738   0.618718434       3
     No degeneracy
       7   0.088388348  -0.265165043   0.441941738       3
     No degeneracy
       8  -0.618718434   0.088388348   0.088388348       3
     No degeneracy
       9   0.265165043   0.265165043   0.265165043       2
        1   2
      10  -0.265165043  -0.265165043   0.795495129       3
     No degeneracy

     Saving dvscf to file. Distribute only q points, not irreducible representations.

     Calculation of q =    0.0883883   0.0883883   0.0883883
     [opt_tetra]  Optimized tetrahedron method is used.
     Message from routine divide_et_impera:
     suboptimal parallelization: some nodes have no k-points
 
     G-vector sticks info
     --------------------
     sticks:   dense  smooth     PW     G-vecs:    dense   smooth      PW
     Sum         559     283     97                 8801     3119     645
 
     Using Slab Decomposition
 

     Title: 
     Phonon                                                                     


     bravais-lattice index     =            0
     lattice parameter (alat)  =       5.3877  a.u.
     unit-cell volume          =     110.5871 (a.u.)^3
     number of atoms/cell      =            1
     number of atomic types    =            1
     number of electrons       =         3.00
     number of Kohn-Sham states=            6
     kinetic-energy cutoff     =      35.0000  Ry
     charge density cutoff     =     280.0000  Ry
     Exchange-correlation= PBE
                           (   1   4   3   4   0   0   0)

     celldm(1)=   5.387739  celldm(2)=   0.000000  celldm(3)=   0.000000
     celldm(4)=   0.000000  celldm(5)=   0.000000  celldm(6)=   0.000000

     crystal axes: (cart. coord. in units of alat)
               a(1) = (   0.000000   0.707107   0.707107 )  
               a(2) = (   0.707107   0.000000   0.707107 )  
               a(3) = (   0.707107   0.707107   0.000000 )  

     reciprocal axes: (cart. coord. in units 2 pi/alat)
               b(1) = ( -0.707107  0.707107  0.707107 )  
               b(2) = (  0.707107 -0.707107  0.707107 )  
               b(3) = (  0.707107  0.707107 -0.707107 )  


     PseudoPot. # 1 for Al read from file:
     ./Al.pbe-n-rrkjus_psl.0.1.UPF
     MD5 check sum: 6479f6627750700cef6db36d98bbe09a
     Pseudo is Ultrasoft + core correction, Zval =  3.0
     Generated using "atomic" code by A. Dal Corso  v.5.0.99 svn rev. 10869
     Using radial grid of 1135 points,  4 beta functions with: 
                l(1) =   0
                l(2) =   0
                l(3) =   1
                l(4) =   1
     Q(r) pseudized with 0 coefficients 


     atomic species   valence    mass     pseudopotential
     Al                3.00    26.98154     Al( 1.00)

     48 Sym. Ops., with inversion, found



   Cartesian axes

     site n.     atom                  positions (alat units)
         1        Al     tau(   1) = (   0.0000000   0.0000000   0.0000000  )

     number of k points=   240 (tetrahedron method)

     Number of k-points >= 100: set verbosity='high' to print them.

     Dense  grid:     8801 G-vectors     FFT dimensions: (  30,  30,  30)

     Smooth grid:     3119 G-vectors     FFT dimensions: (  24,  24,  24)

     Estimated max dynamical RAM per process >       3.98 MB

     Estimated total dynamical RAM >       2.24 GB

     Check: negative core charge=   -0.000003

     The potential is recalculated from file :
     ./_ph0/pwscf.q_1/pwscf.save/charge-density

     Starting wfcs are    4 atomic +    2 random wfcs

     Band Structure Calculation
     Davidson diagonalization with overlap

     ethr =  3.33E-10,  avg # of iterations = 17.7

     total cpu time spent up to now is        0.7 secs

     End of band structure calculation

     Number of k-points >= 100: set verbosity='high' to print the bands.

     the Fermi energy is     7.9299 ev
 
     [dfpt_tetra]  Dos(E_F)[/Ry] :   0.4128430E+01

     Phonon                                                                     

     bravais-lattice index     =            0
     lattice parameter (alat)  =       5.3877  a.u.
     unit-cell volume          =     110.5871 (a.u.)^3
     number of atoms/cell      =            1
     number of atomic types    =            1
     kinetic-energy cut-off    =      35.0000  Ry
     charge density cut-off    =     280.0000  Ry
     convergence threshold     =      1.0E-15
     beta                      =       0.3000
     number of iterations used =            4
     Exchange-correlation= PBE
                           (   1   4   3   4   0   0   0)


     celldm(1)=    5.38774  celldm(2)=    0.00000  celldm(3)=    0.00000
     celldm(4)=    0.00000  celldm(5)=    0.00000  celldm(6)=    0.00000

     crystal axes: (cart. coord. in units of alat)
               a(1) = (  0.0000  0.7071  0.7071 )  
               a(2) = (  0.7071  0.0000  0.7071 )  
               a(3) = (  0.7071  0.7071  0.0000 )  

     reciprocal axes: (cart. coord. in units 2 pi/alat)
               b(1) = ( -0.7071  0.7071  0.7071 )  
               b(2) = (  0.7071 -0.7071  0.7071 )  
               b(3) = (  0.7071  0.7071 -0.7071 )  


     Atoms inside the unit cell: 

     Cartesian axes

     site n.  atom      mass           positions (alat units)
        1  Al     26.9815   tau(    1) = (    0.00000    0.00000    0.00000  )

     Computing dynamical matrix for 
                    q = (   0.0883883   0.0883883   0.0883883 )
 
      6 Sym.Ops. (no q -> -q+G )


     G cutoff =  205.8787  (   8801 G-vectors)     FFT grid: ( 30, 30, 30)
     G cutoff =  102.9393  (   3119 G-vectors)  smooth grid: ( 24, 24, 24)
     number of k points=   240

     PseudoPot. # 1 for Al read from file:
     ./Al.pbe-n-rrkjus_psl.0.1.UPF
     MD5 check sum: 6479f6627750700cef6db36d98bbe09a
     Pseudo is Ultrasoft + core correction, Zval =  3.0
     Generated using "atomic" code by A. Dal Corso  v.5.0.99 svn rev. 10869
     Using radial grid of 1135 points,  4 beta functions with: 
                l(1) =   0
                l(2) =   0
                l(3) =   1
                l(4) =   1
     Q(r) pseudized with 0 coefficients 



     Atomic displacements:
     There are    2 irreducible representations

     Representation     1      1 modes -  To be done

     Representation     2      2 modes -  To be done


     Message from routine init_vloc:
     Interpolation table for Vloc re-allocated

     Alpha used in Ewald sum =   2.8000
     PHONON       :      2.08s CPU      3.26s WALL



     Representation #   1 mode #   1

     Self-consistent Calculation

      iter #   1 total cpu time :     3.4 secs   av.it.:   1.9
      thresh= 1.000E-02 alpha_mix =  0.300 |ddv_scf|^2 =  1.614E-01

      iter #   2 total cpu time :     3.5 secs   av.it.:   2.6
      thresh= 1.000E-02 alpha_mix =  0.300 |ddv_scf|^2 =  1.576E+01

      iter #   3 total cpu time :     3.6 secs   av.it.:   2.6
      thresh= 1.000E-02 alpha_mix =  0.300 |ddv_scf|^2 =  1.520E-05

      iter #   4 total cpu time :     3.7 secs   av.it.:   2.5
      thresh= 3.898E-04 alpha_mix =  0.300 |ddv_scf|^2 =  1.907E-07

      iter #   5 total cpu time :     3.8 secs   av.it.:   2.8
      thresh= 4.366E-05 alpha_mix =  0.300 |ddv_scf|^2 =  4.643E-09

      iter #   6 total cpu time :     3.9 secs   av.it.:   2.7
      thresh= 6.814E-06 alpha_mix =  0.300 |ddv_scf|^2 =  1.539E-07

      iter #   7 total cpu time :     4.0 secs   av.it.:   2.2
      thresh= 6.814E-06 alpha_mix =  0.300 |ddv_scf|^2 =  2.018E-10

      iter #   8 total cpu time :     4.1 secs   av.it.:   2.9
      thresh= 1.420E-06 alpha_mix =  0.300 |ddv_scf|^2 =  1.401E-11

      iter #   9 total cpu time :     4.2 secs   av.it.:   2.9
      thresh= 3.742E-07 alpha_mix =  0.300 |ddv_scf|^2 =  1.397E-12

      iter #  10 total cpu time :     4.3 secs   av.it.:   2.8
      thresh= 1.182E-07 alpha_mix =  0.300 |ddv_scf|^2 =  4.539E-12

      iter #  11 total cpu time :     4.4 secs   av.it.:   2.3
      thresh= 1.182E-07 alpha_mix =  0.300 |ddv_scf|^2 =  6.520E-14

      iter #  12 total cpu time :     4.5 secs   av.it.:   2.8
      thresh= 2.553E-08 alpha_mix =  0.300 |ddv_scf|^2 =  9.032E-14

      iter #  13 total cpu time :     4.6 secs   av.it.:   2.1
      thresh= 2.553E-08 alpha_mix =  0.300 |ddv_scf|^2 =  2.287E-13

      iter #  14 total cpu time :     4.7 secs   av.it.:   2.5
      thresh= 2.553E-08 alpha_mix =  0.300 |ddv_scf|^2 =  2.521E-16

     End of self-consistent calculation

     Convergence has been achieved 


     Representation #   2 modes #   2   3

     Self-consistent Calculation

      iter #   1 total cpu time :     4.9 secs   av.it.:   1.0
      thresh= 1.000E-02 alpha_mix =  0.300 |ddv_scf|^2 =  2.269E-07

      iter #   2 total cpu time :     5.1 secs   av.it.:   2.6
      thresh= 4.764E-05 alpha_mix =  0.300 |ddv_scf|^2 =  1.071E-07

      iter #   3 total cpu time :     5.3 secs   av.it.:   2.8
      thresh= 3.273E-05 alpha_mix =  0.300 |ddv_scf|^2 =  3.409E-10

      iter #   4 total cpu time :     5.4 secs   av.it.:   3.1
      thresh= 1.846E-06 alpha_mix =  0.300 |ddv_scf|^2 =  6.419E-12

      iter #   5 total cpu time :     5.6 secs   av.it.:   2.9
      thresh= 2.534E-07 alpha_mix =  0.300 |ddv_scf|^2 =  6.472E-13

      iter #   6 total cpu time :     5.8 secs   av.it.:   3.0
      thresh= 8.045E-08 alpha_mix =  0.300 |ddv_scf|^2 =  4.431E-15

      iter #   7 total cpu time :     6.0 secs   av.it.:   3.0
      thresh= 6.657E-09 alpha_mix =  0.300 |ddv_scf|^2 =  1.299E-15

      iter #   8 total cpu time :     6.1 secs   av.it.:   2.9
      thresh= 3.605E-09 alpha_mix =  0.300 |ddv_scf|^2 =  8.686E-19

     End of self-consistent calculation

     Convergence has been achieved 
 
     Number of q in the star =    8
     List of q in the star:
          1   0.088388348   0.088388348   0.088388348
          2   0.088388348  -0.088388348   0.088388348
          3  -0.088388348   0.088388348   0.088388348
          4  -0.088388348  -0.088388348  -0.088388348
          5   0.088388348   0.088388348  -0.088388348
          6  -0.088388348  -0.088388348   0.088388348
          7  -0.088388348   0.088388348  -0.088388348
          8   0.088388348  -0.088388348  -0.088388348

     Diagonalizing the dynamical matrix

     q = (    0.088388348   0.088388348   0.088388348 ) 

 **************************************************************************
     freq (    1) =       2.141435 [THz] =      71.430568 [cm-1]
     freq (    2) =       2.141435 [THz] =      71.430568 [cm-1]
     freq (    3) =       3.802459 [THz] =     126.836382 [cm-1]
 **************************************************************************

     Calculation of q =    0.2651650   0.2651650  -0.0883883
     [opt_tetra]  Optimized tetrahedron method is used.
     Message from routine divide_et_impera:
     suboptimal parallelization: some nodes have no k-points
 
     G-vector sticks info
     --------------------
     sticks:   dense  smooth     PW     G-vecs:    dense   smooth      PW
     Sum         559     283    109                 8801     3119     749
 
     Using Slab Decomposition
 

     Title: 
     Phonon                                                                     


     bravais-lattice index     =            0
     lattice parameter (alat)  =       5.3877  a.u.
     unit-cell volume          =     110.5871 (a.u.)^3
     number of atoms/cell      =            1
     number of atomic types    =            1
     number of electrons       =         3.00
     number of Kohn-Sham states=            6
     kinetic-energy cutoff     =      35.0000  Ry
     charge density cutoff     =     280.0000  Ry
     Exchange-correlation= PBE
                           (   1   4   3   4   0   0   0)

     celldm(1)=   5.387739  celldm(2)=   0.000000  celldm(3)=   0.000000
     celldm(4)=   0.000000  celldm(5)=   0.000000  celldm(6)=   0.000000

     crystal axes: (cart. coord. in units of alat)
               a(1) = (   0.000000   0.707107   0.707107 )  
               a(2) = (   0.707107   0.000000   0.707107 )  
               a(3) = (   0.707107   0.707107   0.000000 )  

     reciprocal axes: (cart. coord. in units 2 pi/alat)
               b(1) = ( -0.707107  0.707107  0.707107 )  
               b(2) = (  0.707107 -0.707107  0.707107 )  
               b(3) = (  0.707107  0.707107 -0.707107 )  


     PseudoPot. # 1 for Al read from file:
     ./Al.pbe-n-rrkjus_psl.0.1.UPF
     MD5 check sum: 6479f6627750700cef6db36d98bbe09a
     Pseudo is Ultrasoft + core correction, Zval =  3.0
     Generated using "atomic" code by A. Dal Corso  v.5.0.99 svn rev. 10869
     Using radial grid of 1135 points,  4 beta functions with: 
                l(1) =   0
                l(2) =   0
                l(3) =   1
                l(4) =   1
     Q(r) pseudized with 0 coefficients 


     atomic species   valence    mass     pseudopotential
     Al                3.00    26.98154     Al( 1.00)

     48 Sym. Ops., with inversion, found



   Cartesian axes

     site n.     atom                  positions (alat units)
         1        Al     tau(   1) = (   0.0000000   0.0000000   0.0000000  )

     number of k points=   576 (tetrahedron method)

     Number of k-points >= 100: set verbosity='high' to print them.

     Dense  grid:     8801 G-vectors     FFT dimensions: (  30,  30,  30)

     Smooth grid:     3119 G-vectors     FFT dimensions: (  24,  24,  24)

     Estimated max dynamical RAM per process >       3.98 MB

     Estimated total dynamical RAM >       2.24 GB

     Check: negative core charge=   -0.000003

     The potential is recalculated from file :
     ./_ph0/pwscf.q_2/pwscf.save/charge-density

     Starting wfcs are    4 atomic +    2 random wfcs

     Band Structure Calculation
     Davidson diagonalization with overlap

     ethr =  3.33E-10,  avg # of iterations = 17.6

     total cpu time spent up to now is        1.2 secs

     End of band structure calculation

     Number of k-points >= 100: set verbosity='high' to print the bands.

     the Fermi energy is     7.9299 ev
 
     [dfpt_tetra]  Dos(E_F)[/Ry] :   0.4128430E+01

     Phonon                                                                     

     bravais-lattice index     =            0
     lattice parameter (alat)  =       5.3877  a.u.
     unit-cell volume          =     110.5871 (a.u.)^3
     number of atoms/cell      =            1
     number of atomic types    =            1
     kinetic-energy cut-off    =      35.0000  Ry
     charge density cut-off    =     280.0000  Ry
     convergence threshold     =      1.0E-15
     beta                      =       0.3000
     number of iterations used =            4
     Exchange-correlation= PBE
                           (   1   4   3   4   0   0   0)


     celldm(1)=    5.38774  celldm(2)=    0.00000  celldm(3)=    0.00000
     celldm(4)=    0.00000  celldm(5)=    0.00000  celldm(6)=    0.00000

     crystal axes: (cart. coord. in units of alat)
               a(1) = (  0.0000  0.7071  0.7071 )  
               a(2) = (  0.7071  0.0000  0.7071 )  
               a(3) = (  0.7071  0.7071  0.0000 )  

     reciprocal axes: (cart. coord. in units 2 pi/alat)
               b(1) = ( -0.7071  0.7071  0.7071 )  
               b(2) = (  0.7071 -0.7071  0.7071 )  
               b(3) = (  0.7071  0.7071 -0.7071 )  


     Atoms inside the unit cell: 

     Cartesian axes

     site n.  atom      mass           positions (alat units)
        1  Al     26.9815   tau(    1) = (    0.00000    0.00000    0.00000  )

     Computing dynamical matrix for 
                    q = (   0.2651650   0.2651650  -0.0883883 )
 
      2 Sym.Ops. (no q -> -q+G )


     G cutoff =  205.8787  (   8801 G-vectors)     FFT grid: ( 30, 30, 30)
     G cutoff =  102.9393  (   3119 G-vectors)  smooth grid: ( 24, 24, 24)
     number of k points=   576

     PseudoPot. # 1 for Al read from file:
     ./Al.pbe-n-rrkjus_psl.0.1.UPF
     MD5 check sum: 6479f6627750700cef6db36d98bbe09a
     Pseudo is Ultrasoft + core correction, Zval =  3.0
     Generated using "atomic" code by A. Dal Corso  v.5.0.99 svn rev. 10869
     Using radial grid of 1135 points,  4 beta functions with: 
                l(1) =   0
                l(2) =   0
                l(3) =   1
                l(4) =   1
     Q(r) pseudized with 0 coefficients 



     Atomic displacements:
     There are    3 irreducible representations

     Representation     1      1 modes -  To be done

     Representation     2      1 modes -  To be done

     Representation     3      1 modes -  To be done



     Alpha used in Ewald sum =   2.8000
     PHONON       :      5.49s CPU      7.08s WALL



     Representation #   1 mode #   1

     Self-consistent Calculation

      iter #   1 total cpu time :     7.2 secs   av.it.:   1.8
      thresh= 1.000E-02 alpha_mix =  0.300 |ddv_scf|^2 =  3.802E-04

      iter #   2 total cpu time :     7.2 secs   av.it.:   2.3
      thresh= 1.950E-03 alpha_mix =  0.300 |ddv_scf|^2 =  3.440E-04

      iter #   3 total cpu time :     7.3 secs   av.it.:   2.1
      thresh= 1.855E-03 alpha_mix =  0.300 |ddv_scf|^2 =  2.992E-07

      iter #   4 total cpu time :     7.4 secs   av.it.:   2.8
      thresh= 5.470E-05 alpha_mix =  0.300 |ddv_scf|^2 =  4.625E-08

      iter #   5 total cpu time :     7.5 secs   av.it.:   2.7
      thresh= 2.150E-05 alpha_mix =  0.300 |ddv_scf|^2 =  2.091E-09

      iter #   6 total cpu time :     7.6 secs   av.it.:   2.9
      thresh= 4.572E-06 alpha_mix =  0.300 |ddv_scf|^2 =  3.261E-11

      iter #   7 total cpu time :     7.6 secs   av.it.:   2.9
      thresh= 5.711E-07 alpha_mix =  0.300 |ddv_scf|^2 =  1.618E-11

      iter #   8 total cpu time :     7.7 secs   av.it.:   2.6
      thresh= 4.022E-07 alpha_mix =  0.300 |ddv_scf|^2 =  7.800E-12

      iter #   9 total cpu time :     7.8 secs   av.it.:   2.7
      thresh= 2.793E-07 alpha_mix =  0.300 |ddv_scf|^2 =  4.101E-12

      iter #  10 total cpu time :     7.9 secs   av.it.:   2.7
      thresh= 2.025E-07 alpha_mix =  0.300 |ddv_scf|^2 =  3.052E-14

      iter #  11 total cpu time :     8.0 secs   av.it.:   3.0
      thresh= 1.747E-08 alpha_mix =  0.300 |ddv_scf|^2 =  1.125E-14

      iter #  12 total cpu time :     8.1 secs   av.it.:   2.8
      thresh= 1.061E-08 alpha_mix =  0.300 |ddv_scf|^2 =  1.730E-15

      iter #  13 total cpu time :     8.1 secs   av.it.:   2.8
      thresh= 4.160E-09 alpha_mix =  0.300 |ddv_scf|^2 =  1.717E-16

     End of self-consistent calculation

     Convergence has been achieved 


     Representation #   2 mode #   2

     Self-consistent Calculation

      iter #   1 total cpu time :     8.2 secs   av.it.:   1.6
      thresh= 1.000E-02 alpha_mix =  0.300 |ddv_scf|^2 =  1.001E-04

      iter #   2 total cpu time :     8.3 secs   av.it.:   2.3
      thresh= 1.001E-03 alpha_mix =  0.300 |ddv_scf|^2 =  9.040E-05

      iter #   3 total cpu time :     8.4 secs   av.it.:   2.1
      thresh= 9.508E-04 alpha_mix =  0.300 |ddv_scf|^2 =  2.846E-07

      iter #   4 total cpu time :     8.5 secs   av.it.:   2.8
      thresh= 5.335E-05 alpha_mix =  0.300 |ddv_scf|^2 =  8.998E-09

      iter #   5 total cpu time :     8.6 secs   av.it.:   2.8
      thresh= 9.486E-06 alpha_mix =  0.300 |ddv_scf|^2 =  2.360E-10

      iter #   6 total cpu time :     8.7 secs   av.it.:   3.0
      thresh= 1.536E-06 alpha_mix =  0.300 |ddv_scf|^2 =  1.045E-11

      iter #   7 total cpu time :     8.7 secs   av.it.:   2.9
      thresh= 3.232E-07 alpha_mix =  0.300 |ddv_scf|^2 =  4.146E-12

      iter #   8 total cpu time :     8.8 secs   av.it.:   2.7
      thresh= 2.036E-07 alpha_mix =  0.300 |ddv_scf|^2 =  7.067E-13

      iter #   9 total cpu time :     8.9 secs   av.it.:   2.8
      thresh= 8.406E-08 alpha_mix =  0.300 |ddv_scf|^2 =  3.277E-13

      iter #  10 total cpu time :     9.0 secs   av.it.:   2.5
      thresh= 5.724E-08 alpha_mix =  0.300 |ddv_scf|^2 =  2.925E-14

      iter #  11 total cpu time :     9.1 secs   av.it.:   2.9
      thresh= 1.710E-08 alpha_mix =  0.300 |ddv_scf|^2 =  4.841E-15

      iter #  12 total cpu time :     9.1 secs   av.it.:   2.8
      thresh= 6.958E-09 alpha_mix =  0.300 |ddv_scf|^2 =  1.451E-15

      iter #  13 total cpu time :     9.2 secs   av.it.:   2.8
      thresh= 3.809E-09 alpha_mix =  0.300 |ddv_scf|^2 =  1.606E-16

     End of self-consistent calculation

     Convergence has been achieved 


     Representation #   3 mode #   3

     Self-consistent Calculation

      iter #   1 total cpu time :     9.3 secs   av.it.:   1.0
      thresh= 1.000E-02 alpha_mix =  0.300 |ddv_scf|^2 =  8.792E-07

      iter #   2 total cpu time :     9.4 secs   av.it.:   2.5
      thresh= 9.377E-05 alpha_mix =  0.300 |ddv_scf|^2 =  4.156E-07

      iter #   3 total cpu time :     9.5 secs   av.it.:   2.6
      thresh= 6.446E-05 alpha_mix =  0.300 |ddv_scf|^2 =  1.459E-09

      iter #   4 total cpu time :     9.6 secs   av.it.:   2.9
      thresh= 3.819E-06 alpha_mix =  0.300 |ddv_scf|^2 =  2.527E-11

      iter #   5 total cpu time :     9.7 secs   av.it.:   2.8
      thresh= 5.027E-07 alpha_mix =  0.300 |ddv_scf|^2 =  3.223E-12

      iter #   6 total cpu time :     9.7 secs   av.it.:   2.8
      thresh= 1.795E-07 alpha_mix =  0.300 |ddv_scf|^2 =  1.273E-14

      iter #   7 total cpu time :     9.8 secs   av.it.:   2.9
      thresh= 1.128E-08 alpha_mix =  0.300 |ddv_scf|^2 =  4.221E-15

      iter #   8 total cpu time :     9.9 secs   av.it.:   2.7
      thresh= 6.497E-09 alpha_mix =  0.300 |ddv_scf|^2 =  1.305E-17

     End of self-consistent calculation

     Convergence has been achieved 
 
     Number of q in the star =   24
     List of q in the star:
          1   0.265165043   0.265165043  -0.088388348
          2  -0.088388348   0.265165043   0.265165043
          3   0.265165043  -0.088388348   0.265165043
          4   0.265165043  -0.265165043  -0.088388348
          5  -0.265165043   0.265165043  -0.088388348
          6  -0.088388348  -0.265165043   0.265165043
          7   0.088388348  -0.265165043  -0.265165043
          8  -0.088388348   0.265165043  -0.265165043
          9   0.088388348   0.265165043   0.265165043
         10  -0.265165043  -0.088388348   0.265165043
         11  -0.265165043   0.088388348  -0.265165043
         12   0.265165043  -0.088388348  -0.265165043
         13   0.265165043   0.088388348   0.265165043
         14  -0.265165043  -0.265165043  -0.088388348
         15  -0.265165043  -0.088388348  -0.265165043
         16   0.265165043   0.088388348  -0.265165043
         17  -0.265165043   0.088388348   0.265165043
         18  -0.265165043   0.265165043   0.088388348
         19  -0.088388348  -0.265165043  -0.265165043
         20   0.088388348  -0.265165043   0.265165043
         21   0.088388348   0.265165043  -0.265165043
         22  -0.265165043  -0.265165043   0.088388348
         23   0.265165043   0.265165043   0.088388348
         24   0.265165043  -0.265165043   0.088388348

     Diagonalizing the dynamical matrix

     q = (    0.265165043   0.265165043  -0.088388348 ) 

 **************************************************************************
     freq (    1) =       4.077155 [THz] =     135.999237 [cm-1]
     freq (    2) =       4.823936 [THz] =     160.909190 [cm-1]
     freq (    3) =       7.812954 [THz] =     260.612084 [cm-1]
 **************************************************************************

     Calculation of q =   -0.2651650  -0.2651650   0.4419417
     [opt_tetra]  Optimized tetrahedron method is used.
     Message from routine divide_et_impera:
     suboptimal parallelization: some nodes have no k-points
 
     G-vector sticks info
     --------------------
     sticks:   dense  smooth     PW     G-vecs:    dense   smooth      PW
     Sum         559     283    121                 8801     3119     869
 
     Using Slab Decomposition
 

     Title: 
     Phonon                                                                     


     bravais-lattice index     =            0
     lattice parameter (alat)  =       5.3877  a.u.
     unit-cell volume          =     110.5871 (a.u.)^3
     number of atoms/cell      =            1
     number of atomic types    =            1
     number of electrons       =         3.00
     number of Kohn-Sham states=            6
     kinetic-energy cutoff     =      35.0000  Ry
     charge density cutoff     =     280.0000  Ry
     Exchange-correlation= PBE
                           (   1   4   3   4   0   0   0)

     celldm(1)=   5.387739  celldm(2)=   0.000000  celldm(3)=   0.000000
     celldm(4)=   0.000000  celldm(5)=   0.000000  celldm(6)=   0.000000

     crystal axes: (cart. coord. in units of alat)
               a(1) = (   0.000000   0.707107   0.707107 )  
               a(2) = (   0.707107   0.000000   0.707107 )  
               a(3) = (   0.707107   0.707107   0.000000 )  

     reciprocal axes: (cart. coord. in units 2 pi/alat)
               b(1) = ( -0.707107  0.707107  0.707107 )  
               b(2) = (  0.707107 -0.707107  0.707107 )  
               b(3) = (  0.707107  0.707107 -0.707107 )  


     PseudoPot. # 1 for Al read from file:
     ./Al.pbe-n-rrkjus_psl.0.1.UPF
     MD5 check sum: 6479f6627750700cef6db36d98bbe09a
     Pseudo is Ultrasoft + core correction, Zval =  3.0
     Generated using "atomic" code by A. Dal Corso  v.5.0.99 svn rev. 10869
     Using radial grid of 1135 points,  4 beta functions with: 
                l(1) =   0
                l(2) =   0
                l(3) =   1
                l(4) =   1
     Q(r) pseudized with 0 coefficients 


     atomic species   valence    mass     pseudopotential
     Al                3.00    26.98154     Al( 1.00)

     48 Sym. Ops., with inversion, found



   Cartesian axes

     site n.     atom                  positions (alat units)
         1        Al     tau(   1) = (   0.0000000   0.0000000   0.0000000  )

     number of k points=   576 (tetrahedron method)

     Number of k-points >= 100: set verbosity='high' to print them.

     Dense  grid:     8801 G-vectors     FFT dimensions: (  30,  30,  30)

     Smooth grid:     3119 G-vectors     FFT dimensions: (  24,  24,  24)

     Estimated max dynamical RAM per process >       3.99 MB

     Estimated total dynamical RAM >       2.24 GB

     Check: negative core charge=   -0.000003

     The potential is recalculated from file :
     ./_ph0/pwscf.q_3/pwscf.save/charge-density

     Starting wfcs are    4 atomic +    2 random wfcs

     Band Structure Calculation
     Davidson diagonalization with overlap

     ethr =  3.33E-10,  avg # of iterations = 17.8

     total cpu time spent up to now is        1.7 secs

     End of band structure calculation

     Number of k-points >= 100: set verbosity='high' to print the bands.

     the Fermi energy is     7.9299 ev
 
     [dfpt_tetra]  Dos(E_F)[/Ry] :   0.4128430E+01

     Phonon                                                                     

     bravais-lattice index     =            0
     lattice parameter (alat)  =       5.3877  a.u.
     unit-cell volume          =     110.5871 (a.u.)^3
     number of atoms/cell      =            1
     number of atomic types    =            1
     kinetic-energy cut-off    =      35.0000  Ry
     charge density cut-off    =     280.0000  Ry
     convergence threshold     =      1.0E-15
     beta                      =       0.3000
     number of iterations used =            4
     Exchange-correlation= PBE
                           (   1   4   3   4   0   0   0)


     celldm(1)=    5.38774  celldm(2)=    0.00000  celldm(3)=    0.00000
     celldm(4)=    0.00000  celldm(5)=    0.00000  celldm(6)=    0.00000

     crystal axes: (cart. coord. in units of alat)
               a(1) = (  0.0000  0.7071  0.7071 )  
               a(2) = (  0.7071  0.0000  0.7071 )  
               a(3) = (  0.7071  0.7071  0.0000 )  

     reciprocal axes: (cart. coord. in units 2 pi/alat)
               b(1) = ( -0.7071  0.7071  0.7071 )  
               b(2) = (  0.7071 -0.7071  0.7071 )  
               b(3) = (  0.7071  0.7071 -0.7071 )  


     Atoms inside the unit cell: 

     Cartesian axes

     site n.  atom      mass           positions (alat units)
        1  Al     26.9815   tau(    1) = (    0.00000    0.00000    0.00000  )

     Computing dynamical matrix for 
                    q = (  -0.2651650  -0.2651650   0.4419417 )
 
      2 Sym.Ops. (no q -> -q+G )


     G cutoff =  205.8787  (   8801 G-vectors)     FFT grid: ( 30, 30, 30)
     G cutoff =  102.9393  (   3119 G-vectors)  smooth grid: ( 24, 24, 24)
     number of k points=   576

     PseudoPot. # 1 for Al read from file:
     ./Al.pbe-n-rrkjus_psl.0.1.UPF
     MD5 check sum: 6479f6627750700cef6db36d98bbe09a
     Pseudo is Ultrasoft + core correction, Zval =  3.0
     Generated using "atomic" code by A. Dal Corso  v.5.0.99 svn rev. 10869
     Using radial grid of 1135 points,  4 beta functions with: 
                l(1) =   0
                l(2) =   0
                l(3) =   1
                l(4) =   1
     Q(r) pseudized with 0 coefficients 



     Atomic displacements:
     There are    3 irreducible representations

     Representation     1      1 modes -  To be done

     Representation     2      1 modes -  To be done

     Representation     3      1 modes -  To be done



     Alpha used in Ewald sum =   2.8000
     PHONON       :      8.76s CPU     10.80s WALL



     Representation #   1 mode #   1

     Self-consistent Calculation

      iter #   1 total cpu time :    10.9 secs   av.it.:   1.9
      thresh= 1.000E-02 alpha_mix =  0.300 |ddv_scf|^2 =  2.550E-05

      iter #   2 total cpu time :    11.0 secs   av.it.:   2.5
      thresh= 5.050E-04 alpha_mix =  0.300 |ddv_scf|^2 =  7.129E-07

      iter #   3 total cpu time :    11.0 secs   av.it.:   2.6
      thresh= 8.443E-05 alpha_mix =  0.300 |ddv_scf|^2 =  1.973E-07

      iter #   4 total cpu time :    11.1 secs   av.it.:   2.6
      thresh= 4.441E-05 alpha_mix =  0.300 |ddv_scf|^2 =  4.639E-08

      iter #   5 total cpu time :    11.2 secs   av.it.:   2.7
      thresh= 2.154E-05 alpha_mix =  0.300 |ddv_scf|^2 =  4.815E-11

      iter #   6 total cpu time :    11.3 secs   av.it.:   3.0
      thresh= 6.939E-07 alpha_mix =  0.300 |ddv_scf|^2 =  1.458E-11

      iter #   7 total cpu time :    11.4 secs   av.it.:   2.7
      thresh= 3.818E-07 alpha_mix =  0.300 |ddv_scf|^2 =  3.408E-14

      iter #   8 total cpu time :    11.5 secs   av.it.:   3.1
      thresh= 1.846E-08 alpha_mix =  0.300 |ddv_scf|^2 =  1.202E-14

      iter #   9 total cpu time :    11.5 secs   av.it.:   2.8
      thresh= 1.096E-08 alpha_mix =  0.300 |ddv_scf|^2 =  2.602E-16

     End of self-consistent calculation

     Convergence has been achieved 


     Representation #   2 mode #   2

     Self-consistent Calculation

      iter #   1 total cpu time :    11.6 secs   av.it.:   1.4
      thresh= 1.000E-02 alpha_mix =  0.300 |ddv_scf|^2 =  1.845E-06

      iter #   2 total cpu time :    11.7 secs   av.it.:   2.6
      thresh= 1.358E-04 alpha_mix =  0.300 |ddv_scf|^2 =  4.214E-07

      iter #   3 total cpu time :    11.8 secs   av.it.:   2.5
      thresh= 6.492E-05 alpha_mix =  0.300 |ddv_scf|^2 =  1.466E-07

      iter #   4 total cpu time :    11.9 secs   av.it.:   2.7
      thresh= 3.829E-05 alpha_mix =  0.300 |ddv_scf|^2 =  4.807E-09

      iter #   5 total cpu time :    12.0 secs   av.it.:   2.9
      thresh= 6.933E-06 alpha_mix =  0.300 |ddv_scf|^2 =  1.116E-10

      iter #   6 total cpu time :    12.1 secs   av.it.:   2.9
      thresh= 1.057E-06 alpha_mix =  0.300 |ddv_scf|^2 =  2.582E-12

      iter #   7 total cpu time :    12.1 secs   av.it.:   3.0
      thresh= 1.607E-07 alpha_mix =  0.300 |ddv_scf|^2 =  5.396E-13

      iter #   8 total cpu time :    12.2 secs   av.it.:   2.8
      thresh= 7.346E-08 alpha_mix =  0.300 |ddv_scf|^2 =  8.364E-15

      iter #   9 total cpu time :    12.3 secs   av.it.:   2.9
      thresh= 9.146E-09 alpha_mix =  0.300 |ddv_scf|^2 =  2.784E-15

      iter #  10 total cpu time :    12.4 secs   av.it.:   2.8
      thresh= 5.277E-09 alpha_mix =  0.300 |ddv_scf|^2 =  3.056E-17

     End of self-consistent calculation

     Convergence has been achieved 


     Representation #   3 mode #   3

     Self-consistent Calculation

      iter #   1 total cpu time :    12.5 secs   av.it.:   1.1
      thresh= 1.000E-02 alpha_mix =  0.300 |ddv_scf|^2 =  8.258E-07

      iter #   2 total cpu time :    12.6 secs   av.it.:   2.5
      thresh= 9.088E-05 alpha_mix =  0.300 |ddv_scf|^2 =  3.950E-07

      iter #   3 total cpu time :    12.7 secs   av.it.:   2.6
      thresh= 6.285E-05 alpha_mix =  0.300 |ddv_scf|^2 =  1.181E-09

      iter #   4 total cpu time :    12.7 secs   av.it.:   2.9
      thresh= 3.437E-06 alpha_mix =  0.300 |ddv_scf|^2 =  3.146E-11

      iter #   5 total cpu time :    12.8 secs   av.it.:   2.8
      thresh= 5.609E-07 alpha_mix =  0.300 |ddv_scf|^2 =  5.632E-12

      iter #   6 total cpu time :    12.9 secs   av.it.:   2.8
      thresh= 2.373E-07 alpha_mix =  0.300 |ddv_scf|^2 =  4.319E-14

      iter #   7 total cpu time :    13.0 secs   av.it.:   2.9
      thresh= 2.078E-08 alpha_mix =  0.300 |ddv_scf|^2 =  6.236E-15

      iter #   8 total cpu time :    13.1 secs   av.it.:   2.8
      thresh= 7.897E-09 alpha_mix =  0.300 |ddv_scf|^2 =  8.892E-18

     End of self-consistent calculation

     Convergence has been achieved 
 
     Number of q in the star =   24
     List of q in the star:
          1  -0.265165043  -0.265165043   0.441941738
          2   0.441941738  -0.265165043  -0.265165043
          3  -0.265165043   0.441941738  -0.265165043
          4  -0.265165043   0.265165043   0.441941738
          5   0.265165043  -0.265165043   0.441941738
          6   0.441941738   0.265165043  -0.265165043
          7  -0.441941738   0.265165043   0.265165043
          8   0.441941738  -0.265165043   0.265165043
          9  -0.441941738  -0.265165043  -0.265165043
         10   0.265165043   0.441941738  -0.265165043
         11   0.265165043  -0.441941738   0.265165043
         12  -0.265165043   0.441941738   0.265165043
         13  -0.265165043  -0.441941738  -0.265165043
         14   0.265165043   0.265165043   0.441941738
         15   0.265165043   0.441941738   0.265165043
         16  -0.265165043  -0.441941738   0.265165043
         17   0.265165043  -0.441941738  -0.265165043
         18   0.265165043  -0.265165043  -0.441941738
         19   0.441941738   0.265165043   0.265165043
         20  -0.441941738   0.265165043  -0.265165043
         21  -0.441941738  -0.265165043   0.265165043
         22   0.265165043   0.265165043  -0.441941738
         23  -0.265165043  -0.265165043  -0.441941738
         24  -0.265165043   0.265165043  -0.441941738

     Diagonalizing the dynamical matrix

     q = (   -0.265165043  -0.265165043   0.441941738 ) 

 **************************************************************************
     freq (    1) =       4.679433 [THz] =     156.089075 [cm-1]
     freq (    2) =       5.531881 [THz] =     184.523702 [cm-1]
     freq (    3) =       9.518671 [THz] =     317.508705 [cm-1]
 **************************************************************************

     Calculation of q =   -0.0883883  -0.0883883   0.2651650
     [opt_tetra]  Optimized tetrahedron method is used.
     Message from routine divide_et_impera:
     suboptimal parallelization: some nodes have no k-points
 
     G-vector sticks info
     --------------------
     sticks:   dense  smooth     PW     G-vecs:    dense   smooth      PW
     Sum         559     283    109                 8801     3119     725
 
     Using Slab Decomposition
 

     Title: 
     Phonon                                                                     


     bravais-lattice index     =            0
     lattice parameter (alat)  =       5.3877  a.u.
     unit-cell volume          =     110.5871 (a.u.)^3
     number of atoms/cell      =            1
     number of atomic types    =            1
     number of electrons       =         3.00
     number of Kohn-Sham states=            6
     kinetic-energy cutoff     =      35.0000  Ry
     charge density cutoff     =     280.0000  Ry
     Exchange-correlation= PBE
                           (   1   4   3   4   0   0   0)

     celldm(1)=   5.387739  celldm(2)=   0.000000  celldm(3)=   0.000000
     celldm(4)=   0.000000  celldm(5)=   0.000000  celldm(6)=   0.000000

     crystal axes: (cart. coord. in units of alat)
               a(1) = (   0.000000   0.707107   0.707107 )  
               a(2) = (   0.707107   0.000000   0.707107 )  
               a(3) = (   0.707107   0.707107   0.000000 )  

     reciprocal axes: (cart. coord. in units 2 pi/alat)
               b(1) = ( -0.707107  0.707107  0.707107 )  
               b(2) = (  0.707107 -0.707107  0.707107 )  
               b(3) = (  0.707107  0.707107 -0.707107 )  


     PseudoPot. # 1 for Al read from file:
     ./Al.pbe-n-rrkjus_psl.0.1.UPF
     MD5 check sum: 6479f6627750700cef6db36d98bbe09a
     Pseudo is Ultrasoft + core correction, Zval =  3.0
     Generated using "atomic" code by A. Dal Corso  v.5.0.99 svn rev. 10869
     Using radial grid of 1135 points,  4 beta functions with: 
                l(1) =   0
                l(2) =   0
                l(3) =   1
                l(4) =   1
     Q(r) pseudized with 0 coefficients 


     atomic species   valence    mass     pseudopotential
     Al                3.00    26.98154     Al( 1.00)

     48 Sym. Ops., with inversion, found



   Cartesian axes

     site n.     atom                  positions (alat units)
         1        Al     tau(   1) = (   0.0000000   0.0000000   0.0000000  )

     number of k points=   576 (tetrahedron method)

     Number of k-points >= 100: set verbosity='high' to print them.

     Dense  grid:     8801 G-vectors     FFT dimensions: (  30,  30,  30)

     Smooth grid:     3119 G-vectors     FFT dimensions: (  24,  24,  24)

     Estimated max dynamical RAM per process >       3.98 MB

     Estimated total dynamical RAM >       2.24 GB

     Check: negative core charge=   -0.000003

     The potential is recalculated from file :
     ./_ph0/pwscf.q_4/pwscf.save/charge-density

     Starting wfcs are    4 atomic +    2 random wfcs

     Band Structure Calculation
     Davidson diagonalization with overlap

     ethr =  3.33E-10,  avg # of iterations = 17.7

     total cpu time spent up to now is        2.2 secs

     End of band structure calculation

     Number of k-points >= 100: set verbosity='high' to print the bands.

     the Fermi energy is     7.9299 ev
 
     [dfpt_tetra]  Dos(E_F)[/Ry] :   0.4128430E+01

     Phonon                                                                     

     bravais-lattice index     =            0
     lattice parameter (alat)  =       5.3877  a.u.
     unit-cell volume          =     110.5871 (a.u.)^3
     number of atoms/cell      =            1
     number of atomic types    =            1
     kinetic-energy cut-off    =      35.0000  Ry
     charge density cut-off    =     280.0000  Ry
     convergence threshold     =      1.0E-15
     beta                      =       0.3000
     number of iterations used =            4
     Exchange-correlation= PBE
                           (   1   4   3   4   0   0   0)


     celldm(1)=    5.38774  celldm(2)=    0.00000  celldm(3)=    0.00000
     celldm(4)=    0.00000  celldm(5)=    0.00000  celldm(6)=    0.00000

     crystal axes: (cart. coord. in units of alat)
               a(1) = (  0.0000  0.7071  0.7071 )  
               a(2) = (  0.7071  0.0000  0.7071 )  
               a(3) = (  0.7071  0.7071  0.0000 )  

     reciprocal axes: (cart. coord. in units 2 pi/alat)
               b(1) = ( -0.7071  0.7071  0.7071 )  
               b(2) = (  0.7071 -0.7071  0.7071 )  
               b(3) = (  0.7071  0.7071 -0.7071 )  


     Atoms inside the unit cell: 

     Cartesian axes

     site n.  atom      mass           positions (alat units)
        1  Al     26.9815   tau(    1) = (    0.00000    0.00000    0.00000  )

     Computing dynamical matrix for 
                    q = (  -0.0883883  -0.0883883   0.2651650 )
 
      2 Sym.Ops. (no q -> -q+G )


     G cutoff =  205.8787  (   8801 G-vectors)     FFT grid: ( 30, 30, 30)
     G cutoff =  102.9393  (   3119 G-vectors)  smooth grid: ( 24, 24, 24)
     number of k points=   576

     PseudoPot. # 1 for Al read from file:
     ./Al.pbe-n-rrkjus_psl.0.1.UPF
     MD5 check sum: 6479f6627750700cef6db36d98bbe09a
     Pseudo is Ultrasoft + core correction, Zval =  3.0
     Generated using "atomic" code by A. Dal Corso  v.5.0.99 svn rev. 10869
     Using radial grid of 1135 points,  4 beta functions with: 
                l(1) =   0
                l(2) =   0
                l(3) =   1
                l(4) =   1
     Q(r) pseudized with 0 coefficients 



     Atomic displacements:
     There are    3 irreducible representations

     Representation     1      1 modes -  To be done

     Representation     2      1 modes -  To be done

     Representation     3      1 modes -  To be done



     Alpha used in Ewald sum =   2.8000
     PHONON       :     11.48s CPU     13.94s WALL



     Representation #   1 mode #   1

     Self-consistent Calculation

      iter #   1 total cpu time :    14.0 secs   av.it.:   1.8
      thresh= 1.000E-02 alpha_mix =  0.300 |ddv_scf|^2 =  2.447E-03

      iter #   2 total cpu time :    14.1 secs   av.it.:   2.3
      thresh= 4.947E-03 alpha_mix =  0.300 |ddv_scf|^2 =  1.200E-02

      iter #   3 total cpu time :    14.2 secs   av.it.:   2.2
      thresh= 4.947E-03 alpha_mix =  0.300 |ddv_scf|^2 =  3.284E-07

      iter #   4 total cpu time :    14.3 secs   av.it.:   2.8
      thresh= 5.731E-05 alpha_mix =  0.300 |ddv_scf|^2 =  1.514E-07

      iter #   5 total cpu time :    14.3 secs   av.it.:   2.6
      thresh= 3.891E-05 alpha_mix =  0.300 |ddv_scf|^2 =  4.027E-10

      iter #   6 total cpu time :    14.4 secs   av.it.:   3.0
      thresh= 2.007E-06 alpha_mix =  0.300 |ddv_scf|^2 =  4.676E-10

      iter #   7 total cpu time :    14.5 secs   av.it.:   2.6
      thresh= 2.007E-06 alpha_mix =  0.300 |ddv_scf|^2 =  3.108E-11

      iter #   8 total cpu time :    14.6 secs   av.it.:   2.8
      thresh= 5.575E-07 alpha_mix =  0.300 |ddv_scf|^2 =  1.881E-12

      iter #   9 total cpu time :    14.7 secs   av.it.:   2.7
      thresh= 1.372E-07 alpha_mix =  0.300 |ddv_scf|^2 =  7.814E-13

      iter #  10 total cpu time :    14.8 secs   av.it.:   2.8
      thresh= 8.840E-08 alpha_mix =  0.300 |ddv_scf|^2 =  1.128E-14

      iter #  11 total cpu time :    14.8 secs   av.it.:   3.0
      thresh= 1.062E-08 alpha_mix =  0.300 |ddv_scf|^2 =  4.731E-15

      iter #  12 total cpu time :    14.9 secs   av.it.:   2.8
      thresh= 6.878E-09 alpha_mix =  0.300 |ddv_scf|^2 =  1.164E-14

      iter #  13 total cpu time :    15.0 secs   av.it.:   2.7
      thresh= 6.878E-09 alpha_mix =  0.300 |ddv_scf|^2 =  5.641E-16

     End of self-consistent calculation

     Convergence has been achieved 


     Representation #   2 mode #   2

     Self-consistent Calculation

      iter #   1 total cpu time :    15.1 secs   av.it.:   1.6
      thresh= 1.000E-02 alpha_mix =  0.300 |ddv_scf|^2 =  4.983E-04

      iter #   2 total cpu time :    15.2 secs   av.it.:   2.4
      thresh= 2.232E-03 alpha_mix =  0.300 |ddv_scf|^2 =  2.439E-03

      iter #   3 total cpu time :    15.3 secs   av.it.:   2.2
      thresh= 2.232E-03 alpha_mix =  0.300 |ddv_scf|^2 =  3.405E-07

      iter #   4 total cpu time :    15.4 secs   av.it.:   2.7
      thresh= 5.836E-05 alpha_mix =  0.300 |ddv_scf|^2 =  1.244E-07

      iter #   5 total cpu time :    15.4 secs   av.it.:   2.7
      thresh= 3.527E-05 alpha_mix =  0.300 |ddv_scf|^2 =  4.972E-10

      iter #   6 total cpu time :    15.5 secs   av.it.:   3.1
      thresh= 2.230E-06 alpha_mix =  0.300 |ddv_scf|^2 =  4.220E-10

      iter #   7 total cpu time :    15.6 secs   av.it.:   2.3
      thresh= 2.054E-06 alpha_mix =  0.300 |ddv_scf|^2 =  1.573E-11

      iter #   8 total cpu time :    15.7 secs   av.it.:   2.8
      thresh= 3.966E-07 alpha_mix =  0.300 |ddv_scf|^2 =  1.709E-12

      iter #   9 total cpu time :    15.8 secs   av.it.:   2.8
      thresh= 1.307E-07 alpha_mix =  0.300 |ddv_scf|^2 =  2.543E-12

      iter #  10 total cpu time :    15.9 secs   av.it.:   2.6
      thresh= 1.307E-07 alpha_mix =  0.300 |ddv_scf|^2 =  1.347E-14

      iter #  11 total cpu time :    15.9 secs   av.it.:   2.9
      thresh= 1.161E-08 alpha_mix =  0.300 |ddv_scf|^2 =  5.549E-15

      iter #  12 total cpu time :    16.0 secs   av.it.:   2.7
      thresh= 7.449E-09 alpha_mix =  0.300 |ddv_scf|^2 =  1.803E-16

     End of self-consistent calculation

     Convergence has been achieved 


     Representation #   3 mode #   3

     Self-consistent Calculation

      iter #   1 total cpu time :    16.1 secs   av.it.:   1.1
      thresh= 1.000E-02 alpha_mix =  0.300 |ddv_scf|^2 =  8.584E-07

      iter #   2 total cpu time :    16.2 secs   av.it.:   2.5
      thresh= 9.265E-05 alpha_mix =  0.300 |ddv_scf|^2 =  4.095E-07

      iter #   3 total cpu time :    16.3 secs   av.it.:   2.6
      thresh= 6.400E-05 alpha_mix =  0.300 |ddv_scf|^2 =  1.129E-09

      iter #   4 total cpu time :    16.4 secs   av.it.:   2.9
      thresh= 3.361E-06 alpha_mix =  0.300 |ddv_scf|^2 =  3.801E-11

      iter #   5 total cpu time :    16.5 secs   av.it.:   2.8
      thresh= 6.165E-07 alpha_mix =  0.300 |ddv_scf|^2 =  6.637E-12

      iter #   6 total cpu time :    16.5 secs   av.it.:   2.8
      thresh= 2.576E-07 alpha_mix =  0.300 |ddv_scf|^2 =  1.792E-14

      iter #   7 total cpu time :    16.6 secs   av.it.:   3.0
      thresh= 1.339E-08 alpha_mix =  0.300 |ddv_scf|^2 =  5.746E-15

      iter #   8 total cpu time :    16.7 secs   av.it.:   2.7
      thresh= 7.580E-09 alpha_mix =  0.300 |ddv_scf|^2 =  6.319E-18

     End of self-consistent calculation

     Convergence has been achieved 
 
     Number of q in the star =   24
     List of q in the star:
          1  -0.088388348  -0.088388348   0.265165043
          2   0.265165043  -0.088388348  -0.088388348
          3  -0.088388348   0.265165043  -0.088388348
          4  -0.088388348   0.088388348   0.265165043
          5   0.088388348  -0.088388348   0.265165043
          6   0.265165043   0.088388348  -0.088388348
          7  -0.265165043   0.088388348   0.088388348
          8   0.265165043  -0.088388348   0.088388348
          9  -0.265165043  -0.088388348  -0.088388348
         10   0.088388348   0.265165043  -0.088388348
         11   0.088388348  -0.265165043   0.088388348
         12  -0.088388348   0.265165043   0.088388348
         13  -0.088388348  -0.265165043  -0.088388348
         14   0.088388348   0.088388348   0.265165043
         15   0.088388348   0.265165043   0.088388348
         16  -0.088388348  -0.265165043   0.088388348
         17   0.088388348  -0.265165043  -0.088388348
         18   0.088388348  -0.088388348  -0.265165043
         19   0.265165043   0.088388348   0.088388348
         20  -0.265165043   0.088388348  -0.088388348
         21  -0.265165043  -0.088388348   0.088388348
         22   0.088388348   0.088388348  -0.265165043
         23  -0.088388348  -0.088388348  -0.265165043
         24  -0.088388348   0.088388348  -0.265165043

     Diagonalizing the dynamical matrix

     q = (   -0.088388348  -0.088388348   0.265165043 ) 

 **************************************************************************
     freq (    1) =       3.599977 [THz] =     120.082317 [cm-1]
     freq (    2) =       3.722447 [THz] =     124.167472 [cm-1]
     freq (    3) =       6.422947 [THz] =     214.246447 [cm-1]
 **************************************************************************

     Calculation of q =    0.4419417   0.0883883   0.0883883
     [opt_tetra]  Optimized tetrahedron method is used.
     Message from routine divide_et_impera:
     suboptimal parallelization: some nodes have no k-points
 
     G-vector sticks info
     --------------------
     sticks:   dense  smooth     PW     G-vecs:    dense   smooth      PW
     Sum         559     283    109                 8801     3119     749
 
     Using Slab Decomposition
 

     Title: 
     Phonon                                                                     


     bravais-lattice index     =            0
     lattice parameter (alat)  =       5.3877  a.u.
     unit-cell volume          =     110.5871 (a.u.)^3
     number of atoms/cell      =            1
     number of atomic types    =            1
     number of electrons       =         3.00
     number of Kohn-Sham states=            6
     kinetic-energy cutoff     =      35.0000  Ry
     charge density cutoff     =     280.0000  Ry
     Exchange-correlation= PBE
                           (   1   4   3   4   0   0   0)

     celldm(1)=   5.387739  celldm(2)=   0.000000  celldm(3)=   0.000000
     celldm(4)=   0.000000  celldm(5)=   0.000000  celldm(6)=   0.000000

     crystal axes: (cart. coord. in units of alat)
               a(1) = (   0.000000   0.707107   0.707107 )  
               a(2) = (   0.707107   0.000000   0.707107 )  
               a(3) = (   0.707107   0.707107   0.000000 )  

     reciprocal axes: (cart. coord. in units 2 pi/alat)
               b(1) = ( -0.707107  0.707107  0.707107 )  
               b(2) = (  0.707107 -0.707107  0.707107 )  
               b(3) = (  0.707107  0.707107 -0.707107 )  


     PseudoPot. # 1 for Al read from file:
     ./Al.pbe-n-rrkjus_psl.0.1.UPF
     MD5 check sum: 6479f6627750700cef6db36d98bbe09a
     Pseudo is Ultrasoft + core correction, Zval =  3.0
     Generated using "atomic" code by A. Dal Corso  v.5.0.99 svn rev. 10869
     Using radial grid of 1135 points,  4 beta functions with: 
                l(1) =   0
                l(2) =   0
                l(3) =   1
                l(4) =   1
     Q(r) pseudized with 0 coefficients 


     atomic species   valence    mass     pseudopotential
     Al                3.00    26.98154     Al( 1.00)

     48 Sym. Ops., with inversion, found



   Cartesian axes

     site n.     atom                  positions (alat units)
         1        Al     tau(   1) = (   0.0000000   0.0000000   0.0000000  )

     number of k points=   576 (tetrahedron method)

     Number of k-points >= 100: set verbosity='high' to print them.

     Dense  grid:     8801 G-vectors     FFT dimensions: (  30,  30,  30)

     Smooth grid:     3119 G-vectors     FFT dimensions: (  24,  24,  24)

     Estimated max dynamical RAM per process >       3.98 MB

     Estimated total dynamical RAM >       2.24 GB

     Check: negative core charge=   -0.000003

     The potential is recalculated from file :
     ./_ph0/pwscf.q_5/pwscf.save/charge-density

     Starting wfcs are    4 atomic +    2 random wfcs

     Band Structure Calculation
     Davidson diagonalization with overlap

     ethr =  3.33E-10,  avg # of iterations = 17.6

     total cpu time spent up to now is        2.6 secs

     End of band structure calculation

     Number of k-points >= 100: set verbosity='high' to print the bands.

     the Fermi energy is     7.9299 ev
 
     [dfpt_tetra]  Dos(E_F)[/Ry] :   0.4128430E+01

     Phonon                                                                     

     bravais-lattice index     =            0
     lattice parameter (alat)  =       5.3877  a.u.
     unit-cell volume          =     110.5871 (a.u.)^3
     number of atoms/cell      =            1
     number of atomic types    =            1
     kinetic-energy cut-off    =      35.0000  Ry
     charge density cut-off    =     280.0000  Ry
     convergence threshold     =      1.0E-15
     beta                      =       0.3000
     number of iterations used =            4
     Exchange-correlation= PBE
                           (   1   4   3   4   0   0   0)


     celldm(1)=    5.38774  celldm(2)=    0.00000  celldm(3)=    0.00000
     celldm(4)=    0.00000  celldm(5)=    0.00000  celldm(6)=    0.00000

     crystal axes: (cart. coord. in units of alat)
               a(1) = (  0.0000  0.7071  0.7071 )  
               a(2) = (  0.7071  0.0000  0.7071 )  
               a(3) = (  0.7071  0.7071  0.0000 )  

     reciprocal axes: (cart. coord. in units 2 pi/alat)
               b(1) = ( -0.7071  0.7071  0.7071 )  
               b(2) = (  0.7071 -0.7071  0.7071 )  
               b(3) = (  0.7071  0.7071 -0.7071 )  


     Atoms inside the unit cell: 

     Cartesian axes

     site n.  atom      mass           positions (alat units)
        1  Al     26.9815   tau(    1) = (    0.00000    0.00000    0.00000  )

     Computing dynamical matrix for 
                    q = (   0.4419417   0.0883883   0.0883883 )
 
      2 Sym.Ops. (no q -> -q+G )


     G cutoff =  205.8787  (   8801 G-vectors)     FFT grid: ( 30, 30, 30)
     G cutoff =  102.9393  (   3119 G-vectors)  smooth grid: ( 24, 24, 24)
     number of k points=   576

     PseudoPot. # 1 for Al read from file:
     ./Al.pbe-n-rrkjus_psl.0.1.UPF
     MD5 check sum: 6479f6627750700cef6db36d98bbe09a
     Pseudo is Ultrasoft + core correction, Zval =  3.0
     Generated using "atomic" code by A. Dal Corso  v.5.0.99 svn rev. 10869
     Using radial grid of 1135 points,  4 beta functions with: 
                l(1) =   0
                l(2) =   0
                l(3) =   1
                l(4) =   1
     Q(r) pseudized with 0 coefficients 



     Atomic displacements:
     There are    3 irreducible representations

     Representation     1      1 modes -  To be done

     Representation     2      1 modes -  To be done

     Representation     3      1 modes -  To be done



     Alpha used in Ewald sum =   2.8000
     PHONON       :     14.64s CPU     17.57s WALL



     Representation #   1 mode #   1

     Self-consistent Calculation

      iter #   1 total cpu time :    17.6 secs   av.it.:   1.8
      thresh= 1.000E-02 alpha_mix =  0.300 |ddv_scf|^2 =  1.248E-04

      iter #   2 total cpu time :    17.7 secs   av.it.:   2.3
      thresh= 1.117E-03 alpha_mix =  0.300 |ddv_scf|^2 =  2.149E-05

      iter #   3 total cpu time :    17.8 secs   av.it.:   2.3
      thresh= 4.635E-04 alpha_mix =  0.300 |ddv_scf|^2 =  2.449E-07

      iter #   4 total cpu time :    17.9 secs   av.it.:   2.8
      thresh= 4.949E-05 alpha_mix =  0.300 |ddv_scf|^2 =  2.943E-09

      iter #   5 total cpu time :    18.0 secs   av.it.:   2.9
      thresh= 5.425E-06 alpha_mix =  0.300 |ddv_scf|^2 =  4.652E-10

      iter #   6 total cpu time :    18.1 secs   av.it.:   2.8
      thresh= 2.157E-06 alpha_mix =  0.300 |ddv_scf|^2 =  1.152E-11

      iter #   7 total cpu time :    18.1 secs   av.it.:   2.9
      thresh= 3.394E-07 alpha_mix =  0.300 |ddv_scf|^2 =  1.956E-13

      iter #   8 total cpu time :    18.2 secs   av.it.:   2.9
      thresh= 4.423E-08 alpha_mix =  0.300 |ddv_scf|^2 =  3.808E-14

      iter #   9 total cpu time :    18.3 secs   av.it.:   2.8
      thresh= 1.952E-08 alpha_mix =  0.300 |ddv_scf|^2 =  4.085E-15

      iter #  10 total cpu time :    18.4 secs   av.it.:   2.9
      thresh= 6.391E-09 alpha_mix =  0.300 |ddv_scf|^2 =  1.122E-16

     End of self-consistent calculation

     Convergence has been achieved 


     Representation #   2 mode #   2

     Self-consistent Calculation

      iter #   1 total cpu time :    18.5 secs   av.it.:   1.2
      thresh= 1.000E-02 alpha_mix =  0.300 |ddv_scf|^2 =  7.963E-07

      iter #   2 total cpu time :    18.6 secs   av.it.:   2.5
      thresh= 8.924E-05 alpha_mix =  0.300 |ddv_scf|^2 =  3.868E-07

      iter #   3 total cpu time :    18.7 secs   av.it.:   2.6
      thresh= 6.219E-05 alpha_mix =  0.300 |ddv_scf|^2 =  4.121E-10

      iter #   4 total cpu time :    18.7 secs   av.it.:   2.9
      thresh= 2.030E-06 alpha_mix =  0.300 |ddv_scf|^2 =  4.683E-11

      iter #   5 total cpu time :    18.8 secs   av.it.:   2.7
      thresh= 6.844E-07 alpha_mix =  0.300 |ddv_scf|^2 =  3.542E-12

      iter #   6 total cpu time :    18.9 secs   av.it.:   2.8
      thresh= 1.882E-07 alpha_mix =  0.300 |ddv_scf|^2 =  1.189E-14

      iter #   7 total cpu time :    19.0 secs   av.it.:   3.0
      thresh= 1.091E-08 alpha_mix =  0.300 |ddv_scf|^2 =  4.452E-15

      iter #   8 total cpu time :    19.1 secs   av.it.:   2.7
      thresh= 6.672E-09 alpha_mix =  0.300 |ddv_scf|^2 =  3.329E-18

     End of self-consistent calculation

     Convergence has been achieved 


     Representation #   3 mode #   3

     Self-consistent Calculation

      iter #   1 total cpu time :    19.2 secs   av.it.:   1.5
      thresh= 1.000E-02 alpha_mix =  0.300 |ddv_scf|^2 =  8.878E-06

      iter #   2 total cpu time :    19.3 secs   av.it.:   2.5
      thresh= 2.980E-04 alpha_mix =  0.300 |ddv_scf|^2 =  1.792E-06

      iter #   3 total cpu time :    19.3 secs   av.it.:   2.4
      thresh= 1.339E-04 alpha_mix =  0.300 |ddv_scf|^2 =  2.442E-07

      iter #   4 total cpu time :    19.4 secs   av.it.:   2.7
      thresh= 4.941E-05 alpha_mix =  0.300 |ddv_scf|^2 =  1.677E-09

      iter #   5 total cpu time :    19.5 secs   av.it.:   2.9
      thresh= 4.096E-06 alpha_mix =  0.300 |ddv_scf|^2 =  2.028E-10

      iter #   6 total cpu time :    19.6 secs   av.it.:   2.7
      thresh= 1.424E-06 alpha_mix =  0.300 |ddv_scf|^2 =  1.703E-11

      iter #   7 total cpu time :    19.7 secs   av.it.:   2.9
      thresh= 4.127E-07 alpha_mix =  0.300 |ddv_scf|^2 =  2.896E-13

      iter #   8 total cpu time :    19.8 secs   av.it.:   2.9
      thresh= 5.382E-08 alpha_mix =  0.300 |ddv_scf|^2 =  1.031E-13

      iter #   9 total cpu time :    19.8 secs   av.it.:   2.7
      thresh= 3.212E-08 alpha_mix =  0.300 |ddv_scf|^2 =  3.873E-14

      iter #  10 total cpu time :    19.9 secs   av.it.:   2.8
      thresh= 1.968E-08 alpha_mix =  0.300 |ddv_scf|^2 =  4.039E-16

     End of self-consistent calculation

     Convergence has been achieved 
 
     Number of q in the star =   24
     List of q in the star:
          1   0.441941738   0.088388348   0.088388348
          2   0.088388348   0.441941738   0.088388348
          3   0.088388348   0.088388348   0.441941738
          4   0.088388348  -0.441941738   0.088388348
          5  -0.088388348   0.441941738   0.088388348
          6   0.088388348  -0.088388348   0.441941738
          7  -0.088388348  -0.088388348  -0.441941738
          8   0.088388348   0.088388348  -0.441941738
          9  -0.088388348   0.088388348   0.441941738
         10  -0.441941738   0.088388348   0.088388348
         11  -0.441941738  -0.088388348  -0.088388348
         12   0.441941738   0.088388348  -0.088388348
         13   0.441941738  -0.088388348   0.088388348
         14  -0.441941738  -0.088388348   0.088388348
         15  -0.088388348   0.088388348  -0.441941738
         16   0.088388348  -0.088388348  -0.441941738
         17  -0.088388348  -0.088388348   0.441941738
         18  -0.441941738   0.088388348  -0.088388348
         19   0.088388348  -0.441941738  -0.088388348
         20  -0.088388348  -0.441941738   0.088388348
         21  -0.088388348   0.441941738  -0.088388348
         22   0.441941738  -0.088388348  -0.088388348
         23   0.088388348   0.441941738  -0.088388348
         24  -0.088388348  -0.441941738  -0.088388348

     Diagonalizing the dynamical matrix

     q = (    0.441941738   0.088388348   0.088388348 ) 

 **************************************************************************
     freq (    1) =       4.933298 [THz] =     164.557109 [cm-1]
     freq (    2) =       5.508554 [THz] =     183.745577 [cm-1]
     freq (    3) =       8.400517 [THz] =     280.211090 [cm-1]
 **************************************************************************

     Calculation of q =   -0.0883883  -0.4419417   0.6187184
     [opt_tetra]  Optimized tetrahedron method is used.
     Message from routine divide_et_impera:
     suboptimal parallelization: some nodes have no k-points
 
     G-vector sticks info
     --------------------
     sticks:   dense  smooth     PW     G-vecs:    dense   smooth      PW
     Sum         559     283    121                 8801     3119     893
 
     Using Slab Decomposition
 

     Title: 
     Phonon                                                                     


     bravais-lattice index     =            0
     lattice parameter (alat)  =       5.3877  a.u.
     unit-cell volume          =     110.5871 (a.u.)^3
     number of atoms/cell      =            1
     number of atomic types    =            1
     number of electrons       =         3.00
     number of Kohn-Sham states=            6
     kinetic-energy cutoff     =      35.0000  Ry
     charge density cutoff     =     280.0000  Ry
     Exchange-correlation= PBE
                           (   1   4   3   4   0   0   0)

     celldm(1)=   5.387739  celldm(2)=   0.000000  celldm(3)=   0.000000
     celldm(4)=   0.000000  celldm(5)=   0.000000  celldm(6)=   0.000000

     crystal axes: (cart. coord. in units of alat)
               a(1) = (   0.000000   0.707107   0.707107 )  
               a(2) = (   0.707107   0.000000   0.707107 )  
               a(3) = (   0.707107   0.707107   0.000000 )  

     reciprocal axes: (cart. coord. in units 2 pi/alat)
               b(1) = ( -0.707107  0.707107  0.707107 )  
               b(2) = (  0.707107 -0.707107  0.707107 )  
               b(3) = (  0.707107  0.707107 -0.707107 )  


     PseudoPot. # 1 for Al read from file:
     ./Al.pbe-n-rrkjus_psl.0.1.UPF
     MD5 check sum: 6479f6627750700cef6db36d98bbe09a
     Pseudo is Ultrasoft + core correction, Zval =  3.0
     Generated using "atomic" code by A. Dal Corso  v.5.0.99 svn rev. 10869
     Using radial grid of 1135 points,  4 beta functions with: 
                l(1) =   0
                l(2) =   0
                l(3) =   1
                l(4) =   1
     Q(r) pseudized with 0 coefficients 


     atomic species   valence    mass     pseudopotential
     Al                3.00    26.98154     Al( 1.00)

     48 Sym. Ops., with inversion, found



   Cartesian axes

     site n.     atom                  positions (alat units)
         1        Al     tau(   1) = (   0.0000000   0.0000000   0.0000000  )

     number of k points=  1024 (tetrahedron method)

     Number of k-points >= 100: set verbosity='high' to print them.

     Dense  grid:     8801 G-vectors     FFT dimensions: (  30,  30,  30)

     Smooth grid:     3119 G-vectors     FFT dimensions: (  24,  24,  24)

     Estimated max dynamical RAM per process >       3.99 MB

     Estimated total dynamical RAM >       2.25 GB

     Check: negative core charge=   -0.000003

     The potential is recalculated from file :
     ./_ph0/pwscf.q_6/pwscf.save/charge-density

     Starting wfcs are    4 atomic +    2 random wfcs

     Band Structure Calculation
     Davidson diagonalization with overlap

     ethr =  3.33E-10,  avg # of iterations = 17.5

     total cpu time spent up to now is        3.1 secs

     End of band structure calculation

     Number of k-points >= 100: set verbosity='high' to print the bands.

     the Fermi energy is     7.9299 ev
 
     [dfpt_tetra]  Dos(E_F)[/Ry] :   0.4128430E+01

     Phonon                                                                     

     bravais-lattice index     =            0
     lattice parameter (alat)  =       5.3877  a.u.
     unit-cell volume          =     110.5871 (a.u.)^3
     number of atoms/cell      =            1
     number of atomic types    =            1
     kinetic-energy cut-off    =      35.0000  Ry
     charge density cut-off    =     280.0000  Ry
     convergence threshold     =      1.0E-15
     beta                      =       0.3000
     number of iterations used =            4
     Exchange-correlation= PBE
                           (   1   4   3   4   0   0   0)


     celldm(1)=    5.38774  celldm(2)=    0.00000  celldm(3)=    0.00000
     celldm(4)=    0.00000  celldm(5)=    0.00000  celldm(6)=    0.00000

     crystal axes: (cart. coord. in units of alat)
               a(1) = (  0.0000  0.7071  0.7071 )  
               a(2) = (  0.7071  0.0000  0.7071 )  
               a(3) = (  0.7071  0.7071  0.0000 )  

     reciprocal axes: (cart. coord. in units 2 pi/alat)
               b(1) = ( -0.7071  0.7071  0.7071 )  
               b(2) = (  0.7071 -0.7071  0.7071 )  
               b(3) = (  0.7071  0.7071 -0.7071 )  


     Atoms inside the unit cell: 

     Cartesian axes

     site n.  atom      mass           positions (alat units)
        1  Al     26.9815   tau(    1) = (    0.00000    0.00000    0.00000  )

     Computing dynamical matrix for 
                    q = (  -0.0883883  -0.4419417   0.6187184 )
 
     No symmetry!

     G cutoff =  205.8787  (   8801 G-vectors)     FFT grid: ( 30, 30, 30)
     G cutoff =  102.9393  (   3119 G-vectors)  smooth grid: ( 24, 24, 24)
     number of k points=  1024

     PseudoPot. # 1 for Al read from file:
     ./Al.pbe-n-rrkjus_psl.0.1.UPF
     MD5 check sum: 6479f6627750700cef6db36d98bbe09a
     Pseudo is Ultrasoft + core correction, Zval =  3.0
     Generated using "atomic" code by A. Dal Corso  v.5.0.99 svn rev. 10869
     Using radial grid of 1135 points,  4 beta functions with: 
                l(1) =   0
                l(2) =   0
                l(3) =   1
                l(4) =   1
     Q(r) pseudized with 0 coefficients 



     Atomic displacements:
     There are    3 irreducible representations

     Representation     1      1 modes -  To be done

     Representation     2      1 modes -  To be done

     Representation     3      1 modes -  To be done



     Alpha used in Ewald sum =   2.8000
     PHONON       :     17.53s CPU     20.87s WALL



     Representation #   1 mode #   1

     Self-consistent Calculation

      iter #   1 total cpu time :    20.9 secs   av.it.:   1.8
      thresh= 1.000E-02 alpha_mix =  0.300 |ddv_scf|^2 =  4.997E-06

      iter #   2 total cpu time :    21.0 secs   av.it.:   2.6
      thresh= 2.235E-04 alpha_mix =  0.300 |ddv_scf|^2 =  7.291E-07

      iter #   3 total cpu time :    21.1 secs   av.it.:   2.7
      thresh= 8.539E-05 alpha_mix =  0.300 |ddv_scf|^2 =  1.323E-07

      iter #   4 total cpu time :    21.1 secs   av.it.:   2.7
      thresh= 3.638E-05 alpha_mix =  0.300 |ddv_scf|^2 =  5.485E-09

      iter #   5 total cpu time :    21.2 secs   av.it.:   2.8
      thresh= 7.406E-06 alpha_mix =  0.300 |ddv_scf|^2 =  4.322E-11

      iter #   6 total cpu time :    21.3 secs   av.it.:   3.0
      thresh= 6.574E-07 alpha_mix =  0.300 |ddv_scf|^2 =  1.482E-11

      iter #   7 total cpu time :    21.4 secs   av.it.:   2.7
      thresh= 3.850E-07 alpha_mix =  0.300 |ddv_scf|^2 =  8.904E-13

      iter #   8 total cpu time :    21.4 secs   av.it.:   2.9
      thresh= 9.436E-08 alpha_mix =  0.300 |ddv_scf|^2 =  2.746E-14

      iter #   9 total cpu time :    21.5 secs   av.it.:   2.9
      thresh= 1.657E-08 alpha_mix =  0.300 |ddv_scf|^2 =  6.186E-15

      iter #  10 total cpu time :    21.6 secs   av.it.:   2.8
      thresh= 7.865E-09 alpha_mix =  0.300 |ddv_scf|^2 =  1.511E-15

      iter #  11 total cpu time :    21.6 secs   av.it.:   2.9
      thresh= 3.887E-09 alpha_mix =  0.300 |ddv_scf|^2 =  8.444E-17

     End of self-consistent calculation

     Convergence has been achieved 


     Representation #   2 mode #   2

     Self-consistent Calculation

      iter #   1 total cpu time :    21.7 secs   av.it.:   1.7
      thresh= 1.000E-02 alpha_mix =  0.300 |ddv_scf|^2 =  2.200E-06

      iter #   2 total cpu time :    21.8 secs   av.it.:   2.7
      thresh= 1.483E-04 alpha_mix =  0.300 |ddv_scf|^2 =  5.002E-07

      iter #   3 total cpu time :    21.9 secs   av.it.:   2.7
      thresh= 7.072E-05 alpha_mix =  0.300 |ddv_scf|^2 =  1.160E-07

      iter #   4 total cpu time :    21.9 secs   av.it.:   2.7
      thresh= 3.405E-05 alpha_mix =  0.300 |ddv_scf|^2 =  2.257E-09

      iter #   5 total cpu time :    22.0 secs   av.it.:   2.9
      thresh= 4.750E-06 alpha_mix =  0.300 |ddv_scf|^2 =  5.345E-11

      iter #   6 total cpu time :    22.1 secs   av.it.:   2.9
      thresh= 7.311E-07 alpha_mix =  0.300 |ddv_scf|^2 =  1.028E-11

      iter #   7 total cpu time :    22.2 secs   av.it.:   2.8
      thresh= 3.206E-07 alpha_mix =  0.300 |ddv_scf|^2 =  1.321E-12

      iter #   8 total cpu time :    22.2 secs   av.it.:   2.9
      thresh= 1.149E-07 alpha_mix =  0.300 |ddv_scf|^2 =  4.144E-14

      iter #   9 total cpu time :    22.3 secs   av.it.:   3.0
      thresh= 2.036E-08 alpha_mix =  0.300 |ddv_scf|^2 =  7.906E-15

      iter #  10 total cpu time :    22.4 secs   av.it.:   2.8
      thresh= 8.892E-09 alpha_mix =  0.300 |ddv_scf|^2 =  2.243E-15

      iter #  11 total cpu time :    22.5 secs   av.it.:   2.8
      thresh= 4.736E-09 alpha_mix =  0.300 |ddv_scf|^2 =  1.449E-16

     End of self-consistent calculation

     Convergence has been achieved 


     Representation #   3 mode #   3

     Self-consistent Calculation

      iter #   1 total cpu time :    22.5 secs   av.it.:   1.6
      thresh= 1.000E-02 alpha_mix =  0.300 |ddv_scf|^2 =  1.312E-06

      iter #   2 total cpu time :    22.6 secs   av.it.:   2.7
      thresh= 1.145E-04 alpha_mix =  0.300 |ddv_scf|^2 =  4.631E-07

      iter #   3 total cpu time :    22.7 secs   av.it.:   2.7
      thresh= 6.806E-05 alpha_mix =  0.300 |ddv_scf|^2 =  6.772E-08

      iter #   4 total cpu time :    22.8 secs   av.it.:   2.8
      thresh= 2.602E-05 alpha_mix =  0.300 |ddv_scf|^2 =  1.993E-09

      iter #   5 total cpu time :    22.8 secs   av.it.:   2.8
      thresh= 4.464E-06 alpha_mix =  0.300 |ddv_scf|^2 =  5.902E-11

      iter #   6 total cpu time :    22.9 secs   av.it.:   2.9
      thresh= 7.682E-07 alpha_mix =  0.300 |ddv_scf|^2 =  8.793E-12

      iter #   7 total cpu time :    23.0 secs   av.it.:   2.8
      thresh= 2.965E-07 alpha_mix =  0.300 |ddv_scf|^2 =  1.282E-12

      iter #   8 total cpu time :    23.0 secs   av.it.:   2.9
      thresh= 1.132E-07 alpha_mix =  0.300 |ddv_scf|^2 =  3.584E-14

      iter #   9 total cpu time :    23.1 secs   av.it.:   2.9
      thresh= 1.893E-08 alpha_mix =  0.300 |ddv_scf|^2 =  9.125E-15

      iter #  10 total cpu time :    23.2 secs   av.it.:   2.7
      thresh= 9.552E-09 alpha_mix =  0.300 |ddv_scf|^2 =  2.565E-15

      iter #  11 total cpu time :    23.3 secs   av.it.:   2.8
      thresh= 5.065E-09 alpha_mix =  0.300 |ddv_scf|^2 =  1.381E-16

     End of self-consistent calculation

     Convergence has been achieved 
 
     Number of q in the star =   48
     List of q in the star:
          1  -0.088388348  -0.441941738   0.618718434
          2  -0.088388348   0.618718434  -0.441941738
          3   0.618718434  -0.088388348  -0.441941738
          4  -0.441941738   0.618718434  -0.088388348
          5   0.618718434  -0.441941738  -0.088388348
          6  -0.441941738  -0.088388348   0.618718434
          7  -0.441941738   0.088388348   0.618718434
          8   0.441941738  -0.088388348   0.618718434
          9   0.618718434   0.441941738  -0.088388348
         10  -0.618718434   0.441941738   0.088388348
         11   0.618718434  -0.441941738   0.088388348
         12  -0.618718434  -0.441941738  -0.088388348
         13   0.088388348   0.618718434  -0.441941738
         14   0.088388348  -0.618718434   0.441941738
         15  -0.088388348   0.618718434   0.441941738
         16  -0.088388348  -0.618718434  -0.441941738
         17   0.088388348   0.441941738   0.618718434
         18   0.441941738   0.618718434   0.088388348
         19  -0.441941738  -0.618718434   0.088388348
         20   0.441941738  -0.618718434  -0.088388348
         21   0.088388348  -0.441941738  -0.618718434
         22   0.618718434   0.088388348   0.441941738
         23  -0.618718434   0.088388348  -0.441941738
         24  -0.618718434  -0.088388348   0.441941738
         25   0.088388348   0.441941738  -0.618718434
         26  -0.088388348  -0.441941738  -0.618718434
         27  -0.088388348   0.441941738   0.618718434
         28   0.088388348  -0.441941738   0.618718434
         29   0.441941738   0.088388348   0.618718434
         30  -0.088388348   0.441941738  -0.618718434
         31   0.441941738  -0.088388348  -0.618718434
         32  -0.441941738   0.088388348  -0.618718434
         33  -0.618718434  -0.441941738   0.088388348
         34  -0.441941738  -0.088388348  -0.618718434
         35  -0.618718434   0.441941738  -0.088388348
         36   0.618718434   0.441941738   0.088388348
         37  -0.088388348  -0.618718434   0.441941738
         38   0.441941738   0.088388348  -0.618718434
         39   0.088388348  -0.618718434  -0.441941738
         40   0.088388348   0.618718434   0.441941738
         41   0.441941738  -0.618718434   0.088388348
         42  -0.441941738  -0.618718434  -0.088388348
         43   0.441941738   0.618718434  -0.088388348
         44  -0.441941738   0.618718434   0.088388348
         45  -0.618718434   0.088388348   0.441941738
         46  -0.618718434  -0.088388348  -0.441941738
         47   0.618718434  -0.088388348   0.441941738
         48   0.618718434   0.088388348  -0.441941738

     Diagonalizing the dynamical matrix

     q = (   -0.088388348  -0.441941738   0.618718434 ) 

 **************************************************************************
     freq (    1) =       5.955318 [THz] =     198.648034 [cm-1]
     freq (    2) =       7.631576 [THz] =     254.561976 [cm-1]
     freq (    3) =       8.912345 [THz] =     297.283821 [cm-1]
 **************************************************************************

     Calculation of q =    0.0883883  -0.2651650   0.4419417
     [opt_tetra]  Optimized tetrahedron method is used.
     Message from routine divide_et_impera:
     suboptimal parallelization: some nodes have no k-points
 
     G-vector sticks info
     --------------------
     sticks:   dense  smooth     PW     G-vecs:    dense   smooth      PW
     Sum         559     283    121                 8801     3119     821
 
     Using Slab Decomposition
 

     Title: 
     Phonon                                                                     


     bravais-lattice index     =            0
     lattice parameter (alat)  =       5.3877  a.u.
     unit-cell volume          =     110.5871 (a.u.)^3
     number of atoms/cell      =            1
     number of atomic types    =            1
     number of electrons       =         3.00
     number of Kohn-Sham states=            6
     kinetic-energy cutoff     =      35.0000  Ry
     charge density cutoff     =     280.0000  Ry
     Exchange-correlation= PBE
                           (   1   4   3   4   0   0   0)

     celldm(1)=   5.387739  celldm(2)=   0.000000  celldm(3)=   0.000000
     celldm(4)=   0.000000  celldm(5)=   0.000000  celldm(6)=   0.000000

     crystal axes: (cart. coord. in units of alat)
               a(1) = (   0.000000   0.707107   0.707107 )  
               a(2) = (   0.707107   0.000000   0.707107 )  
               a(3) = (   0.707107   0.707107   0.000000 )  

     reciprocal axes: (cart. coord. in units 2 pi/alat)
               b(1) = ( -0.707107  0.707107  0.707107 )  
               b(2) = (  0.707107 -0.707107  0.707107 )  
               b(3) = (  0.707107  0.707107 -0.707107 )  


     PseudoPot. # 1 for Al read from file:
     ./Al.pbe-n-rrkjus_psl.0.1.UPF
     MD5 check sum: 6479f6627750700cef6db36d98bbe09a
     Pseudo is Ultrasoft + core correction, Zval =  3.0
     Generated using "atomic" code by A. Dal Corso  v.5.0.99 svn rev. 10869
     Using radial grid of 1135 points,  4 beta functions with: 
                l(1) =   0
                l(2) =   0
                l(3) =   1
                l(4) =   1
     Q(r) pseudized with 0 coefficients 


     atomic species   valence    mass     pseudopotential
     Al                3.00    26.98154     Al( 1.00)

     48 Sym. Ops., with inversion, found



   Cartesian axes

     site n.     atom                  positions (alat units)
         1        Al     tau(   1) = (   0.0000000   0.0000000   0.0000000  )

     number of k points=  1024 (tetrahedron method)

     Number of k-points >= 100: set verbosity='high' to print them.

     Dense  grid:     8801 G-vectors     FFT dimensions: (  30,  30,  30)

     Smooth grid:     3119 G-vectors     FFT dimensions: (  24,  24,  24)

     Estimated max dynamical RAM per process >       3.99 MB

     Estimated total dynamical RAM >       2.24 GB

     Check: negative core charge=   -0.000003

     The potential is recalculated from file :
     ./_ph0/pwscf.q_7/pwscf.save/charge-density

     Starting wfcs are    4 atomic +    2 random wfcs

     Band Structure Calculation
     Davidson diagonalization with overlap

     ethr =  3.33E-10,  avg # of iterations = 17.6

     total cpu time spent up to now is        3.6 secs

     End of band structure calculation

     Number of k-points >= 100: set verbosity='high' to print the bands.

     the Fermi energy is     7.9299 ev
 
     [dfpt_tetra]  Dos(E_F)[/Ry] :   0.4128430E+01

     Phonon                                                                     

     bravais-lattice index     =            0
     lattice parameter (alat)  =       5.3877  a.u.
     unit-cell volume          =     110.5871 (a.u.)^3
     number of atoms/cell      =            1
     number of atomic types    =            1
     kinetic-energy cut-off    =      35.0000  Ry
     charge density cut-off    =     280.0000  Ry
     convergence threshold     =      1.0E-15
     beta                      =       0.3000
     number of iterations used =            4
     Exchange-correlation= PBE
                           (   1   4   3   4   0   0   0)


     celldm(1)=    5.38774  celldm(2)=    0.00000  celldm(3)=    0.00000
     celldm(4)=    0.00000  celldm(5)=    0.00000  celldm(6)=    0.00000

     crystal axes: (cart. coord. in units of alat)
               a(1) = (  0.0000  0.7071  0.7071 )  
               a(2) = (  0.7071  0.0000  0.7071 )  
               a(3) = (  0.7071  0.7071  0.0000 )  

     reciprocal axes: (cart. coord. in units 2 pi/alat)
               b(1) = ( -0.7071  0.7071  0.7071 )  
               b(2) = (  0.7071 -0.7071  0.7071 )  
               b(3) = (  0.7071  0.7071 -0.7071 )  


     Atoms inside the unit cell: 

     Cartesian axes

     site n.  atom      mass           positions (alat units)
        1  Al     26.9815   tau(    1) = (    0.00000    0.00000    0.00000  )

     Computing dynamical matrix for 
                    q = (   0.0883883  -0.2651650   0.4419417 )
 
     No symmetry!

     G cutoff =  205.8787  (   8801 G-vectors)     FFT grid: ( 30, 30, 30)
     G cutoff =  102.9393  (   3119 G-vectors)  smooth grid: ( 24, 24, 24)
     number of k points=  1024

     PseudoPot. # 1 for Al read from file:
     ./Al.pbe-n-rrkjus_psl.0.1.UPF
     MD5 check sum: 6479f6627750700cef6db36d98bbe09a
     Pseudo is Ultrasoft + core correction, Zval =  3.0
     Generated using "atomic" code by A. Dal Corso  v.5.0.99 svn rev. 10869
     Using radial grid of 1135 points,  4 beta functions with: 
                l(1) =   0
                l(2) =   0
                l(3) =   1
                l(4) =   1
     Q(r) pseudized with 0 coefficients 



     Atomic displacements:
     There are    3 irreducible representations

     Representation     1      1 modes -  To be done

     Representation     2      1 modes -  To be done

     Representation     3      1 modes -  To be done



     Alpha used in Ewald sum =   2.8000
     PHONON       :     20.38s CPU     24.20s WALL



     Representation #   1 mode #   1

     Self-consistent Calculation

      iter #   1 total cpu time :    24.3 secs   av.it.:   1.7
      thresh= 1.000E-02 alpha_mix =  0.300 |ddv_scf|^2 =  1.835E-05

      iter #   2 total cpu time :    24.3 secs   av.it.:   2.5
      thresh= 4.284E-04 alpha_mix =  0.300 |ddv_scf|^2 =  7.031E-07

      iter #   3 total cpu time :    24.4 secs   av.it.:   2.6
      thresh= 8.385E-05 alpha_mix =  0.300 |ddv_scf|^2 =  2.109E-07

      iter #   4 total cpu time :    24.5 secs   av.it.:   2.7
      thresh= 4.592E-05 alpha_mix =  0.300 |ddv_scf|^2 =  9.541E-10

      iter #   5 total cpu time :    24.5 secs   av.it.:   3.0
      thresh= 3.089E-06 alpha_mix =  0.300 |ddv_scf|^2 =  7.459E-11

      iter #   6 total cpu time :    24.6 secs   av.it.:   2.8
      thresh= 8.637E-07 alpha_mix =  0.300 |ddv_scf|^2 =  1.471E-11

      iter #   7 total cpu time :    24.7 secs   av.it.:   2.8
      thresh= 3.836E-07 alpha_mix =  0.300 |ddv_scf|^2 =  7.840E-13

      iter #   8 total cpu time :    24.8 secs   av.it.:   2.9
      thresh= 8.855E-08 alpha_mix =  0.300 |ddv_scf|^2 =  9.434E-14

      iter #   9 total cpu time :    24.8 secs   av.it.:   2.9
      thresh= 3.071E-08 alpha_mix =  0.300 |ddv_scf|^2 =  4.304E-15

      iter #  10 total cpu time :    24.9 secs   av.it.:   2.8
      thresh= 6.560E-09 alpha_mix =  0.300 |ddv_scf|^2 =  1.625E-15

      iter #  11 total cpu time :    25.0 secs   av.it.:   2.8
      thresh= 4.031E-09 alpha_mix =  0.300 |ddv_scf|^2 =  1.524E-16

     End of self-consistent calculation

     Convergence has been achieved 


     Representation #   2 mode #   2

     Self-consistent Calculation

      iter #   1 total cpu time :    25.1 secs   av.it.:   1.7
      thresh= 1.000E-02 alpha_mix =  0.300 |ddv_scf|^2 =  1.779E-05

      iter #   2 total cpu time :    25.1 secs   av.it.:   2.5
      thresh= 4.218E-04 alpha_mix =  0.300 |ddv_scf|^2 =  7.139E-07

      iter #   3 total cpu time :    25.2 secs   av.it.:   2.6
      thresh= 8.449E-05 alpha_mix =  0.300 |ddv_scf|^2 =  2.156E-07

      iter #   4 total cpu time :    25.3 secs   av.it.:   2.7
      thresh= 4.643E-05 alpha_mix =  0.300 |ddv_scf|^2 =  6.365E-09

      iter #   5 total cpu time :    25.3 secs   av.it.:   2.8
      thresh= 7.978E-06 alpha_mix =  0.300 |ddv_scf|^2 =  7.060E-11

      iter #   6 total cpu time :    25.4 secs   av.it.:   2.9
      thresh= 8.402E-07 alpha_mix =  0.300 |ddv_scf|^2 =  2.464E-11

      iter #   7 total cpu time :    25.5 secs   av.it.:   2.8
      thresh= 4.963E-07 alpha_mix =  0.300 |ddv_scf|^2 =  3.690E-13

      iter #   8 total cpu time :    25.6 secs   av.it.:   2.9
      thresh= 6.074E-08 alpha_mix =  0.300 |ddv_scf|^2 =  1.075E-13

      iter #   9 total cpu time :    25.6 secs   av.it.:   2.8
      thresh= 3.278E-08 alpha_mix =  0.300 |ddv_scf|^2 =  4.342E-15

      iter #  10 total cpu time :    25.7 secs   av.it.:   2.9
      thresh= 6.590E-09 alpha_mix =  0.300 |ddv_scf|^2 =  1.501E-15

      iter #  11 total cpu time :    25.8 secs   av.it.:   2.8
      thresh= 3.875E-09 alpha_mix =  0.300 |ddv_scf|^2 =  1.717E-16

     End of self-consistent calculation

     Convergence has been achieved 


     Representation #   3 mode #   3

     Self-consistent Calculation

      iter #   1 total cpu time :    25.9 secs   av.it.:   1.8
      thresh= 1.000E-02 alpha_mix =  0.300 |ddv_scf|^2 =  1.500E-05

      iter #   2 total cpu time :    25.9 secs   av.it.:   2.5
      thresh= 3.874E-04 alpha_mix =  0.300 |ddv_scf|^2 =  7.169E-07

      iter #   3 total cpu time :    26.0 secs   av.it.:   2.7
      thresh= 8.467E-05 alpha_mix =  0.300 |ddv_scf|^2 =  2.296E-07

      iter #   4 total cpu time :    26.1 secs   av.it.:   2.7
      thresh= 4.791E-05 alpha_mix =  0.300 |ddv_scf|^2 =  1.745E-08

      iter #   5 total cpu time :    26.2 secs   av.it.:   2.8
      thresh= 1.321E-05 alpha_mix =  0.300 |ddv_scf|^2 =  7.266E-11

      iter #   6 total cpu time :    26.2 secs   av.it.:   3.0
      thresh= 8.524E-07 alpha_mix =  0.300 |ddv_scf|^2 =  2.683E-11

      iter #   7 total cpu time :    26.3 secs   av.it.:   2.8
      thresh= 5.180E-07 alpha_mix =  0.300 |ddv_scf|^2 =  1.778E-13

      iter #   8 total cpu time :    26.4 secs   av.it.:   3.0
      thresh= 4.216E-08 alpha_mix =  0.300 |ddv_scf|^2 =  7.572E-14

      iter #   9 total cpu time :    26.4 secs   av.it.:   2.8
      thresh= 2.752E-08 alpha_mix =  0.300 |ddv_scf|^2 =  1.487E-15

      iter #  10 total cpu time :    26.5 secs   av.it.:   3.0
      thresh= 3.856E-09 alpha_mix =  0.300 |ddv_scf|^2 =  5.342E-16

     End of self-consistent calculation

     Convergence has been achieved 
 
     Number of q in the star =   48
     List of q in the star:
          1   0.088388348  -0.265165043   0.441941738
          2   0.088388348   0.441941738  -0.265165043
          3   0.441941738   0.088388348  -0.265165043
          4  -0.265165043   0.441941738   0.088388348
          5   0.441941738  -0.265165043   0.088388348
          6  -0.265165043   0.088388348   0.441941738
          7  -0.265165043  -0.088388348   0.441941738
          8   0.265165043   0.088388348   0.441941738
          9   0.441941738   0.265165043   0.088388348
         10  -0.441941738   0.265165043  -0.088388348
         11   0.441941738  -0.265165043  -0.088388348
         12  -0.441941738  -0.265165043   0.088388348
         13  -0.088388348   0.441941738  -0.265165043
         14  -0.088388348  -0.441941738   0.265165043
         15   0.088388348   0.441941738   0.265165043
         16   0.088388348  -0.441941738  -0.265165043
         17  -0.088388348   0.265165043   0.441941738
         18   0.265165043   0.441941738  -0.088388348
         19  -0.265165043  -0.441941738  -0.088388348
         20   0.265165043  -0.441941738   0.088388348
         21  -0.088388348  -0.265165043  -0.441941738
         22   0.441941738  -0.088388348   0.265165043
         23  -0.441941738  -0.088388348  -0.265165043
         24  -0.441941738   0.088388348   0.265165043
         25  -0.088388348   0.265165043  -0.441941738
         26   0.088388348  -0.265165043  -0.441941738
         27   0.088388348   0.265165043   0.441941738
         28  -0.088388348  -0.265165043   0.441941738
         29   0.265165043  -0.088388348   0.441941738
         30   0.088388348   0.265165043  -0.441941738
         31   0.265165043   0.088388348  -0.441941738
         32  -0.265165043  -0.088388348  -0.441941738
         33  -0.441941738  -0.265165043  -0.088388348
         34  -0.265165043   0.088388348  -0.441941738
         35  -0.441941738   0.265165043   0.088388348
         36   0.441941738   0.265165043  -0.088388348
         37   0.088388348  -0.441941738   0.265165043
         38   0.265165043  -0.088388348  -0.441941738
         39  -0.088388348  -0.441941738  -0.265165043
         40  -0.088388348   0.441941738   0.265165043
         41   0.265165043  -0.441941738  -0.088388348
         42  -0.265165043  -0.441941738   0.088388348
         43   0.265165043   0.441941738   0.088388348
         44  -0.265165043   0.441941738  -0.088388348
         45  -0.441941738  -0.088388348   0.265165043
         46  -0.441941738   0.088388348  -0.265165043
         47   0.441941738   0.088388348   0.265165043
         48   0.441941738  -0.088388348  -0.265165043

     Diagonalizing the dynamical matrix

     q = (    0.088388348  -0.265165043   0.441941738 ) 

 **************************************************************************
     freq (    1) =       5.077260 [THz] =     169.359176 [cm-1]
     freq (    2) =       6.387641 [THz] =     213.068769 [cm-1]
     freq (    3) =       8.905314 [THz] =     297.049303 [cm-1]
 **************************************************************************

     Calculation of q =   -0.6187184   0.0883883   0.0883883
     [opt_tetra]  Optimized tetrahedron method is used.
     Message from routine divide_et_impera:
     suboptimal parallelization: some nodes have no k-points
 
     G-vector sticks info
     --------------------
     sticks:   dense  smooth     PW     G-vecs:    dense   smooth      PW
     Sum         559     283    121                 8801     3119     869
 
     Using Slab Decomposition
 

     Title: 
     Phonon                                                                     


     bravais-lattice index     =            0
     lattice parameter (alat)  =       5.3877  a.u.
     unit-cell volume          =     110.5871 (a.u.)^3
     number of atoms/cell      =            1
     number of atomic types    =            1
     number of electrons       =         3.00
     number of Kohn-Sham states=            6
     kinetic-energy cutoff     =      35.0000  Ry
     charge density cutoff     =     280.0000  Ry
     Exchange-correlation= PBE
                           (   1   4   3   4   0   0   0)

     celldm(1)=   5.387739  celldm(2)=   0.000000  celldm(3)=   0.000000
     celldm(4)=   0.000000  celldm(5)=   0.000000  celldm(6)=   0.000000

     crystal axes: (cart. coord. in units of alat)
               a(1) = (   0.000000   0.707107   0.707107 )  
               a(2) = (   0.707107   0.000000   0.707107 )  
               a(3) = (   0.707107   0.707107   0.000000 )  

     reciprocal axes: (cart. coord. in units 2 pi/alat)
               b(1) = ( -0.707107  0.707107  0.707107 )  
               b(2) = (  0.707107 -0.707107  0.707107 )  
               b(3) = (  0.707107  0.707107 -0.707107 )  


     PseudoPot. # 1 for Al read from file:
     ./Al.pbe-n-rrkjus_psl.0.1.UPF
     MD5 check sum: 6479f6627750700cef6db36d98bbe09a
     Pseudo is Ultrasoft + core correction, Zval =  3.0
     Generated using "atomic" code by A. Dal Corso  v.5.0.99 svn rev. 10869
     Using radial grid of 1135 points,  4 beta functions with: 
                l(1) =   0
                l(2) =   0
                l(3) =   1
                l(4) =   1
     Q(r) pseudized with 0 coefficients 


     atomic species   valence    mass     pseudopotential
     Al                3.00    26.98154     Al( 1.00)

     48 Sym. Ops., with inversion, found



   Cartesian axes

     site n.     atom                  positions (alat units)
         1        Al     tau(   1) = (   0.0000000   0.0000000   0.0000000  )

     number of k points=   576 (tetrahedron method)

     Number of k-points >= 100: set verbosity='high' to print them.

     Dense  grid:     8801 G-vectors     FFT dimensions: (  30,  30,  30)

     Smooth grid:     3119 G-vectors     FFT dimensions: (  24,  24,  24)

     Estimated max dynamical RAM per process >       3.99 MB

     Estimated total dynamical RAM >       2.24 GB

     Check: negative core charge=   -0.000003

     The potential is recalculated from file :
     ./_ph0/pwscf.q_8/pwscf.save/charge-density

     Starting wfcs are    4 atomic +    2 random wfcs

     Band Structure Calculation
     Davidson diagonalization with overlap

     ethr =  3.33E-10,  avg # of iterations = 17.7

     total cpu time spent up to now is        4.1 secs

     End of band structure calculation

     Number of k-points >= 100: set verbosity='high' to print the bands.

     the Fermi energy is     7.9299 ev
 
     [dfpt_tetra]  Dos(E_F)[/Ry] :   0.4128430E+01

     Phonon                                                                     

     bravais-lattice index     =            0
     lattice parameter (alat)  =       5.3877  a.u.
     unit-cell volume          =     110.5871 (a.u.)^3
     number of atoms/cell      =            1
     number of atomic types    =            1
     kinetic-energy cut-off    =      35.0000  Ry
     charge density cut-off    =     280.0000  Ry
     convergence threshold     =      1.0E-15
     beta                      =       0.3000
     number of iterations used =            4
     Exchange-correlation= PBE
                           (   1   4   3   4   0   0   0)


     celldm(1)=    5.38774  celldm(2)=    0.00000  celldm(3)=    0.00000
     celldm(4)=    0.00000  celldm(5)=    0.00000  celldm(6)=    0.00000

     crystal axes: (cart. coord. in units of alat)
               a(1) = (  0.0000  0.7071  0.7071 )  
               a(2) = (  0.7071  0.0000  0.7071 )  
               a(3) = (  0.7071  0.7071  0.0000 )  

     reciprocal axes: (cart. coord. in units 2 pi/alat)
               b(1) = ( -0.7071  0.7071  0.7071 )  
               b(2) = (  0.7071 -0.7071  0.7071 )  
               b(3) = (  0.7071  0.7071 -0.7071 )  


     Atoms inside the unit cell: 

     Cartesian axes

     site n.  atom      mass           positions (alat units)
        1  Al     26.9815   tau(    1) = (    0.00000    0.00000    0.00000  )

     Computing dynamical matrix for 
                    q = (  -0.6187184   0.0883883   0.0883883 )
 
      2 Sym.Ops. (no q -> -q+G )


     G cutoff =  205.8787  (   8801 G-vectors)     FFT grid: ( 30, 30, 30)
     G cutoff =  102.9393  (   3119 G-vectors)  smooth grid: ( 24, 24, 24)
     number of k points=   576

     PseudoPot. # 1 for Al read from file:
     ./Al.pbe-n-rrkjus_psl.0.1.UPF
     MD5 check sum: 6479f6627750700cef6db36d98bbe09a
     Pseudo is Ultrasoft + core correction, Zval =  3.0
     Generated using "atomic" code by A. Dal Corso  v.5.0.99 svn rev. 10869
     Using radial grid of 1135 points,  4 beta functions with: 
                l(1) =   0
                l(2) =   0
                l(3) =   1
                l(4) =   1
     Q(r) pseudized with 0 coefficients 



     Atomic displacements:
     There are    3 irreducible representations

     Representation     1      1 modes -  To be done

     Representation     2      1 modes -  To be done

     Representation     3      1 modes -  To be done



     Alpha used in Ewald sum =   2.8000
     PHONON       :     23.11s CPU     27.38s WALL



     Representation #   1 mode #   1

     Self-consistent Calculation

      iter #   1 total cpu time :    27.4 secs   av.it.:   1.8
      thresh= 1.000E-02 alpha_mix =  0.300 |ddv_scf|^2 =  6.796E-06

      iter #   2 total cpu time :    27.5 secs   av.it.:   2.5
      thresh= 2.607E-04 alpha_mix =  0.300 |ddv_scf|^2 =  6.237E-07

      iter #   3 total cpu time :    27.6 secs   av.it.:   2.6
      thresh= 7.897E-05 alpha_mix =  0.300 |ddv_scf|^2 =  1.610E-07

      iter #   4 total cpu time :    27.7 secs   av.it.:   2.7
      thresh= 4.013E-05 alpha_mix =  0.300 |ddv_scf|^2 =  8.946E-09

      iter #   5 total cpu time :    27.8 secs   av.it.:   2.8
      thresh= 9.459E-06 alpha_mix =  0.300 |ddv_scf|^2 =  4.301E-11

      iter #   6 total cpu time :    27.9 secs   av.it.:   3.0
      thresh= 6.558E-07 alpha_mix =  0.300 |ddv_scf|^2 =  1.408E-11

      iter #   7 total cpu time :    27.9 secs   av.it.:   2.7
      thresh= 3.752E-07 alpha_mix =  0.300 |ddv_scf|^2 =  8.082E-13

      iter #   8 total cpu time :    28.0 secs   av.it.:   2.8
      thresh= 8.990E-08 alpha_mix =  0.300 |ddv_scf|^2 =  1.389E-13

      iter #   9 total cpu time :    28.1 secs   av.it.:   2.8
      thresh= 3.727E-08 alpha_mix =  0.300 |ddv_scf|^2 =  5.274E-15

      iter #  10 total cpu time :    28.2 secs   av.it.:   2.9
      thresh= 7.262E-09 alpha_mix =  0.300 |ddv_scf|^2 =  1.633E-15

      iter #  11 total cpu time :    28.3 secs   av.it.:   2.8
      thresh= 4.041E-09 alpha_mix =  0.300 |ddv_scf|^2 =  2.404E-16

     End of self-consistent calculation

     Convergence has been achieved 


     Representation #   2 mode #   2

     Self-consistent Calculation

      iter #   1 total cpu time :    28.4 secs   av.it.:   1.3
      thresh= 1.000E-02 alpha_mix =  0.300 |ddv_scf|^2 =  7.624E-07

      iter #   2 total cpu time :    28.5 secs   av.it.:   2.5
      thresh= 8.732E-05 alpha_mix =  0.300 |ddv_scf|^2 =  3.740E-07

      iter #   3 total cpu time :    28.6 secs   av.it.:   2.6
      thresh= 6.116E-05 alpha_mix =  0.300 |ddv_scf|^2 =  2.998E-10

      iter #   4 total cpu time :    28.6 secs   av.it.:   3.0
      thresh= 1.731E-06 alpha_mix =  0.300 |ddv_scf|^2 =  4.092E-11

      iter #   5 total cpu time :    28.7 secs   av.it.:   2.6
      thresh= 6.397E-07 alpha_mix =  0.300 |ddv_scf|^2 =  5.003E-12

      iter #   6 total cpu time :    28.8 secs   av.it.:   2.8
      thresh= 2.237E-07 alpha_mix =  0.300 |ddv_scf|^2 =  4.257E-15

      iter #   7 total cpu time :    28.9 secs   av.it.:   3.1
      thresh= 6.525E-09 alpha_mix =  0.300 |ddv_scf|^2 =  1.782E-15

      iter #   8 total cpu time :    29.0 secs   av.it.:   2.7
      thresh= 4.221E-09 alpha_mix =  0.300 |ddv_scf|^2 =  2.204E-18

     End of self-consistent calculation

     Convergence has been achieved 


     Representation #   3 mode #   3

     Self-consistent Calculation

      iter #   1 total cpu time :    29.1 secs   av.it.:   1.8
      thresh= 1.000E-02 alpha_mix =  0.300 |ddv_scf|^2 =  5.168E-06

      iter #   2 total cpu time :    29.2 secs   av.it.:   2.5
      thresh= 2.273E-04 alpha_mix =  0.300 |ddv_scf|^2 =  5.365E-07

      iter #   3 total cpu time :    29.2 secs   av.it.:   2.6
      thresh= 7.324E-05 alpha_mix =  0.300 |ddv_scf|^2 =  1.550E-07

      iter #   4 total cpu time :    29.3 secs   av.it.:   2.7
      thresh= 3.937E-05 alpha_mix =  0.300 |ddv_scf|^2 =  4.342E-09

      iter #   5 total cpu time :    29.4 secs   av.it.:   2.9
      thresh= 6.589E-06 alpha_mix =  0.300 |ddv_scf|^2 =  4.801E-11

      iter #   6 total cpu time :    29.5 secs   av.it.:   2.9
      thresh= 6.929E-07 alpha_mix =  0.300 |ddv_scf|^2 =  1.198E-11

      iter #   7 total cpu time :    29.6 secs   av.it.:   2.8
      thresh= 3.461E-07 alpha_mix =  0.300 |ddv_scf|^2 =  1.117E-12

      iter #   8 total cpu time :    29.7 secs   av.it.:   2.8
      thresh= 1.057E-07 alpha_mix =  0.300 |ddv_scf|^2 =  7.496E-14

      iter #   9 total cpu time :    29.7 secs   av.it.:   2.9
      thresh= 2.738E-08 alpha_mix =  0.300 |ddv_scf|^2 =  7.724E-15

      iter #  10 total cpu time :    29.8 secs   av.it.:   2.8
      thresh= 8.789E-09 alpha_mix =  0.300 |ddv_scf|^2 =  2.366E-15

      iter #  11 total cpu time :    29.9 secs   av.it.:   2.8
      thresh= 4.864E-09 alpha_mix =  0.300 |ddv_scf|^2 =  2.580E-16

     End of self-consistent calculation

     Convergence has been achieved 
 
     Number of q in the star =   24
     List of q in the star:
          1  -0.618718434   0.088388348   0.088388348
          2   0.088388348  -0.618718434   0.088388348
          3   0.088388348   0.088388348  -0.618718434
          4   0.088388348   0.618718434   0.088388348
          5  -0.088388348  -0.618718434   0.088388348
          6   0.088388348  -0.088388348  -0.618718434
          7  -0.088388348  -0.088388348   0.618718434
          8   0.088388348   0.088388348   0.618718434
          9  -0.088388348   0.088388348  -0.618718434
         10   0.618718434   0.088388348   0.088388348
         11   0.618718434  -0.088388348  -0.088388348
         12  -0.618718434   0.088388348  -0.088388348
         13  -0.618718434  -0.088388348   0.088388348
         14   0.618718434  -0.088388348   0.088388348
         15  -0.088388348   0.088388348   0.618718434
         16   0.088388348  -0.088388348   0.618718434
         17  -0.088388348  -0.088388348  -0.618718434
         18   0.618718434   0.088388348  -0.088388348
         19   0.088388348   0.618718434  -0.088388348
         20  -0.088388348   0.618718434   0.088388348
         21  -0.088388348  -0.618718434  -0.088388348
         22  -0.618718434  -0.088388348  -0.088388348
         23   0.088388348  -0.618718434  -0.088388348
         24  -0.088388348   0.618718434  -0.088388348

     Diagonalizing the dynamical matrix

     q = (   -0.618718434   0.088388348   0.088388348 ) 

 **************************************************************************
     freq (    1) =       5.830103 [THz] =     194.471313 [cm-1]
     freq (    2) =       6.443077 [THz] =     214.917918 [cm-1]
     freq (    3) =       9.466118 [THz] =     315.755708 [cm-1]
 **************************************************************************

     Calculation of q =    0.2651650   0.2651650   0.2651650
     [opt_tetra]  Optimized tetrahedron method is used.
     Message from routine divide_et_impera:
     suboptimal parallelization: some nodes have no k-points
 
     G-vector sticks info
     --------------------
     sticks:   dense  smooth     PW     G-vecs:    dense   smooth      PW
     Sum         559     283    109                 8801     3119     749
 
     Using Slab Decomposition
 

     Title: 
     Phonon                                                                     


     bravais-lattice index     =            0
     lattice parameter (alat)  =       5.3877  a.u.
     unit-cell volume          =     110.5871 (a.u.)^3
     number of atoms/cell      =            1
     number of atomic types    =            1
     number of electrons       =         3.00
     number of Kohn-Sham states=            6
     kinetic-energy cutoff     =      35.0000  Ry
     charge density cutoff     =     280.0000  Ry
     Exchange-correlation= PBE
                           (   1   4   3   4   0   0   0)

     celldm(1)=   5.387739  celldm(2)=   0.000000  celldm(3)=   0.000000
     celldm(4)=   0.000000  celldm(5)=   0.000000  celldm(6)=   0.000000

     crystal axes: (cart. coord. in units of alat)
               a(1) = (   0.000000   0.707107   0.707107 )  
               a(2) = (   0.707107   0.000000   0.707107 )  
               a(3) = (   0.707107   0.707107   0.000000 )  

     reciprocal axes: (cart. coord. in units 2 pi/alat)
               b(1) = ( -0.707107  0.707107  0.707107 )  
               b(2) = (  0.707107 -0.707107  0.707107 )  
               b(3) = (  0.707107  0.707107 -0.707107 )  


     PseudoPot. # 1 for Al read from file:
     ./Al.pbe-n-rrkjus_psl.0.1.UPF
     MD5 check sum: 6479f6627750700cef6db36d98bbe09a
     Pseudo is Ultrasoft + core correction, Zval =  3.0
     Generated using "atomic" code by A. Dal Corso  v.5.0.99 svn rev. 10869
     Using radial grid of 1135 points,  4 beta functions with: 
                l(1) =   0
                l(2) =   0
                l(3) =   1
                l(4) =   1
     Q(r) pseudized with 0 coefficients 


     atomic species   valence    mass     pseudopotential
     Al                3.00    26.98154     Al( 1.00)

     48 Sym. Ops., with inversion, found



   Cartesian axes

     site n.     atom                  positions (alat units)
         1        Al     tau(   1) = (   0.0000000   0.0000000   0.0000000  )

     number of k points=   240 (tetrahedron method)

     Number of k-points >= 100: set verbosity='high' to print them.

     Dense  grid:     8801 G-vectors     FFT dimensions: (  30,  30,  30)

     Smooth grid:     3119 G-vectors     FFT dimensions: (  24,  24,  24)

     Estimated max dynamical RAM per process >       3.98 MB

     Estimated total dynamical RAM >       2.24 GB

     Check: negative core charge=   -0.000003

     The potential is recalculated from file :
     ./_ph0/pwscf.q_9/pwscf.save/charge-density

     Starting wfcs are    4 atomic +    2 random wfcs

     Band Structure Calculation
     Davidson diagonalization with overlap

     ethr =  3.33E-10,  avg # of iterations = 17.8

     total cpu time spent up to now is        4.5 secs

     End of band structure calculation

     Number of k-points >= 100: set verbosity='high' to print the bands.

     the Fermi energy is     7.9299 ev
 
     [dfpt_tetra]  Dos(E_F)[/Ry] :   0.4128430E+01

     Phonon                                                                     

     bravais-lattice index     =            0
     lattice parameter (alat)  =       5.3877  a.u.
     unit-cell volume          =     110.5871 (a.u.)^3
     number of atoms/cell      =            1
     number of atomic types    =            1
     kinetic-energy cut-off    =      35.0000  Ry
     charge density cut-off    =     280.0000  Ry
     convergence threshold     =      1.0E-15
     beta                      =       0.3000
     number of iterations used =            4
     Exchange-correlation= PBE
                           (   1   4   3   4   0   0   0)


     celldm(1)=    5.38774  celldm(2)=    0.00000  celldm(3)=    0.00000
     celldm(4)=    0.00000  celldm(5)=    0.00000  celldm(6)=    0.00000

     crystal axes: (cart. coord. in units of alat)
               a(1) = (  0.0000  0.7071  0.7071 )  
               a(2) = (  0.7071  0.0000  0.7071 )  
               a(3) = (  0.7071  0.7071  0.0000 )  

     reciprocal axes: (cart. coord. in units 2 pi/alat)
               b(1) = ( -0.7071  0.7071  0.7071 )  
               b(2) = (  0.7071 -0.7071  0.7071 )  
               b(3) = (  0.7071  0.7071 -0.7071 )  


     Atoms inside the unit cell: 

     Cartesian axes

     site n.  atom      mass           positions (alat units)
        1  Al     26.9815   tau(    1) = (    0.00000    0.00000    0.00000  )

     Computing dynamical matrix for 
                    q = (   0.2651650   0.2651650   0.2651650 )
 
      6 Sym.Ops. (no q -> -q+G )


     G cutoff =  205.8787  (   8801 G-vectors)     FFT grid: ( 30, 30, 30)
     G cutoff =  102.9393  (   3119 G-vectors)  smooth grid: ( 24, 24, 24)
     number of k points=   240

     PseudoPot. # 1 for Al read from file:
     ./Al.pbe-n-rrkjus_psl.0.1.UPF
     MD5 check sum: 6479f6627750700cef6db36d98bbe09a
     Pseudo is Ultrasoft + core correction, Zval =  3.0
     Generated using "atomic" code by A. Dal Corso  v.5.0.99 svn rev. 10869
     Using radial grid of 1135 points,  4 beta functions with: 
                l(1) =   0
                l(2) =   0
                l(3) =   1
                l(4) =   1
     Q(r) pseudized with 0 coefficients 



     Atomic displacements:
     There are    2 irreducible representations

     Representation     1      1 modes -  To be done

     Representation     2      2 modes -  To be done



     Alpha used in Ewald sum =   2.8000
     PHONON       :     26.07s CPU     30.77s WALL



     Representation #   1 mode #   1

     Self-consistent Calculation

      iter #   1 total cpu time :    30.9 secs   av.it.:   1.9
      thresh= 1.000E-02 alpha_mix =  0.300 |ddv_scf|^2 =  1.413E-04

      iter #   2 total cpu time :    31.0 secs   av.it.:   2.3
      thresh= 1.189E-03 alpha_mix =  0.300 |ddv_scf|^2 =  2.821E-05

      iter #   3 total cpu time :    31.1 secs   av.it.:   2.3
      thresh= 5.311E-04 alpha_mix =  0.300 |ddv_scf|^2 =  3.040E-07

      iter #   4 total cpu time :    31.2 secs   av.it.:   2.7
      thresh= 5.514E-05 alpha_mix =  0.300 |ddv_scf|^2 =  4.853E-08

      iter #   5 total cpu time :    31.3 secs   av.it.:   2.7
      thresh= 2.203E-05 alpha_mix =  0.300 |ddv_scf|^2 =  6.185E-10

      iter #   6 total cpu time :    31.4 secs   av.it.:   2.9
      thresh= 2.487E-06 alpha_mix =  0.300 |ddv_scf|^2 =  2.645E-11

      iter #   7 total cpu time :    31.5 secs   av.it.:   2.8
      thresh= 5.143E-07 alpha_mix =  0.300 |ddv_scf|^2 =  2.671E-12

      iter #   8 total cpu time :    31.6 secs   av.it.:   2.7
      thresh= 1.634E-07 alpha_mix =  0.300 |ddv_scf|^2 =  4.280E-13

      iter #   9 total cpu time :    31.7 secs   av.it.:   2.7
      thresh= 6.542E-08 alpha_mix =  0.300 |ddv_scf|^2 =  5.074E-14

      iter #  10 total cpu time :    31.8 secs   av.it.:   2.7
      thresh= 2.253E-08 alpha_mix =  0.300 |ddv_scf|^2 =  1.919E-14

      iter #  11 total cpu time :    31.9 secs   av.it.:   2.8
      thresh= 1.385E-08 alpha_mix =  0.300 |ddv_scf|^2 =  5.678E-16

     End of self-consistent calculation

     Convergence has been achieved 


     Representation #   2 modes #   2   3

     Self-consistent Calculation

      iter #   1 total cpu time :    32.1 secs   av.it.:   1.0
      thresh= 1.000E-02 alpha_mix =  0.300 |ddv_scf|^2 =  2.140E-07

      iter #   2 total cpu time :    32.3 secs   av.it.:   2.7
      thresh= 4.626E-05 alpha_mix =  0.300 |ddv_scf|^2 =  1.015E-07

      iter #   3 total cpu time :    32.5 secs   av.it.:   2.8
      thresh= 3.186E-05 alpha_mix =  0.300 |ddv_scf|^2 =  3.720E-10

      iter #   4 total cpu time :    32.6 secs   av.it.:   3.1
      thresh= 1.929E-06 alpha_mix =  0.300 |ddv_scf|^2 =  5.702E-12

      iter #   5 total cpu time :    32.8 secs   av.it.:   3.0
      thresh= 2.388E-07 alpha_mix =  0.300 |ddv_scf|^2 =  8.946E-13

      iter #   6 total cpu time :    33.0 secs   av.it.:   2.9
      thresh= 9.458E-08 alpha_mix =  0.300 |ddv_scf|^2 =  3.825E-15

      iter #   7 total cpu time :    33.2 secs   av.it.:   3.1
      thresh= 6.185E-09 alpha_mix =  0.300 |ddv_scf|^2 =  9.467E-16

     End of self-consistent calculation

     Convergence has been achieved 
 
     Number of q in the star =    8
     List of q in the star:
          1   0.265165043   0.265165043   0.265165043
          2   0.265165043  -0.265165043   0.265165043
          3  -0.265165043   0.265165043   0.265165043
          4  -0.265165043  -0.265165043  -0.265165043
          5   0.265165043   0.265165043  -0.265165043
          6  -0.265165043  -0.265165043   0.265165043
          7  -0.265165043   0.265165043  -0.265165043
          8   0.265165043  -0.265165043  -0.265165043

     Diagonalizing the dynamical matrix

     q = (    0.265165043   0.265165043   0.265165043 ) 

 **************************************************************************
     freq (    1) =       4.295109 [THz] =     143.269429 [cm-1]
     freq (    2) =       4.295109 [THz] =     143.269429 [cm-1]
     freq (    3) =       9.013327 [THz] =     300.652236 [cm-1]
 **************************************************************************

     Calculation of q =   -0.2651650  -0.2651650   0.7954951
     [opt_tetra]  Optimized tetrahedron method is used.
     Message from routine divide_et_impera:
     suboptimal parallelization: some nodes have no k-points
 
     G-vector sticks info
     --------------------
     sticks:   dense  smooth     PW     G-vecs:    dense   smooth      PW
     Sum         559     283    121                 8801     3119     941
 
     Using Slab Decomposition
 

     Title: 
     Phonon                                                                     


     bravais-lattice index     =            0
     lattice parameter (alat)  =       5.3877  a.u.
     unit-cell volume          =     110.5871 (a.u.)^3
     number of atoms/cell      =            1
     number of atomic types    =            1
     number of electrons       =         3.00
     number of Kohn-Sham states=            6
     kinetic-energy cutoff     =      35.0000  Ry
     charge density cutoff     =     280.0000  Ry
     Exchange-correlation= PBE
                           (   1   4   3   4   0   0   0)

     celldm(1)=   5.387739  celldm(2)=   0.000000  celldm(3)=   0.000000
     celldm(4)=   0.000000  celldm(5)=   0.000000  celldm(6)=   0.000000

     crystal axes: (cart. coord. in units of alat)
               a(1) = (   0.000000   0.707107   0.707107 )  
               a(2) = (   0.707107   0.000000   0.707107 )  
               a(3) = (   0.707107   0.707107   0.000000 )  

     reciprocal axes: (cart. coord. in units 2 pi/alat)
               b(1) = ( -0.707107  0.707107  0.707107 )  
               b(2) = (  0.707107 -0.707107  0.707107 )  
               b(3) = (  0.707107  0.707107 -0.707107 )  


     PseudoPot. # 1 for Al read from file:
     ./Al.pbe-n-rrkjus_psl.0.1.UPF
     MD5 check sum: 6479f6627750700cef6db36d98bbe09a
     Pseudo is Ultrasoft + core correction, Zval =  3.0
     Generated using "atomic" code by A. Dal Corso  v.5.0.99 svn rev. 10869
     Using radial grid of 1135 points,  4 beta functions with: 
                l(1) =   0
                l(2) =   0
                l(3) =   1
                l(4) =   1
     Q(r) pseudized with 0 coefficients 


     atomic species   valence    mass     pseudopotential
     Al                3.00    26.98154     Al( 1.00)

     48 Sym. Ops., with inversion, found



   Cartesian axes

     site n.     atom                  positions (alat units)
         1        Al     tau(   1) = (   0.0000000   0.0000000   0.0000000  )

     number of k points=   576 (tetrahedron method)

     Number of k-points >= 100: set verbosity='high' to print them.

     Dense  grid:     8801 G-vectors     FFT dimensions: (  30,  30,  30)

     Smooth grid:     3119 G-vectors     FFT dimensions: (  24,  24,  24)

     Estimated max dynamical RAM per process >       4.00 MB

     Estimated total dynamical RAM >       2.25 GB

     Check: negative core charge=   -0.000003

     The potential is recalculated from file :
     ./_ph0/pwscf.q_10/pwscf.save/charge-density

     Starting wfcs are    4 atomic +    2 random wfcs

     Band Structure Calculation
     Davidson diagonalization with overlap

     ethr =  3.33E-10,  avg # of iterations = 17.7

     total cpu time spent up to now is        5.0 secs

     End of band structure calculation

     Number of k-points >= 100: set verbosity='high' to print the bands.

     the Fermi energy is     7.9299 ev
 
     [dfpt_tetra]  Dos(E_F)[/Ry] :   0.4128430E+01

     Phonon                                                                     

     bravais-lattice index     =            0
     lattice parameter (alat)  =       5.3877  a.u.
     unit-cell volume          =     110.5871 (a.u.)^3
     number of atoms/cell      =            1
     number of atomic types    =            1
     kinetic-energy cut-off    =      35.0000  Ry
     charge density cut-off    =     280.0000  Ry
     convergence threshold     =      1.0E-15
     beta                      =       0.3000
     number of iterations used =            4
     Exchange-correlation= PBE
                           (   1   4   3   4   0   0   0)


     celldm(1)=    5.38774  celldm(2)=    0.00000  celldm(3)=    0.00000
     celldm(4)=    0.00000  celldm(5)=    0.00000  celldm(6)=    0.00000

     crystal axes: (cart. coord. in units of alat)
               a(1) = (  0.0000  0.7071  0.7071 )  
               a(2) = (  0.7071  0.0000  0.7071 )  
               a(3) = (  0.7071  0.7071  0.0000 )  

     reciprocal axes: (cart. coord. in units 2 pi/alat)
               b(1) = ( -0.7071  0.7071  0.7071 )  
               b(2) = (  0.7071 -0.7071  0.7071 )  
               b(3) = (  0.7071  0.7071 -0.7071 )  


     Atoms inside the unit cell: 

     Cartesian axes

     site n.  atom      mass           positions (alat units)
        1  Al     26.9815   tau(    1) = (    0.00000    0.00000    0.00000  )

     Computing dynamical matrix for 
                    q = (  -0.2651650  -0.2651650   0.7954951 )
 
      2 Sym.Ops. (no q -> -q+G )


     G cutoff =  205.8787  (   8801 G-vectors)     FFT grid: ( 30, 30, 30)
     G cutoff =  102.9393  (   3119 G-vectors)  smooth grid: ( 24, 24, 24)
     number of k points=   576

     PseudoPot. # 1 for Al read from file:
     ./Al.pbe-n-rrkjus_psl.0.1.UPF
     MD5 check sum: 6479f6627750700cef6db36d98bbe09a
     Pseudo is Ultrasoft + core correction, Zval =  3.0
     Generated using "atomic" code by A. Dal Corso  v.5.0.99 svn rev. 10869
     Using radial grid of 1135 points,  4 beta functions with: 
                l(1) =   0
                l(2) =   0
                l(3) =   1
                l(4) =   1
     Q(r) pseudized with 0 coefficients 



     Atomic displacements:
     There are    3 irreducible representations

     Representation     1      1 modes -  To be done

     Representation     2      1 modes -  To be done

     Representation     3      1 modes -  To be done



     Alpha used in Ewald sum =   2.8000
     PHONON       :     29.01s CPU     34.04s WALL



     Representation #   1 mode #   1

     Self-consistent Calculation

      iter #   1 total cpu time :    34.1 secs   av.it.:   1.7
      thresh= 1.000E-02 alpha_mix =  0.300 |ddv_scf|^2 =  5.036E-06

      iter #   2 total cpu time :    34.2 secs   av.it.:   2.5
      thresh= 2.244E-04 alpha_mix =  0.300 |ddv_scf|^2 =  5.294E-07

      iter #   3 total cpu time :    34.3 secs   av.it.:   2.6
      thresh= 7.276E-05 alpha_mix =  0.300 |ddv_scf|^2 =  1.542E-07

      iter #   4 total cpu time :    34.4 secs   av.it.:   2.7
      thresh= 3.927E-05 alpha_mix =  0.300 |ddv_scf|^2 =  2.418E-09

      iter #   5 total cpu time :    34.4 secs   av.it.:   2.9
      thresh= 4.917E-06 alpha_mix =  0.300 |ddv_scf|^2 =  6.631E-11

      iter #   6 total cpu time :    34.5 secs   av.it.:   2.9
      thresh= 8.143E-07 alpha_mix =  0.300 |ddv_scf|^2 =  1.223E-11

      iter #   7 total cpu time :    34.6 secs   av.it.:   2.8
      thresh= 3.498E-07 alpha_mix =  0.300 |ddv_scf|^2 =  2.181E-12

      iter #   8 total cpu time :    34.7 secs   av.it.:   2.8
      thresh= 1.477E-07 alpha_mix =  0.300 |ddv_scf|^2 =  1.361E-13

      iter #   9 total cpu time :    34.8 secs   av.it.:   2.9
      thresh= 3.689E-08 alpha_mix =  0.300 |ddv_scf|^2 =  3.657E-15

      iter #  10 total cpu time :    34.9 secs   av.it.:   2.9
      thresh= 6.047E-09 alpha_mix =  0.300 |ddv_scf|^2 =  1.291E-15

      iter #  11 total cpu time :    35.0 secs   av.it.:   2.8
      thresh= 3.593E-09 alpha_mix =  0.300 |ddv_scf|^2 =  8.911E-17

     End of self-consistent calculation

     Convergence has been achieved 


     Representation #   2 mode #   2

     Self-consistent Calculation

      iter #   1 total cpu time :    35.1 secs   av.it.:   1.9
      thresh= 1.000E-02 alpha_mix =  0.300 |ddv_scf|^2 =  8.176E-06

      iter #   2 total cpu time :    35.1 secs   av.it.:   2.6
      thresh= 2.859E-04 alpha_mix =  0.300 |ddv_scf|^2 =  7.900E-07

      iter #   3 total cpu time :    35.2 secs   av.it.:   2.7
      thresh= 8.888E-05 alpha_mix =  0.300 |ddv_scf|^2 =  1.546E-07

      iter #   4 total cpu time :    35.3 secs   av.it.:   2.7
      thresh= 3.932E-05 alpha_mix =  0.300 |ddv_scf|^2 =  1.707E-08

      iter #   5 total cpu time :    35.4 secs   av.it.:   2.8
      thresh= 1.307E-05 alpha_mix =  0.300 |ddv_scf|^2 =  6.044E-11

      iter #   6 total cpu time :    35.5 secs   av.it.:   3.0
      thresh= 7.774E-07 alpha_mix =  0.300 |ddv_scf|^2 =  1.528E-11

      iter #   7 total cpu time :    35.6 secs   av.it.:   2.7
      thresh= 3.909E-07 alpha_mix =  0.300 |ddv_scf|^2 =  1.616E-12

      iter #   8 total cpu time :    35.6 secs   av.it.:   2.9
      thresh= 1.271E-07 alpha_mix =  0.300 |ddv_scf|^2 =  4.484E-15

      iter #   9 total cpu time :    35.7 secs   av.it.:   3.0
      thresh= 6.696E-09 alpha_mix =  0.300 |ddv_scf|^2 =  1.661E-15

      iter #  10 total cpu time :    35.8 secs   av.it.:   2.8
      thresh= 4.075E-09 alpha_mix =  0.300 |ddv_scf|^2 =  8.705E-17

     End of self-consistent calculation

     Convergence has been achieved 


     Representation #   3 mode #   3

     Self-consistent Calculation

      iter #   1 total cpu time :    35.9 secs   av.it.:   1.1
      thresh= 1.000E-02 alpha_mix =  0.300 |ddv_scf|^2 =  8.047E-07

      iter #   2 total cpu time :    36.0 secs   av.it.:   2.5
      thresh= 8.970E-05 alpha_mix =  0.300 |ddv_scf|^2 =  3.871E-07

      iter #   3 total cpu time :    36.1 secs   av.it.:   2.6
      thresh= 6.221E-05 alpha_mix =  0.300 |ddv_scf|^2 =  8.586E-10

      iter #   4 total cpu time :    36.2 secs   av.it.:   2.9
      thresh= 2.930E-06 alpha_mix =  0.300 |ddv_scf|^2 =  3.768E-11

      iter #   5 total cpu time :    36.2 secs   av.it.:   2.8
      thresh= 6.139E-07 alpha_mix =  0.300 |ddv_scf|^2 =  7.036E-12

      iter #   6 total cpu time :    36.3 secs   av.it.:   2.8
      thresh= 2.653E-07 alpha_mix =  0.300 |ddv_scf|^2 =  2.099E-14

      iter #   7 total cpu time :    36.4 secs   av.it.:   3.0
      thresh= 1.449E-08 alpha_mix =  0.300 |ddv_scf|^2 =  5.883E-15

      iter #   8 total cpu time :    36.5 secs   av.it.:   2.7
      thresh= 7.670E-09 alpha_mix =  0.300 |ddv_scf|^2 =  1.405E-17

     End of self-consistent calculation

     Convergence has been achieved 
 
     Number of q in the star =   24
     List of q in the star:
          1  -0.265165043  -0.265165043   0.795495129
          2   0.795495129  -0.265165043  -0.265165043
          3  -0.265165043   0.795495129  -0.265165043
          4  -0.265165043   0.265165043   0.795495129
          5   0.265165043  -0.265165043   0.795495129
          6   0.795495129   0.265165043  -0.265165043
          7  -0.795495129   0.265165043   0.265165043
          8   0.795495129  -0.265165043   0.265165043
          9  -0.795495129  -0.265165043  -0.265165043
         10   0.265165043   0.795495129  -0.265165043
         11   0.265165043  -0.795495129   0.265165043
         12  -0.265165043   0.795495129   0.265165043
         13  -0.265165043  -0.795495129  -0.265165043
         14   0.265165043   0.265165043   0.795495129
         15   0.265165043   0.795495129   0.265165043
         16  -0.265165043  -0.795495129   0.265165043
         17   0.265165043  -0.795495129  -0.265165043
         18   0.265165043  -0.265165043  -0.795495129
         19   0.795495129   0.265165043   0.265165043
         20  -0.795495129   0.265165043  -0.265165043
         21  -0.795495129  -0.265165043   0.265165043
         22   0.265165043   0.265165043  -0.795495129
         23  -0.265165043  -0.265165043  -0.795495129
         24  -0.265165043   0.265165043  -0.795495129

     Diagonalizing the dynamical matrix

     q = (   -0.265165043  -0.265165043   0.795495129 ) 

 **************************************************************************
     freq (    1) =       5.346970 [THz] =     178.355731 [cm-1]
     freq (    2) =       7.551017 [THz] =     251.874831 [cm-1]
     freq (    3) =       9.115039 [THz] =     304.044981 [cm-1]
 **************************************************************************
 
     init_run     :      1.43s CPU      1.65s WALL (      10 calls)
     electrons    :      2.40s CPU      2.50s WALL (      10 calls)

     Called by init_run:
     wfcinit      :      0.01s CPU      0.10s WALL (      10 calls)
     potinit      :      0.43s CPU      0.52s WALL (      10 calls)
     hinit0       :      0.45s CPU      0.45s WALL (      10 calls)

     Called by electrons:
     c_bands      :      1.90s CPU      2.00s WALL (      10 calls)
     v_of_rho     :      0.37s CPU      0.40s WALL (      11 calls)
     newd         :      0.45s CPU      0.46s WALL (      11 calls)

     Called by c_bands:
     init_us_2    :      0.05s CPU      0.06s WALL (     402 calls)
     cegterg      :      1.30s CPU      1.36s WALL (      28 calls)

     Called by *egterg:
     cdiaghg      :      0.17s CPU      0.18s WALL (     406 calls)
     h_psi        :      3.33s CPU      3.53s WALL (    2390 calls)
     s_psi        :      0.07s CPU      0.08s WALL (    4647 calls)
     g_psi        :      0.00s CPU      0.00s WALL (     386 calls)

     Called by h_psi:
     h_psi:calbec :      0.09s CPU      0.10s WALL (    2390 calls)
     vloc_psi     :      3.14s CPU      3.33s WALL (    2390 calls)
     add_vuspsi   :      0.04s CPU      0.04s WALL (    2390 calls)

     General routines
     calbec       :      0.16s CPU      0.18s WALL (    5238 calls)
     fft          :      4.81s CPU      4.93s WALL (    5247 calls)
     ffts         :      0.40s CPU      0.41s WALL (     796 calls)
     fftw         :      4.79s CPU      5.21s WALL (   17956 calls)
     interpolate  :      1.00s CPU      1.02s WALL (     652 calls)
     davcio       :      0.01s CPU      0.01s WALL (      30 calls)
 
     Parallel routines
 
     PHONON       :     31.26s CPU     36.60s WALL

     INITIALIZATION: 
     phq_setup    :      1.29s CPU      1.39s WALL (      10 calls)
     phq_init     :      1.29s CPU      1.42s WALL (      10 calls)
 
     phq_init     :      1.29s CPU      1.42s WALL (      10 calls)
     set_drhoc    :      0.06s CPU      0.06s WALL (      30 calls)
     init_vloc    :      0.11s CPU      0.14s WALL (      11 calls)
     init_us_1    :      0.22s CPU      0.28s WALL (      11 calls)
     init_us_2    :      0.05s CPU      0.06s WALL (     402 calls)
     newd         :      0.45s CPU      0.46s WALL (      11 calls)
     dvanqq       :      0.39s CPU      0.40s WALL (      10 calls)
     drho         :      0.30s CPU      0.33s WALL (      10 calls)
     drhous       :      0.07s CPU      0.08s WALL (      10 calls)
     nldyntot     :      0.00s CPU      0.01s WALL (      10 calls)
 
     DYNAMICAL MATRIX:
     dynmat0      :      0.42s CPU      0.49s WALL (      10 calls)
     dynmat_us    :      0.03s CPU      0.03s WALL (      10 calls)
     addusdynmat  :      0.00s CPU      0.00s WALL (      10 calls)
     d2ionq       :      0.02s CPU      0.02s WALL (      10 calls)
     dynmatcc     :      0.36s CPU      0.37s WALL (      10 calls)
     phqscf       :     23.34s CPU     25.57s WALL (      10 calls)
     dynmatrix    :      0.02s CPU      0.06s WALL (      10 calls)
 
     phqscf       :     23.34s CPU     25.57s WALL (      10 calls)
     solve_linter :     23.21s CPU     25.19s WALL (      28 calls)
     dfpt_kernel  :     22.56s CPU     24.47s WALL (      28 calls)
     sth_kernel   :      7.45s CPU      8.01s WALL (     286 calls)
     h_prec       :      0.00s CPU      0.01s WALL (     286 calls)
     apply_dpot_b :      0.88s CPU      1.03s WALL (     271 calls)
     ortho        :      0.05s CPU      0.06s WALL (     301 calls)
     cgsolve      :      2.57s CPU      2.77s WALL (     301 calls)
     incdrhoscf   :      1.04s CPU      1.16s WALL (     301 calls)
     addusddens_p :      0.15s CPU      0.15s WALL (      10 calls)
     dv_of_drho   :      4.11s CPU      4.19s WALL (     301 calls)
     mix_pot      :      0.16s CPU      0.17s WALL (     286 calls)
     drhodv       :      0.06s CPU      0.07s WALL (      28 calls)
     psymdvscf    :      3.54s CPU      3.55s WALL (     442 calls)
     newdq        :      1.86s CPU      1.87s WALL (     286 calls)
     adddvscf     :      0.01s CPU      0.01s WALL (     271 calls)
     com_dvloc    :      0.07s CPU      0.08s WALL (     144 calls)
     addcore      :      0.17s CPU      0.18s WALL (     150 calls)
     drhodvus     :      0.01s CPU      0.02s WALL (      28 calls)
 
     dvqpsi_us    :      0.13s CPU      0.14s WALL (      30 calls)
     dvqpsi_us_on :      0.01s CPU      0.01s WALL (      30 calls)
 
     add_vuspsi   :      0.04s CPU      0.04s WALL (    2390 calls)
     addusdbec    :      0.03s CPU      0.03s WALL (     331 calls)
 
     drhodvus     :      0.01s CPU      0.02s WALL (      28 calls)
     lr_addusdden :      1.98s CPU      2.00s WALL (     286 calls)
 
      General routines
     calbec       :      0.16s CPU      0.18s WALL (    5238 calls)
     fft          :      4.81s CPU      4.93s WALL (    5247 calls)
     ffts         :      0.40s CPU      0.41s WALL (     796 calls)
     fftw         :      4.79s CPU      5.21s WALL (   17956 calls)
     davcio       :      0.01s CPU      0.01s WALL (      30 calls)
     write_rec    :      0.48s CPU      1.63s WALL (     314 calls)
 
      Additional routines
     ch_psi       :      2.54s CPU      2.74s WALL (    1956 calls)
     last         :      0.26s CPU      0.28s WALL (    1956 calls)
     Hesh         :      0.01s CPU      0.02s WALL (    1956 calls)
     ch_psi_all_k :      0.22s CPU      0.24s WALL (    1956 calls)
     ch_psi_calbe :      0.05s CPU      0.06s WALL (    1956 calls)
     h_psi_bgrp   :      3.34s CPU      3.55s WALL (    2390 calls)
     h_psi        :      3.33s CPU      3.53s WALL (    2390 calls)
     h_psi:pot    :      3.30s CPU      3.50s WALL (    2390 calls)
     h_psi:calbec :      0.09s CPU      0.10s WALL (    2390 calls)
     s_psi_bgrp   :      0.12s CPU      0.13s WALL (    4647 calls)
     s_psi        :      0.07s CPU      0.08s WALL (    4647 calls)
 
 
     PHONON       :     31.26s CPU     36.60s WALL

 
   This run was terminated on:  23:24:38  30Sep2026            

=------------------------------------------------------------------------------=
   JOB DONE.
=------------------------------------------------------------------------------=
