
     Program PHONON v.7.6 starts on  1Oct2026 at  1:30:17 

     This program is part of the open-source Quantum ESPRESSO suite
     for quantum simulation of materials; please cite
         "P. Giannozzi et al., J. Phys.:Condens. Matter 21 395502 (2009);
         "P. Giannozzi et al., J. Phys.:Condens. Matter 29 465901 (2017);
         "P. Giannozzi et al., J. Chem. Phys. 152 154105 (2020);
          URL http://www.quantum-espresso.org", 
     in publications or presentations arising from this work. More details at
     http://www.quantum-espresso.org/quote

     Parallel version (MPI & OpenMP), running on     576 processor cores
     Number of MPI processes:               576
     Threads/MPI process:                     1

     MPI processes distributed on    12 nodes
     25110 MiB available memory on the printing compute node when the environment starts
 
     Reading input from epmat.in

     Reading xml data from directory:

     ./pwscf.save/
 
     K-points division:     npool     =     576
     Subspace diagonalization in iterative solution of the eigenvalue problem:
     a serial algorithm will be used

     file B.pbe-n-kjpaw_psl.0.1.upf: wavefunction(s)  2P renormalized
     file Mg.pbe-n-kjpaw_psl.0.3.0.upf: wavefunction(s)  3S renormalized

     IMPORTANT: XC functional enforced from input :
     Exchange-correlation= PBE
                           (   1   4   3   4   0   0   0)
     Any further DFT definition will be discarded
     Please, verify this is what you really want

 
     G-vector sticks info
     --------------------
     sticks:   dense  smooth     PW     G-vecs:    dense   smooth      PW
     Sum         649     313    109                15395     5449    1011
 
     Using Slab Decomposition
 

     Check: negative core charge=   -0.000006
     Message from routine divide_et_impera:
     suboptimal parallelization: some nodes have no k-points
     Reading collected, re-writing distributed wavefunctions in ./


     Dynamical matrices for ( 4, 4, 3)  uniform grid of q-points
     With a half shift  0  0  1
     (   8 q-points):
       N         xq(1)         xq(2)         xq(3) 
       1   0.000000000   0.000000000   0.145452854
       2   0.000000000   0.000000000  -0.436358562
       3   0.000000000   0.288675135   0.145452854
       4   0.000000000   0.288675135  -0.436358562
       5   0.000000000  -0.577350269   0.145452854
       6   0.000000000  -0.577350269  -0.436358562
       7   0.250000000   0.433012702   0.145452854
       8   0.250000000   0.433012702  -0.436358562
     Because shifted q grid is used, q2r will not work !

     Saving dvscf to file. Distribute only q points, not irreducible representations.

     Calculation of q =    0.0000000   0.0000000   0.1454529
     Message from routine kpoint_grid:
     ATTENTION: skip check of k-points equivalence
     [opt_tetra]  Optimized tetrahedron method is used.
     Message from routine divide_et_impera:
     suboptimal parallelization: some nodes have no k-points
 
     G-vector sticks info
     --------------------
     sticks:   dense  smooth     PW     G-vecs:    dense   smooth      PW
     Sum         649     313    121                15395     5449    1179
 
     Using Slab Decomposition
 

     Title: 
     Electron-phonon matrix                                                     


     bravais-lattice index     =            0
     lattice parameter (alat)  =       5.8042  a.u.
     unit-cell volume          =     194.0373 (a.u.)^3
     number of atoms/cell      =            3
     number of atomic types    =            2
     number of electrons       =         8.00
     number of Kohn-Sham states=            8
     kinetic-energy cutoff     =      35.0000  Ry
     charge density cutoff     =     280.0000  Ry
     Exchange-correlation= PBE
                           (   1   4   3   4   0   0   0)

     celldm(1)=   5.804205  celldm(2)=   0.000000  celldm(3)=   0.000000
     celldm(4)=   0.000000  celldm(5)=   0.000000  celldm(6)=   0.000000

     crystal axes: (cart. coord. in units of alat)
               a(1) = (   1.000000   0.000000   0.000000 )  
               a(2) = (  -0.500000   0.866025   0.000000 )  
               a(3) = (   0.000000   0.000000   1.145847 )  

     reciprocal axes: (cart. coord. in units 2 pi/alat)
               b(1) = (  1.000000  0.577350  0.000000 )  
               b(2) = (  0.000000  1.154701  0.000000 )  
               b(3) = (  0.000000  0.000000  0.872717 )  


     PseudoPot. # 1 for B  read from file:
     ./B.pbe-n-kjpaw_psl.0.1.upf
     MD5 check sum: b4345a612e0782cca08559f453f3313f
     Pseudo is Projector augmented-wave + core cor, Zval =  3.0
     Generated using "atomic" code by A. Dal Corso  v.5.0.99 svn rev. 10869
     Shape of augmentation charge: BESSEL
     Using radial grid of 1059 points,  4 beta functions with: 
                l(1) =   0
                l(2) =   0
                l(3) =   1
                l(4) =   1
     Q(r) pseudized with 0 coefficients 


     PseudoPot. # 2 for Mg read from file:
     ./Mg.pbe-n-kjpaw_psl.0.3.0.upf
     MD5 check sum: 9eaefceb6cf3903db1b93e4e5c6adf9a
     Pseudo is Projector augmented-wave + core cor, Zval =  2.0
     Generated using "atomic" code by A. Dal Corso  v.5.0.99 svn rev. 10869
     Shape of augmentation charge: PSQ
     Using radial grid of 1129 points,  4 beta functions with: 
                l(1) =   0
                l(2) =   0
                l(3) =   1
                l(4) =   1
     Q(r) pseudized with 0 coefficients 


     atomic species   valence    mass     pseudopotential
     B                 3.00    10.81100     B ( 1.00)
     Mg                2.00    24.30500     Mg( 1.00)

     24 Sym. Ops., with inversion, found



   Cartesian axes

     site n.     atom                  positions (alat units)
         1        Mg     tau(   1) = (   0.0000000   0.0000000   0.0000000  )
         2        B      tau(   2) = (   0.0000000   0.5773503   0.5729233  )
         3        B      tau(   3) = (   0.5000000   0.2886751   0.5729233  )

     number of k points=    96 (tetrahedron method)
                       cart. coord. in units 2pi/alat
        k(    1) = (   0.0000000   0.0000000   0.0000000), wk =   0.0416667
        k(    2) = (   0.0000000   0.0000000   0.1454529), wk =   0.0000000
        k(    3) = (   0.0000000   0.0000000   0.2909057), wk =   0.0416667
        k(    4) = (   0.0000000   0.0000000   0.4363586), wk =   0.0000000
        k(    5) = (   0.0000000   0.0000000  -0.2909057), wk =   0.0416667
        k(    6) = (   0.0000000   0.0000000  -0.1454529), wk =   0.0000000
        k(    7) = (   0.0000000   0.2886751   0.0000000), wk =   0.0416667
        k(    8) = (   0.0000000   0.2886751   0.1454529), wk =   0.0000000
        k(    9) = (   0.0000000   0.2886751   0.2909057), wk =   0.0416667
        k(   10) = (   0.0000000   0.2886751   0.4363586), wk =   0.0000000
        k(   11) = (   0.0000000   0.2886751  -0.2909057), wk =   0.0416667
        k(   12) = (   0.0000000   0.2886751  -0.1454529), wk =   0.0000000
        k(   13) = (   0.0000000  -0.5773503   0.0000000), wk =   0.0416667
        k(   14) = (   0.0000000  -0.5773503   0.1454529), wk =   0.0000000
        k(   15) = (   0.0000000  -0.5773503   0.2909057), wk =   0.0416667
        k(   16) = (   0.0000000  -0.5773503   0.4363586), wk =   0.0000000
        k(   17) = (   0.0000000  -0.5773503  -0.2909057), wk =   0.0416667
        k(   18) = (   0.0000000  -0.5773503  -0.1454529), wk =   0.0000000
        k(   19) = (   0.0000000  -0.2886751   0.0000000), wk =   0.0416667
        k(   20) = (   0.0000000  -0.2886751   0.1454529), wk =   0.0000000
        k(   21) = (   0.0000000  -0.2886751   0.2909057), wk =   0.0416667
        k(   22) = (   0.0000000  -0.2886751   0.4363586), wk =   0.0000000
        k(   23) = (   0.0000000  -0.2886751  -0.2909057), wk =   0.0416667
        k(   24) = (   0.0000000  -0.2886751  -0.1454529), wk =   0.0000000
        k(   25) = (   0.2500000   0.1443376   0.0000000), wk =   0.0416667
        k(   26) = (   0.2500000   0.1443376   0.1454529), wk =   0.0000000
        k(   27) = (   0.2500000   0.1443376   0.2909057), wk =   0.0416667
        k(   28) = (   0.2500000   0.1443376   0.4363586), wk =   0.0000000
        k(   29) = (   0.2500000   0.1443376  -0.2909057), wk =   0.0416667
        k(   30) = (   0.2500000   0.1443376  -0.1454529), wk =   0.0000000
        k(   31) = (   0.2500000   0.4330127   0.0000000), wk =   0.0416667
        k(   32) = (   0.2500000   0.4330127   0.1454529), wk =   0.0000000
        k(   33) = (   0.2500000   0.4330127   0.2909057), wk =   0.0416667
        k(   34) = (   0.2500000   0.4330127   0.4363586), wk =   0.0000000
        k(   35) = (   0.2500000   0.4330127  -0.2909057), wk =   0.0416667
        k(   36) = (   0.2500000   0.4330127  -0.1454529), wk =   0.0000000
        k(   37) = (   0.2500000  -0.4330127   0.0000000), wk =   0.0416667
        k(   38) = (   0.2500000  -0.4330127   0.1454529), wk =   0.0000000
        k(   39) = (   0.2500000  -0.4330127   0.2909057), wk =   0.0416667
        k(   40) = (   0.2500000  -0.4330127   0.4363586), wk =   0.0000000
        k(   41) = (   0.2500000  -0.4330127  -0.2909057), wk =   0.0416667
        k(   42) = (   0.2500000  -0.4330127  -0.1454529), wk =   0.0000000
        k(   43) = (   0.2500000  -0.1443376   0.0000000), wk =   0.0416667
        k(   44) = (   0.2500000  -0.1443376   0.1454529), wk =   0.0000000
        k(   45) = (   0.2500000  -0.1443376   0.2909057), wk =   0.0416667
        k(   46) = (   0.2500000  -0.1443376   0.4363586), wk =   0.0000000
        k(   47) = (   0.2500000  -0.1443376  -0.2909057), wk =   0.0416667
        k(   48) = (   0.2500000  -0.1443376  -0.1454529), wk =   0.0000000
        k(   49) = (  -0.5000000  -0.2886751   0.0000000), wk =   0.0416667
        k(   50) = (  -0.5000000  -0.2886751   0.1454529), wk =   0.0000000
        k(   51) = (  -0.5000000  -0.2886751   0.2909057), wk =   0.0416667
        k(   52) = (  -0.5000000  -0.2886751   0.4363586), wk =   0.0000000
        k(   53) = (  -0.5000000  -0.2886751  -0.2909057), wk =   0.0416667
        k(   54) = (  -0.5000000  -0.2886751  -0.1454529), wk =   0.0000000
        k(   55) = (  -0.5000000   0.0000000   0.0000000), wk =   0.0416667
        k(   56) = (  -0.5000000   0.0000000   0.1454529), wk =   0.0000000
        k(   57) = (  -0.5000000   0.0000000   0.2909057), wk =   0.0416667
        k(   58) = (  -0.5000000   0.0000000   0.4363586), wk =   0.0000000
        k(   59) = (  -0.5000000   0.0000000  -0.2909057), wk =   0.0416667
        k(   60) = (  -0.5000000   0.0000000  -0.1454529), wk =   0.0000000
        k(   61) = (  -0.5000000  -0.8660254   0.0000000), wk =   0.0416667
        k(   62) = (  -0.5000000  -0.8660254   0.1454529), wk =   0.0000000
        k(   63) = (  -0.5000000  -0.8660254   0.2909057), wk =   0.0416667
        k(   64) = (  -0.5000000  -0.8660254   0.4363586), wk =   0.0000000
        k(   65) = (  -0.5000000  -0.8660254  -0.2909057), wk =   0.0416667
        k(   66) = (  -0.5000000  -0.8660254  -0.1454529), wk =   0.0000000
        k(   67) = (  -0.5000000  -0.5773503   0.0000000), wk =   0.0416667
        k(   68) = (  -0.5000000  -0.5773503   0.1454529), wk =   0.0000000
        k(   69) = (  -0.5000000  -0.5773503   0.2909057), wk =   0.0416667
        k(   70) = (  -0.5000000  -0.5773503   0.4363586), wk =   0.0000000
        k(   71) = (  -0.5000000  -0.5773503  -0.2909057), wk =   0.0416667
        k(   72) = (  -0.5000000  -0.5773503  -0.1454529), wk =   0.0000000
        k(   73) = (  -0.2500000  -0.1443376   0.0000000), wk =   0.0416667
        k(   74) = (  -0.2500000  -0.1443376   0.1454529), wk =   0.0000000
        k(   75) = (  -0.2500000  -0.1443376   0.2909057), wk =   0.0416667
        k(   76) = (  -0.2500000  -0.1443376   0.4363586), wk =   0.0000000
        k(   77) = (  -0.2500000  -0.1443376  -0.2909057), wk =   0.0416667
        k(   78) = (  -0.2500000  -0.1443376  -0.1454529), wk =   0.0000000
        k(   79) = (  -0.2500000   0.1443376   0.0000000), wk =   0.0416667
        k(   80) = (  -0.2500000   0.1443376   0.1454529), wk =   0.0000000
        k(   81) = (  -0.2500000   0.1443376   0.2909057), wk =   0.0416667
        k(   82) = (  -0.2500000   0.1443376   0.4363586), wk =   0.0000000
        k(   83) = (  -0.2500000   0.1443376  -0.2909057), wk =   0.0416667
        k(   84) = (  -0.2500000   0.1443376  -0.1454529), wk =   0.0000000
        k(   85) = (  -0.2500000  -0.7216878   0.0000000), wk =   0.0416667
        k(   86) = (  -0.2500000  -0.7216878   0.1454529), wk =   0.0000000
        k(   87) = (  -0.2500000  -0.7216878   0.2909057), wk =   0.0416667
        k(   88) = (  -0.2500000  -0.7216878   0.4363586), wk =   0.0000000
        k(   89) = (  -0.2500000  -0.7216878  -0.2909057), wk =   0.0416667
        k(   90) = (  -0.2500000  -0.7216878  -0.1454529), wk =   0.0000000
        k(   91) = (  -0.2500000  -0.4330127   0.0000000), wk =   0.0416667
        k(   92) = (  -0.2500000  -0.4330127   0.1454529), wk =   0.0000000
        k(   93) = (  -0.2500000  -0.4330127   0.2909057), wk =   0.0416667
        k(   94) = (  -0.2500000  -0.4330127   0.4363586), wk =   0.0000000
        k(   95) = (  -0.2500000  -0.4330127  -0.2909057), wk =   0.0416667
        k(   96) = (  -0.2500000  -0.4330127  -0.1454529), wk =   0.0000000

     Dense  grid:    15395 G-vectors     FFT dimensions: (  32,  32,  36)

     Smooth grid:     5449 G-vectors     FFT dimensions: (  24,  24,  25)

     Estimated max dynamical RAM per process >       7.21 MB

     Estimated total dynamical RAM >       4.06 GB

     Check: negative core charge=   -0.000006

     The potential is recalculated from file :
     ./_ph0/pwscf.q_1/pwscf.save/charge-density

     Starting wfcs are   12 atomic wfcs
     Checking if some PAW data can be deallocated... 

     Band Structure Calculation
     Davidson diagonalization with overlap

     ethr =  1.25E-10,  avg # of iterations = 19.3

     total cpu time spent up to now is        1.0 secs

     End of band structure calculation

          k = 0.0000 0.0000 0.0000 (   709 PWs)   bands (ev):

    -4.7856   4.7169   8.0859   8.0859   9.3182  14.0810  14.0810  15.9413

          k = 0.0000 0.0000 0.1455 (   697 PWs)   bands (ev):

    -4.5497   3.2122   8.1741   8.1741  11.3828  14.1562  14.1562  15.8936

          k = 0.0000 0.0000 0.2909 (   690 PWs)   bands (ev):

    -3.9413   1.1725   8.3605   8.3605  14.3197  14.3197  15.0532  15.8003

          k = 0.0000 0.0000 0.4364 (   684 PWs)   bands (ev):

    -3.4999   0.2155   8.4616   8.4616  14.4076  14.4076  15.7557  17.7397

          k = 0.0000 0.0000-0.2909 (   690 PWs)   bands (ev):

    -3.9413   1.1725   8.3605   8.3605  14.3197  14.3197  15.0532  15.8003

          k = 0.0000 0.0000-0.1455 (   697 PWs)   bands (ev):

    -4.5497   3.2122   8.1741   8.1741  11.3828  14.1562  14.1562  15.8936

          k = 0.0000 0.2887 0.0000 (   681 PWs)   bands (ev):

    -3.6967   4.3221   5.7684   6.5101  10.2984  13.1165  14.5810  17.0309

          k = 0.0000 0.2887 0.1455 (   677 PWs)   bands (ev):

    -3.4736   4.2713   4.5113   6.5843  12.0431  13.1161  13.7450  18.2343

          k = 0.0000 0.2887 0.2909 (   680 PWs)   bands (ev):

    -2.9073   2.3497   4.7869   6.7418  11.5392  13.6809  16.1211  18.0281

          k = 0.0000 0.2887 0.4364 (   690 PWs)   bands (ev):

    -2.5101   1.4487   4.9711   6.8246  10.9392  13.9994  17.7964  18.2336

          k = 0.0000 0.2887-0.2909 (   680 PWs)   bands (ev):

    -2.9073   2.3497   4.7869   6.7418  11.5392  13.6809  16.1211  18.0281

          k = 0.0000 0.2887-0.1455 (   677 PWs)   bands (ev):

    -3.4736   4.2713   4.5113   6.5843  12.0431  13.1161  13.7450  18.2343

          k = 0.0000-0.5774 0.0000 (   676 PWs)   bands (ev):

    -0.8559  -0.1616   5.5309   7.8975  10.7860  11.6276  13.0221  14.8253

          k = 0.0000-0.5774 0.1455 (   662 PWs)   bands (ev):

    -0.6675   0.0267   5.5994   6.6607   9.0584  12.3432  14.8161  16.3850

          k = 0.0000-0.5774 0.2909 (   670 PWs)   bands (ev):

    -0.1967   0.4723   4.9116   5.7426   7.1851  13.0425  17.1668  18.1844

          k = 0.0000-0.5774 0.4364 (   676 PWs)   bands (ev):

     0.1220   0.7477   4.1205   5.8185   6.4053  13.4894  16.5345  16.6638

          k = 0.0000-0.5774-0.2909 (   670 PWs)   bands (ev):

    -0.1967   0.4723   4.9116   5.7426   7.1851  13.0425  17.1668  18.1844

          k = 0.0000-0.5774-0.1455 (   662 PWs)   bands (ev):

    -0.6675   0.0267   5.5994   6.6607   9.0584  12.3432  14.8161  16.3850

          k = 0.0000-0.2887 0.0000 (   681 PWs)   bands (ev):

    -3.6967   4.3221   5.7684   6.5101  10.2984  13.1165  14.5810  17.0309

          k = 0.0000-0.2887 0.1455 (   677 PWs)   bands (ev):

    -3.4736   4.2713   4.5113   6.5843  12.0431  13.1161  13.7450  18.2343

          k = 0.0000-0.2887 0.2909 (   680 PWs)   bands (ev):

    -2.9073   2.3497   4.7869   6.7418  11.5392  13.6809  16.1211  18.0281

          k = 0.0000-0.2887 0.4364 (   690 PWs)   bands (ev):

    -2.5101   1.4487   4.9711   6.8246  10.9392  13.9994  17.7964  18.2336

          k = 0.0000-0.2887-0.2909 (   680 PWs)   bands (ev):

    -2.9073   2.3497   4.7869   6.7418  11.5392  13.6809  16.1211  18.0281

          k = 0.0000-0.2887-0.1455 (   677 PWs)   bands (ev):

    -3.4736   4.2713   4.5113   6.5843  12.0431  13.1161  13.7450  18.2343

          k = 0.2500 0.1443 0.0000 (   681 PWs)   bands (ev):

    -3.6967   4.3221   5.7684   6.5101  10.2984  13.1165  14.5810  17.0309

          k = 0.2500 0.1443 0.1455 (   677 PWs)   bands (ev):

    -3.4736   4.2713   4.5113   6.5843  12.0431  13.1161  13.7450  18.2343

          k = 0.2500 0.1443 0.2909 (   680 PWs)   bands (ev):

    -2.9073   2.3497   4.7869   6.7418  11.5392  13.6809  16.1211  18.0281

          k = 0.2500 0.1443 0.4364 (   690 PWs)   bands (ev):

    -2.5101   1.4487   4.9711   6.8246  10.9392  13.9994  17.7964  18.2336

          k = 0.2500 0.1443-0.2909 (   680 PWs)   bands (ev):

    -2.9073   2.3497   4.7869   6.7418  11.5392  13.6809  16.1211  18.0281

          k = 0.2500 0.1443-0.1455 (   677 PWs)   bands (ev):

    -3.4736   4.2713   4.5113   6.5843  12.0431  13.1161  13.7450  18.2343

          k = 0.2500 0.4330 0.0000 (   673 PWs)   bands (ev):

    -1.5955   1.9992   3.1104   7.7211  11.4346  12.3899  14.7394  16.0952

          k = 0.2500 0.4330 0.1455 (   684 PWs)   bands (ev):

    -1.3965   2.1623   3.2397   6.3799  10.0624  14.1966  14.9079  16.2485

          k = 0.2500 0.4330 0.2909 (   678 PWs)   bands (ev):

    -0.9037   2.5530   3.5246   4.5533   8.3547  13.1327  16.8169  17.8007

          k = 0.2500 0.4330 0.4364 (   674 PWs)   bands (ev):

    -0.5748   2.7987   3.7030   3.7188   7.6358  12.4494  17.2204  18.2374

          k = 0.2500 0.4330-0.2909 (   678 PWs)   bands (ev):

    -0.9037   2.5530   3.5246   4.5533   8.3547  13.1327  16.8169  17.8007

          k = 0.2500 0.4330-0.1455 (   684 PWs)   bands (ev):

    -1.3965   2.1623   3.2397   6.3799  10.0624  14.1966  14.9079  16.2485

          k = 0.2500-0.4330 0.0000 (   673 PWs)   bands (ev):

    -1.5955   1.9992   3.1104   7.7211  11.4346  12.3899  14.7394  16.0952

          k = 0.2500-0.4330 0.1455 (   684 PWs)   bands (ev):

    -1.3965   2.1623   3.2397   6.3799  10.0624  14.1966  14.9079  16.2485

          k = 0.2500-0.4330 0.2909 (   678 PWs)   bands (ev):

    -0.9037   2.5530   3.5246   4.5533   8.3547  13.1327  16.8169  17.8007

          k = 0.2500-0.4330 0.4364 (   674 PWs)   bands (ev):

    -0.5748   2.7987   3.7030   3.7188   7.6358  12.4494  17.2204  18.2374

          k = 0.2500-0.4330-0.2909 (   678 PWs)   bands (ev):

    -0.9037   2.5530   3.5246   4.5533   8.3547  13.1327  16.8169  17.8007

          k = 0.2500-0.4330-0.1455 (   684 PWs)   bands (ev):

    -1.3965   2.1623   3.2397   6.3799  10.0624  14.1966  14.9079  16.2485

          k = 0.2500-0.1443 0.0000 (   681 PWs)   bands (ev):

    -3.6967   4.3221   5.7684   6.5101  10.2984  13.1165  14.5810  17.0309

          k = 0.2500-0.1443 0.1455 (   677 PWs)   bands (ev):

    -3.4736   4.2713   4.5113   6.5843  12.0431  13.1161  13.7450  18.2343

          k = 0.2500-0.1443 0.2909 (   680 PWs)   bands (ev):

    -2.9073   2.3497   4.7869   6.7418  11.5392  13.6809  16.1211  18.0281

          k = 0.2500-0.1443 0.4364 (   690 PWs)   bands (ev):

    -2.5101   1.4487   4.9711   6.8246  10.9392  13.9994  17.7964  18.2336

          k = 0.2500-0.1443-0.2909 (   680 PWs)   bands (ev):

    -2.9073   2.3497   4.7869   6.7418  11.5392  13.6809  16.1211  18.0281

          k = 0.2500-0.1443-0.1455 (   677 PWs)   bands (ev):

    -3.4736   4.2713   4.5113   6.5843  12.0431  13.1161  13.7450  18.2343

          k =-0.5000-0.2887 0.0000 (   676 PWs)   bands (ev):

    -0.8559  -0.1616   5.5309   7.8975  10.7860  11.6276  13.0221  14.8253

          k =-0.5000-0.2887 0.1455 (   662 PWs)   bands (ev):

    -0.6675   0.0267   5.5994   6.6607   9.0584  12.3432  14.8161  16.3850

          k =-0.5000-0.2887 0.2909 (   670 PWs)   bands (ev):

    -0.1967   0.4723   4.9116   5.7426   7.1851  13.0425  17.1668  18.1844

          k =-0.5000-0.2887 0.4364 (   676 PWs)   bands (ev):

     0.1220   0.7477   4.1205   5.8185   6.4053  13.4894  16.5345  16.6638

          k =-0.5000-0.2887-0.2909 (   670 PWs)   bands (ev):

    -0.1967   0.4723   4.9116   5.7426   7.1851  13.0425  17.1668  18.1844

          k =-0.5000-0.2887-0.1455 (   662 PWs)   bands (ev):

    -0.6675   0.0267   5.5994   6.6607   9.0584  12.3432  14.8161  16.3850

          k =-0.5000 0.0000 0.0000 (   673 PWs)   bands (ev):

    -1.5955   1.9992   3.1104   7.7211  11.4346  12.3899  14.7394  16.0952

          k =-0.5000 0.0000 0.1455 (   684 PWs)   bands (ev):

    -1.3965   2.1623   3.2397   6.3799  10.0624  14.1966  14.9079  16.2485

          k =-0.5000 0.0000 0.2909 (   678 PWs)   bands (ev):

    -0.9037   2.5530   3.5246   4.5533   8.3547  13.1327  16.8169  17.8007

          k =-0.5000 0.0000 0.4364 (   674 PWs)   bands (ev):

    -0.5748   2.7987   3.7030   3.7188   7.6358  12.4494  17.2204  18.2374

          k =-0.5000 0.0000-0.2909 (   678 PWs)   bands (ev):

    -0.9037   2.5530   3.5246   4.5533   8.3547  13.1327  16.8169  17.8007

          k =-0.5000 0.0000-0.1455 (   684 PWs)   bands (ev):

    -1.3965   2.1623   3.2397   6.3799  10.0624  14.1966  14.9079  16.2485

          k =-0.5000-0.8660 0.0000 (   676 PWs)   bands (ev):

    -0.8559  -0.1616   5.5309   7.8975  10.7860  11.6276  13.0221  14.8253

          k =-0.5000-0.8660 0.1455 (   662 PWs)   bands (ev):

    -0.6675   0.0267   5.5994   6.6607   9.0584  12.3432  14.8161  16.3850

          k =-0.5000-0.8660 0.2909 (   670 PWs)   bands (ev):

    -0.1967   0.4723   4.9116   5.7426   7.1851  13.0425  17.1668  18.1844

          k =-0.5000-0.8660 0.4364 (   676 PWs)   bands (ev):

     0.1220   0.7477   4.1205   5.8185   6.4053  13.4894  16.5345  16.6638

          k =-0.5000-0.8660-0.2909 (   670 PWs)   bands (ev):

    -0.1967   0.4723   4.9116   5.7426   7.1851  13.0425  17.1668  18.1844

          k =-0.5000-0.8660-0.1455 (   662 PWs)   bands (ev):

    -0.6675   0.0267   5.5994   6.6607   9.0584  12.3432  14.8161  16.3850

          k =-0.5000-0.5774 0.0000 (   673 PWs)   bands (ev):

    -1.5955   1.9992   3.1104   7.7211  11.4346  12.3899  14.7394  16.0952

          k =-0.5000-0.5774 0.1455 (   684 PWs)   bands (ev):

    -1.3965   2.1623   3.2397   6.3799  10.0624  14.1966  14.9079  16.2485

          k =-0.5000-0.5774 0.2909 (   678 PWs)   bands (ev):

    -0.9037   2.5530   3.5246   4.5533   8.3547  13.1327  16.8169  17.8007

          k =-0.5000-0.5774 0.4364 (   674 PWs)   bands (ev):

    -0.5748   2.7987   3.7030   3.7188   7.6358  12.4494  17.2204  18.2374

          k =-0.5000-0.5774-0.2909 (   678 PWs)   bands (ev):

    -0.9037   2.5530   3.5246   4.5533   8.3547  13.1327  16.8169  17.8007

          k =-0.5000-0.5774-0.1455 (   684 PWs)   bands (ev):

    -1.3965   2.1623   3.2397   6.3799  10.0624  14.1966  14.9079  16.2485

          k =-0.2500-0.1443 0.0000 (   681 PWs)   bands (ev):

    -3.6967   4.3221   5.7684   6.5101  10.2984  13.1165  14.5810  17.0309

          k =-0.2500-0.1443 0.1455 (   677 PWs)   bands (ev):

    -3.4736   4.2713   4.5113   6.5843  12.0431  13.1161  13.7450  18.2343

          k =-0.2500-0.1443 0.2909 (   680 PWs)   bands (ev):

    -2.9073   2.3497   4.7869   6.7418  11.5392  13.6809  16.1211  18.0281

          k =-0.2500-0.1443 0.4364 (   690 PWs)   bands (ev):

    -2.5101   1.4487   4.9711   6.8246  10.9392  13.9994  17.7964  18.2336

          k =-0.2500-0.1443-0.2909 (   680 PWs)   bands (ev):

    -2.9073   2.3497   4.7869   6.7418  11.5392  13.6809  16.1211  18.0281

          k =-0.2500-0.1443-0.1455 (   677 PWs)   bands (ev):

    -3.4736   4.2713   4.5113   6.5843  12.0431  13.1161  13.7450  18.2343

          k =-0.2500 0.1443 0.0000 (   681 PWs)   bands (ev):

    -3.6967   4.3221   5.7684   6.5101  10.2984  13.1165  14.5810  17.0309

          k =-0.2500 0.1443 0.1455 (   677 PWs)   bands (ev):

    -3.4736   4.2713   4.5113   6.5843  12.0431  13.1161  13.7450  18.2343

          k =-0.2500 0.1443 0.2909 (   680 PWs)   bands (ev):

    -2.9073   2.3497   4.7869   6.7418  11.5392  13.6809  16.1211  18.0281

          k =-0.2500 0.1443 0.4364 (   690 PWs)   bands (ev):

    -2.5101   1.4487   4.9711   6.8246  10.9392  13.9994  17.7964  18.2336

          k =-0.2500 0.1443-0.2909 (   680 PWs)   bands (ev):

    -2.9073   2.3497   4.7869   6.7418  11.5392  13.6809  16.1211  18.0281

          k =-0.2500 0.1443-0.1455 (   677 PWs)   bands (ev):

    -3.4736   4.2713   4.5113   6.5843  12.0431  13.1161  13.7450  18.2343

          k =-0.2500-0.7217 0.0000 (   673 PWs)   bands (ev):

    -1.5955   1.9992   3.1104   7.7211  11.4346  12.3899  14.7394  16.0952

          k =-0.2500-0.7217 0.1455 (   684 PWs)   bands (ev):

    -1.3965   2.1623   3.2397   6.3799  10.0624  14.1966  14.9079  16.2485

          k =-0.2500-0.7217 0.2909 (   678 PWs)   bands (ev):

    -0.9037   2.5530   3.5246   4.5533   8.3547  13.1327  16.8169  17.8007

          k =-0.2500-0.7217 0.4364 (   674 PWs)   bands (ev):

    -0.5748   2.7987   3.7030   3.7188   7.6358  12.4494  17.2204  18.2374

          k =-0.2500-0.7217-0.2909 (   678 PWs)   bands (ev):

    -0.9037   2.5530   3.5246   4.5533   8.3547  13.1327  16.8169  17.8007

          k =-0.2500-0.7217-0.1455 (   684 PWs)   bands (ev):

    -1.3965   2.1623   3.2397   6.3799  10.0624  14.1966  14.9079  16.2485

          k =-0.2500-0.4330 0.0000 (   673 PWs)   bands (ev):

    -1.5955   1.9992   3.1104   7.7211  11.4346  12.3899  14.7394  16.0952

          k =-0.2500-0.4330 0.1455 (   684 PWs)   bands (ev):

    -1.3965   2.1623   3.2397   6.3799  10.0624  14.1966  14.9079  16.2485

          k =-0.2500-0.4330 0.2909 (   678 PWs)   bands (ev):

    -0.9037   2.5530   3.5246   4.5533   8.3547  13.1327  16.8169  17.8007

          k =-0.2500-0.4330 0.4364 (   674 PWs)   bands (ev):

    -0.5748   2.7987   3.7030   3.7188   7.6358  12.4494  17.2204  18.2374

          k =-0.2500-0.4330-0.2909 (   678 PWs)   bands (ev):

    -0.9037   2.5530   3.5246   4.5533   8.3547  13.1327  16.8169  17.8007

          k =-0.2500-0.4330-0.1455 (   684 PWs)   bands (ev):

    -1.3965   2.1623   3.2397   6.3799  10.0624  14.1966  14.9079  16.2485

     the Fermi energy is     7.7432 ev

     Writing config to output data dir ./_ph0/pwscf.q_1/pwscf.save/ :
     XML data file
 
     [dfpt_tetra]  Dos(E_F)[/Ry] :   0.1053843E+02

     Electron-phonon matrix                                                     

     bravais-lattice index     =            0
     lattice parameter (alat)  =       5.8042  a.u.
     unit-cell volume          =     194.0373 (a.u.)^3
     number of atoms/cell      =            3
     number of atomic types    =            2
     kinetic-energy cut-off    =      35.0000  Ry
     charge density cut-off    =     280.0000  Ry
     convergence threshold     =      1.0E-12
     beta                      =       0.7000
     number of iterations used =            4
     Exchange-correlation= PBE
                           (   1   4   3   4   0   0   0)


     celldm(1)=    5.80420  celldm(2)=    0.00000  celldm(3)=    0.00000
     celldm(4)=    0.00000  celldm(5)=    0.00000  celldm(6)=    0.00000

     crystal axes: (cart. coord. in units of alat)
               a(1) = (  1.0000  0.0000  0.0000 )  
               a(2) = ( -0.5000  0.8660  0.0000 )  
               a(3) = (  0.0000  0.0000  1.1458 )  

     reciprocal axes: (cart. coord. in units 2 pi/alat)
               b(1) = (  1.0000  0.5774  0.0000 )  
               b(2) = (  0.0000  1.1547  0.0000 )  
               b(3) = (  0.0000  0.0000  0.8727 )  


     Atoms inside the unit cell: 

     Cartesian axes

     site n.  atom      mass           positions (alat units)
        1  Mg     24.3050   tau(    1) = (    0.00000    0.00000    0.00000  )
        2  B      10.8110   tau(    2) = (    0.00000    0.57735    0.57292  )
        3  B      10.8110   tau(    3) = (    0.50000    0.28868    0.57292  )

     Computing dynamical matrix for 
                    q = (   0.0000000   0.0000000   0.1454529 )
 
     12 Sym.Ops. (no q -> -q+G )


     G cutoff =  238.9372  (  15395 G-vectors)     FFT grid: ( 32, 32, 36)
     G cutoff =  119.4686  (   5449 G-vectors)  smooth grid: ( 24, 24, 25)
     number of k points=    96

     PseudoPot. # 1 for B  read from file:
     ./B.pbe-n-kjpaw_psl.0.1.upf
     MD5 check sum: b4345a612e0782cca08559f453f3313f
     Pseudo is Projector augmented-wave + core cor, Zval =  3.0
     Generated using "atomic" code by A. Dal Corso  v.5.0.99 svn rev. 10869
     Shape of augmentation charge: BESSEL
     Using radial grid of 1059 points,  4 beta functions with: 
                l(1) =   0
                l(2) =   0
                l(3) =   1
                l(4) =   1
     Q(r) pseudized with 0 coefficients 


     PseudoPot. # 2 for Mg read from file:
     ./Mg.pbe-n-kjpaw_psl.0.3.0.upf
     MD5 check sum: 9eaefceb6cf3903db1b93e4e5c6adf9a
     Pseudo is Projector augmented-wave + core cor, Zval =  2.0
     Generated using "atomic" code by A. Dal Corso  v.5.0.99 svn rev. 10869
     Shape of augmentation charge: PSQ
     Using radial grid of 1129 points,  4 beta functions with: 
                l(1) =   0
                l(2) =   0
                l(3) =   1
                l(4) =   1
     Q(r) pseudized with 0 coefficients 



     Atomic displacements:
     There are    6 irreducible representations

     Representation     1      1 modes -  To be done

     Representation     2      1 modes -  To be done

     Representation     3      1 modes -  To be done

     Representation     4      2 modes -  To be done

     Representation     5      2 modes -  To be done

     Representation     6      2 modes -  To be done


     Message from routine init_vloc:
     Interpolation table for Vloc re-allocated
     PHONON       :      3.71s CPU      4.03s WALL

     Reading dVscf from file dv
     Reading dynamics matrix from file matdyn1

     Diagonalizing the dynamical matrix

     q = (    0.000000000   0.000000000   0.145452854 ) 

 **************************************************************************
     freq (    1) =       2.789735 [THz] =      93.055537 [cm-1]
     freq (    2) =       2.789735 [THz] =      93.055537 [cm-1]
     freq (    3) =       5.117184 [THz] =     170.690877 [cm-1]
     freq (    4) =       9.711593 [THz] =     323.943881 [cm-1]
     freq (    5) =       9.711593 [THz] =     323.943881 [cm-1]
     freq (    6) =      12.583595 [THz] =     419.743541 [cm-1]
     freq (    7) =      17.386509 [THz] =     579.951513 [cm-1]
     freq (    8) =      17.386509 [THz] =     579.951513 [cm-1]
     freq (    9) =      20.727703 [THz] =     691.401756 [cm-1]
 **************************************************************************
 [elph_scdft]  write elph.dat with symmetries (only on Fermi surfaces)
 [elph_scdft]   Lowest band which contains FS :  3
 [elph_scdft]  Highest band which contains FS :  5
 [elph_scdft]    # of bands which contains FS :  3

     Calculation of q =    0.0000000   0.0000000  -0.4363586
     Message from routine kpoint_grid:
     ATTENTION: skip check of k-points equivalence
     [opt_tetra]  Optimized tetrahedron method is used.
     Message from routine divide_et_impera:
     suboptimal parallelization: some nodes have no k-points
 
     G-vector sticks info
     --------------------
     sticks:   dense  smooth     PW     G-vecs:    dense   smooth      PW
     Sum         649     313    121                15395     5449    1287
 
     Using Slab Decomposition
 

     Title: 
     Electron-phonon matrix                                                     


     bravais-lattice index     =            0
     lattice parameter (alat)  =       5.8042  a.u.
     unit-cell volume          =     194.0373 (a.u.)^3
     number of atoms/cell      =            3
     number of atomic types    =            2
     number of electrons       =         8.00
     number of Kohn-Sham states=            8
     kinetic-energy cutoff     =      35.0000  Ry
     charge density cutoff     =     280.0000  Ry
     Exchange-correlation= PBE
                           (   1   4   3   4   0   0   0)

     celldm(1)=   5.804205  celldm(2)=   0.000000  celldm(3)=   0.000000
     celldm(4)=   0.000000  celldm(5)=   0.000000  celldm(6)=   0.000000

     crystal axes: (cart. coord. in units of alat)
               a(1) = (   1.000000   0.000000   0.000000 )  
               a(2) = (  -0.500000   0.866025   0.000000 )  
               a(3) = (   0.000000   0.000000   1.145847 )  

     reciprocal axes: (cart. coord. in units 2 pi/alat)
               b(1) = (  1.000000  0.577350  0.000000 )  
               b(2) = (  0.000000  1.154701  0.000000 )  
               b(3) = (  0.000000  0.000000  0.872717 )  


     PseudoPot. # 1 for B  read from file:
     ./B.pbe-n-kjpaw_psl.0.1.upf
     MD5 check sum: b4345a612e0782cca08559f453f3313f
     Pseudo is Projector augmented-wave + core cor, Zval =  3.0
     Generated using "atomic" code by A. Dal Corso  v.5.0.99 svn rev. 10869
     Shape of augmentation charge: BESSEL
     Using radial grid of 1059 points,  4 beta functions with: 
                l(1) =   0
                l(2) =   0
                l(3) =   1
                l(4) =   1
     Q(r) pseudized with 0 coefficients 


     PseudoPot. # 2 for Mg read from file:
     ./Mg.pbe-n-kjpaw_psl.0.3.0.upf
     MD5 check sum: 9eaefceb6cf3903db1b93e4e5c6adf9a
     Pseudo is Projector augmented-wave + core cor, Zval =  2.0
     Generated using "atomic" code by A. Dal Corso  v.5.0.99 svn rev. 10869
     Shape of augmentation charge: PSQ
     Using radial grid of 1129 points,  4 beta functions with: 
                l(1) =   0
                l(2) =   0
                l(3) =   1
                l(4) =   1
     Q(r) pseudized with 0 coefficients 


     atomic species   valence    mass     pseudopotential
     B                 3.00    10.81100     B ( 1.00)
     Mg                2.00    24.30500     Mg( 1.00)

     24 Sym. Ops., with inversion, found



   Cartesian axes

     site n.     atom                  positions (alat units)
         1        Mg     tau(   1) = (   0.0000000   0.0000000   0.0000000  )
         2        B      tau(   2) = (   0.0000000   0.5773503   0.5729233  )
         3        B      tau(   3) = (   0.5000000   0.2886751   0.5729233  )

     number of k points=    96 (tetrahedron method)
                       cart. coord. in units 2pi/alat
        k(    1) = (   0.0000000   0.0000000   0.0000000), wk =   0.0416667
        k(    2) = (   0.0000000   0.0000000  -0.4363586), wk =   0.0000000
        k(    3) = (   0.0000000   0.0000000   0.2909057), wk =   0.0416667
        k(    4) = (   0.0000000   0.0000000  -0.1454529), wk =   0.0000000
        k(    5) = (   0.0000000   0.0000000  -0.2909057), wk =   0.0416667
        k(    6) = (   0.0000000   0.0000000  -0.7272643), wk =   0.0000000
        k(    7) = (   0.0000000   0.2886751   0.0000000), wk =   0.0416667
        k(    8) = (   0.0000000   0.2886751  -0.4363586), wk =   0.0000000
        k(    9) = (   0.0000000   0.2886751   0.2909057), wk =   0.0416667
        k(   10) = (   0.0000000   0.2886751  -0.1454529), wk =   0.0000000
        k(   11) = (   0.0000000   0.2886751  -0.2909057), wk =   0.0416667
        k(   12) = (   0.0000000   0.2886751  -0.7272643), wk =   0.0000000
        k(   13) = (   0.0000000  -0.5773503   0.0000000), wk =   0.0416667
        k(   14) = (   0.0000000  -0.5773503  -0.4363586), wk =   0.0000000
        k(   15) = (   0.0000000  -0.5773503   0.2909057), wk =   0.0416667
        k(   16) = (   0.0000000  -0.5773503  -0.1454529), wk =   0.0000000
        k(   17) = (   0.0000000  -0.5773503  -0.2909057), wk =   0.0416667
        k(   18) = (   0.0000000  -0.5773503  -0.7272643), wk =   0.0000000
        k(   19) = (   0.0000000  -0.2886751   0.0000000), wk =   0.0416667
        k(   20) = (   0.0000000  -0.2886751  -0.4363586), wk =   0.0000000
        k(   21) = (   0.0000000  -0.2886751   0.2909057), wk =   0.0416667
        k(   22) = (   0.0000000  -0.2886751  -0.1454529), wk =   0.0000000
        k(   23) = (   0.0000000  -0.2886751  -0.2909057), wk =   0.0416667
        k(   24) = (   0.0000000  -0.2886751  -0.7272643), wk =   0.0000000
        k(   25) = (   0.2500000   0.1443376   0.0000000), wk =   0.0416667
        k(   26) = (   0.2500000   0.1443376  -0.4363586), wk =   0.0000000
        k(   27) = (   0.2500000   0.1443376   0.2909057), wk =   0.0416667
        k(   28) = (   0.2500000   0.1443376  -0.1454529), wk =   0.0000000
        k(   29) = (   0.2500000   0.1443376  -0.2909057), wk =   0.0416667
        k(   30) = (   0.2500000   0.1443376  -0.7272643), wk =   0.0000000
        k(   31) = (   0.2500000   0.4330127   0.0000000), wk =   0.0416667
        k(   32) = (   0.2500000   0.4330127  -0.4363586), wk =   0.0000000
        k(   33) = (   0.2500000   0.4330127   0.2909057), wk =   0.0416667
        k(   34) = (   0.2500000   0.4330127  -0.1454529), wk =   0.0000000
        k(   35) = (   0.2500000   0.4330127  -0.2909057), wk =   0.0416667
        k(   36) = (   0.2500000   0.4330127  -0.7272643), wk =   0.0000000
        k(   37) = (   0.2500000  -0.4330127   0.0000000), wk =   0.0416667
        k(   38) = (   0.2500000  -0.4330127  -0.4363586), wk =   0.0000000
        k(   39) = (   0.2500000  -0.4330127   0.2909057), wk =   0.0416667
        k(   40) = (   0.2500000  -0.4330127  -0.1454529), wk =   0.0000000
        k(   41) = (   0.2500000  -0.4330127  -0.2909057), wk =   0.0416667
        k(   42) = (   0.2500000  -0.4330127  -0.7272643), wk =   0.0000000
        k(   43) = (   0.2500000  -0.1443376   0.0000000), wk =   0.0416667
        k(   44) = (   0.2500000  -0.1443376  -0.4363586), wk =   0.0000000
        k(   45) = (   0.2500000  -0.1443376   0.2909057), wk =   0.0416667
        k(   46) = (   0.2500000  -0.1443376  -0.1454529), wk =   0.0000000
        k(   47) = (   0.2500000  -0.1443376  -0.2909057), wk =   0.0416667
        k(   48) = (   0.2500000  -0.1443376  -0.7272643), wk =   0.0000000
        k(   49) = (  -0.5000000  -0.2886751   0.0000000), wk =   0.0416667
        k(   50) = (  -0.5000000  -0.2886751  -0.4363586), wk =   0.0000000
        k(   51) = (  -0.5000000  -0.2886751   0.2909057), wk =   0.0416667
        k(   52) = (  -0.5000000  -0.2886751  -0.1454529), wk =   0.0000000
        k(   53) = (  -0.5000000  -0.2886751  -0.2909057), wk =   0.0416667
        k(   54) = (  -0.5000000  -0.2886751  -0.7272643), wk =   0.0000000
        k(   55) = (  -0.5000000   0.0000000   0.0000000), wk =   0.0416667
        k(   56) = (  -0.5000000   0.0000000  -0.4363586), wk =   0.0000000
        k(   57) = (  -0.5000000   0.0000000   0.2909057), wk =   0.0416667
        k(   58) = (  -0.5000000   0.0000000  -0.1454529), wk =   0.0000000
        k(   59) = (  -0.5000000   0.0000000  -0.2909057), wk =   0.0416667
        k(   60) = (  -0.5000000   0.0000000  -0.7272643), wk =   0.0000000
        k(   61) = (  -0.5000000  -0.8660254   0.0000000), wk =   0.0416667
        k(   62) = (  -0.5000000  -0.8660254  -0.4363586), wk =   0.0000000
        k(   63) = (  -0.5000000  -0.8660254   0.2909057), wk =   0.0416667
        k(   64) = (  -0.5000000  -0.8660254  -0.1454529), wk =   0.0000000
        k(   65) = (  -0.5000000  -0.8660254  -0.2909057), wk =   0.0416667
        k(   66) = (  -0.5000000  -0.8660254  -0.7272643), wk =   0.0000000
        k(   67) = (  -0.5000000  -0.5773503   0.0000000), wk =   0.0416667
        k(   68) = (  -0.5000000  -0.5773503  -0.4363586), wk =   0.0000000
        k(   69) = (  -0.5000000  -0.5773503   0.2909057), wk =   0.0416667
        k(   70) = (  -0.5000000  -0.5773503  -0.1454529), wk =   0.0000000
        k(   71) = (  -0.5000000  -0.5773503  -0.2909057), wk =   0.0416667
        k(   72) = (  -0.5000000  -0.5773503  -0.7272643), wk =   0.0000000
        k(   73) = (  -0.2500000  -0.1443376   0.0000000), wk =   0.0416667
        k(   74) = (  -0.2500000  -0.1443376  -0.4363586), wk =   0.0000000
        k(   75) = (  -0.2500000  -0.1443376   0.2909057), wk =   0.0416667
        k(   76) = (  -0.2500000  -0.1443376  -0.1454529), wk =   0.0000000
        k(   77) = (  -0.2500000  -0.1443376  -0.2909057), wk =   0.0416667
        k(   78) = (  -0.2500000  -0.1443376  -0.7272643), wk =   0.0000000
        k(   79) = (  -0.2500000   0.1443376   0.0000000), wk =   0.0416667
        k(   80) = (  -0.2500000   0.1443376  -0.4363586), wk =   0.0000000
        k(   81) = (  -0.2500000   0.1443376   0.2909057), wk =   0.0416667
        k(   82) = (  -0.2500000   0.1443376  -0.1454529), wk =   0.0000000
        k(   83) = (  -0.2500000   0.1443376  -0.2909057), wk =   0.0416667
        k(   84) = (  -0.2500000   0.1443376  -0.7272643), wk =   0.0000000
        k(   85) = (  -0.2500000  -0.7216878   0.0000000), wk =   0.0416667
        k(   86) = (  -0.2500000  -0.7216878  -0.4363586), wk =   0.0000000
        k(   87) = (  -0.2500000  -0.7216878   0.2909057), wk =   0.0416667
        k(   88) = (  -0.2500000  -0.7216878  -0.1454529), wk =   0.0000000
        k(   89) = (  -0.2500000  -0.7216878  -0.2909057), wk =   0.0416667
        k(   90) = (  -0.2500000  -0.7216878  -0.7272643), wk =   0.0000000
        k(   91) = (  -0.2500000  -0.4330127   0.0000000), wk =   0.0416667
        k(   92) = (  -0.2500000  -0.4330127  -0.4363586), wk =   0.0000000
        k(   93) = (  -0.2500000  -0.4330127   0.2909057), wk =   0.0416667
        k(   94) = (  -0.2500000  -0.4330127  -0.1454529), wk =   0.0000000
        k(   95) = (  -0.2500000  -0.4330127  -0.2909057), wk =   0.0416667
        k(   96) = (  -0.2500000  -0.4330127  -0.7272643), wk =   0.0000000

     Dense  grid:    15395 G-vectors     FFT dimensions: (  32,  32,  36)

     Smooth grid:     5449 G-vectors     FFT dimensions: (  24,  24,  25)

     Estimated max dynamical RAM per process >       7.23 MB

     Estimated total dynamical RAM >       4.07 GB

     Check: negative core charge=   -0.000006

     The potential is recalculated from file :
     ./_ph0/pwscf.q_2/pwscf.save/charge-density

     Starting wfcs are   12 atomic wfcs
     Checking if some PAW data can be deallocated... 

     Band Structure Calculation
     Davidson diagonalization with overlap

     ethr =  1.25E-10,  avg # of iterations = 19.3

     total cpu time spent up to now is        1.6 secs

     End of band structure calculation

          k = 0.0000 0.0000 0.0000 (   709 PWs)   bands (ev):

    -4.7856   4.7169   8.0859   8.0859   9.3182  14.0810  14.0810  15.9413

          k = 0.0000 0.0000-0.4364 (   684 PWs)   bands (ev):

    -3.4999   0.2155   8.4616   8.4616  14.4076  14.4076  15.7557  17.7397

          k = 0.0000 0.0000 0.2909 (   690 PWs)   bands (ev):

    -3.9413   1.1725   8.3605   8.3605  14.3197  14.3197  15.0532  15.8003

          k = 0.0000 0.0000-0.1455 (   697 PWs)   bands (ev):

    -4.5497   3.2122   8.1741   8.1741  11.3828  14.1562  14.1562  15.8936

          k = 0.0000 0.0000-0.2909 (   690 PWs)   bands (ev):

    -3.9413   1.1725   8.3605   8.3605  14.3197  14.3197  15.0532  15.8003

          k = 0.0000 0.0000-0.7273 (   697 PWs)   bands (ev):

    -4.5497   3.2122   8.1741   8.1741  11.3828  14.1562  14.1562  15.8936

          k = 0.0000 0.2887 0.0000 (   681 PWs)   bands (ev):

    -3.6967   4.3221   5.7684   6.5101  10.2984  13.1165  14.5810  17.0309

          k = 0.0000 0.2887-0.4364 (   690 PWs)   bands (ev):

    -2.5101   1.4487   4.9711   6.8246  10.9392  13.9994  17.7964  18.2336

          k = 0.0000 0.2887 0.2909 (   680 PWs)   bands (ev):

    -2.9073   2.3497   4.7869   6.7418  11.5392  13.6809  16.1211  18.0281

          k = 0.0000 0.2887-0.1455 (   677 PWs)   bands (ev):

    -3.4736   4.2713   4.5113   6.5843  12.0431  13.1161  13.7450  18.2343

          k = 0.0000 0.2887-0.2909 (   680 PWs)   bands (ev):

    -2.9073   2.3497   4.7869   6.7418  11.5392  13.6809  16.1211  18.0281

          k = 0.0000 0.2887-0.7273 (   677 PWs)   bands (ev):

    -3.4736   4.2713   4.5113   6.5843  12.0431  13.1161  13.7450  18.2343

          k = 0.0000-0.5774 0.0000 (   676 PWs)   bands (ev):

    -0.8559  -0.1616   5.5309   7.8975  10.7860  11.6276  13.0221  14.8253

          k = 0.0000-0.5774-0.4364 (   676 PWs)   bands (ev):

     0.1220   0.7477   4.1205   5.8185   6.4053  13.4894  16.5345  16.6638

          k = 0.0000-0.5774 0.2909 (   670 PWs)   bands (ev):

    -0.1967   0.4723   4.9116   5.7426   7.1851  13.0425  17.1668  18.1844

          k = 0.0000-0.5774-0.1455 (   662 PWs)   bands (ev):

    -0.6675   0.0267   5.5994   6.6607   9.0584  12.3432  14.8161  16.3850

          k = 0.0000-0.5774-0.2909 (   670 PWs)   bands (ev):

    -0.1967   0.4723   4.9116   5.7426   7.1851  13.0425  17.1668  18.1844

          k = 0.0000-0.5774-0.7273 (   662 PWs)   bands (ev):

    -0.6675   0.0267   5.5994   6.6607   9.0584  12.3432  14.8161  16.3850

          k = 0.0000-0.2887 0.0000 (   681 PWs)   bands (ev):

    -3.6967   4.3221   5.7684   6.5101  10.2984  13.1165  14.5810  17.0309

          k = 0.0000-0.2887-0.4364 (   690 PWs)   bands (ev):

    -2.5101   1.4487   4.9711   6.8246  10.9392  13.9994  17.7964  18.2336

          k = 0.0000-0.2887 0.2909 (   680 PWs)   bands (ev):

    -2.9073   2.3497   4.7869   6.7418  11.5392  13.6809  16.1211  18.0281

          k = 0.0000-0.2887-0.1455 (   677 PWs)   bands (ev):

    -3.4736   4.2713   4.5113   6.5843  12.0431  13.1161  13.7450  18.2343

          k = 0.0000-0.2887-0.2909 (   680 PWs)   bands (ev):

    -2.9073   2.3497   4.7869   6.7418  11.5392  13.6809  16.1211  18.0281

          k = 0.0000-0.2887-0.7273 (   677 PWs)   bands (ev):

    -3.4736   4.2713   4.5113   6.5843  12.0431  13.1161  13.7450  18.2343

          k = 0.2500 0.1443 0.0000 (   681 PWs)   bands (ev):

    -3.6967   4.3221   5.7684   6.5101  10.2984  13.1165  14.5810  17.0309

          k = 0.2500 0.1443-0.4364 (   690 PWs)   bands (ev):

    -2.5101   1.4487   4.9711   6.8246  10.9392  13.9994  17.7964  18.2336

          k = 0.2500 0.1443 0.2909 (   680 PWs)   bands (ev):

    -2.9073   2.3497   4.7869   6.7418  11.5392  13.6809  16.1211  18.0281

          k = 0.2500 0.1443-0.1455 (   677 PWs)   bands (ev):

    -3.4736   4.2713   4.5113   6.5843  12.0431  13.1161  13.7450  18.2343

          k = 0.2500 0.1443-0.2909 (   680 PWs)   bands (ev):

    -2.9073   2.3497   4.7869   6.7418  11.5392  13.6809  16.1211  18.0281

          k = 0.2500 0.1443-0.7273 (   677 PWs)   bands (ev):

    -3.4736   4.2713   4.5113   6.5843  12.0431  13.1161  13.7450  18.2343

          k = 0.2500 0.4330 0.0000 (   673 PWs)   bands (ev):

    -1.5955   1.9992   3.1104   7.7211  11.4346  12.3899  14.7394  16.0952

          k = 0.2500 0.4330-0.4364 (   674 PWs)   bands (ev):

    -0.5748   2.7987   3.7030   3.7188   7.6358  12.4494  17.2204  18.2374

          k = 0.2500 0.4330 0.2909 (   678 PWs)   bands (ev):

    -0.9037   2.5530   3.5246   4.5533   8.3547  13.1327  16.8169  17.8007

          k = 0.2500 0.4330-0.1455 (   684 PWs)   bands (ev):

    -1.3965   2.1623   3.2397   6.3799  10.0624  14.1966  14.9079  16.2485

          k = 0.2500 0.4330-0.2909 (   678 PWs)   bands (ev):

    -0.9037   2.5530   3.5246   4.5533   8.3547  13.1327  16.8169  17.8007

          k = 0.2500 0.4330-0.7273 (   684 PWs)   bands (ev):

    -1.3965   2.1623   3.2397   6.3799  10.0624  14.1966  14.9079  16.2485

          k = 0.2500-0.4330 0.0000 (   673 PWs)   bands (ev):

    -1.5955   1.9992   3.1104   7.7211  11.4346  12.3899  14.7394  16.0952

          k = 0.2500-0.4330-0.4364 (   674 PWs)   bands (ev):

    -0.5748   2.7987   3.7030   3.7188   7.6358  12.4494  17.2204  18.2374

          k = 0.2500-0.4330 0.2909 (   678 PWs)   bands (ev):

    -0.9037   2.5530   3.5246   4.5533   8.3547  13.1327  16.8169  17.8007

          k = 0.2500-0.4330-0.1455 (   684 PWs)   bands (ev):

    -1.3965   2.1623   3.2397   6.3799  10.0624  14.1966  14.9079  16.2485

          k = 0.2500-0.4330-0.2909 (   678 PWs)   bands (ev):

    -0.9037   2.5530   3.5246   4.5533   8.3547  13.1327  16.8169  17.8007

          k = 0.2500-0.4330-0.7273 (   684 PWs)   bands (ev):

    -1.3965   2.1623   3.2397   6.3799  10.0624  14.1966  14.9079  16.2485

          k = 0.2500-0.1443 0.0000 (   681 PWs)   bands (ev):

    -3.6967   4.3221   5.7684   6.5101  10.2984  13.1165  14.5810  17.0309

          k = 0.2500-0.1443-0.4364 (   690 PWs)   bands (ev):

    -2.5101   1.4487   4.9711   6.8246  10.9392  13.9994  17.7964  18.2336

          k = 0.2500-0.1443 0.2909 (   680 PWs)   bands (ev):

    -2.9073   2.3497   4.7869   6.7418  11.5392  13.6809  16.1211  18.0281

          k = 0.2500-0.1443-0.1455 (   677 PWs)   bands (ev):

    -3.4736   4.2713   4.5113   6.5843  12.0431  13.1161  13.7450  18.2343

          k = 0.2500-0.1443-0.2909 (   680 PWs)   bands (ev):

    -2.9073   2.3497   4.7869   6.7418  11.5392  13.6809  16.1211  18.0281

          k = 0.2500-0.1443-0.7273 (   677 PWs)   bands (ev):

    -3.4736   4.2713   4.5113   6.5843  12.0431  13.1161  13.7450  18.2343

          k =-0.5000-0.2887 0.0000 (   676 PWs)   bands (ev):

    -0.8559  -0.1616   5.5309   7.8975  10.7860  11.6276  13.0221  14.8253

          k =-0.5000-0.2887-0.4364 (   676 PWs)   bands (ev):

     0.1220   0.7477   4.1205   5.8185   6.4053  13.4894  16.5345  16.6638

          k =-0.5000-0.2887 0.2909 (   670 PWs)   bands (ev):

    -0.1967   0.4723   4.9116   5.7426   7.1851  13.0425  17.1668  18.1844

          k =-0.5000-0.2887-0.1455 (   662 PWs)   bands (ev):

    -0.6675   0.0267   5.5994   6.6607   9.0584  12.3432  14.8161  16.3850

          k =-0.5000-0.2887-0.2909 (   670 PWs)   bands (ev):

    -0.1967   0.4723   4.9116   5.7426   7.1851  13.0425  17.1668  18.1844

          k =-0.5000-0.2887-0.7273 (   662 PWs)   bands (ev):

    -0.6675   0.0267   5.5994   6.6607   9.0584  12.3432  14.8161  16.3850

          k =-0.5000 0.0000 0.0000 (   673 PWs)   bands (ev):

    -1.5955   1.9992   3.1104   7.7211  11.4346  12.3899  14.7394  16.0952

          k =-0.5000 0.0000-0.4364 (   674 PWs)   bands (ev):

    -0.5748   2.7987   3.7030   3.7188   7.6358  12.4494  17.2204  18.2374

          k =-0.5000 0.0000 0.2909 (   678 PWs)   bands (ev):

    -0.9037   2.5530   3.5246   4.5533   8.3547  13.1327  16.8169  17.8007

          k =-0.5000 0.0000-0.1455 (   684 PWs)   bands (ev):

    -1.3965   2.1623   3.2397   6.3799  10.0624  14.1966  14.9079  16.2485

          k =-0.5000 0.0000-0.2909 (   678 PWs)   bands (ev):

    -0.9037   2.5530   3.5246   4.5533   8.3547  13.1327  16.8169  17.8007

          k =-0.5000 0.0000-0.7273 (   684 PWs)   bands (ev):

    -1.3965   2.1623   3.2397   6.3799  10.0624  14.1966  14.9079  16.2485

          k =-0.5000-0.8660 0.0000 (   676 PWs)   bands (ev):

    -0.8559  -0.1616   5.5309   7.8975  10.7860  11.6276  13.0221  14.8253

          k =-0.5000-0.8660-0.4364 (   676 PWs)   bands (ev):

     0.1220   0.7477   4.1205   5.8185   6.4053  13.4894  16.5345  16.6638

          k =-0.5000-0.8660 0.2909 (   670 PWs)   bands (ev):

    -0.1967   0.4723   4.9116   5.7426   7.1851  13.0425  17.1668  18.1844

          k =-0.5000-0.8660-0.1455 (   662 PWs)   bands (ev):

    -0.6675   0.0267   5.5994   6.6607   9.0584  12.3432  14.8161  16.3850

          k =-0.5000-0.8660-0.2909 (   670 PWs)   bands (ev):

    -0.1967   0.4723   4.9116   5.7426   7.1851  13.0425  17.1668  18.1844

          k =-0.5000-0.8660-0.7273 (   662 PWs)   bands (ev):

    -0.6675   0.0267   5.5994   6.6607   9.0584  12.3432  14.8161  16.3850

          k =-0.5000-0.5774 0.0000 (   673 PWs)   bands (ev):

    -1.5955   1.9992   3.1104   7.7211  11.4346  12.3899  14.7394  16.0952

          k =-0.5000-0.5774-0.4364 (   674 PWs)   bands (ev):

    -0.5748   2.7987   3.7030   3.7188   7.6358  12.4494  17.2204  18.2374

          k =-0.5000-0.5774 0.2909 (   678 PWs)   bands (ev):

    -0.9037   2.5530   3.5246   4.5533   8.3547  13.1327  16.8169  17.8007

          k =-0.5000-0.5774-0.1455 (   684 PWs)   bands (ev):

    -1.3965   2.1623   3.2397   6.3799  10.0624  14.1966  14.9079  16.2485

          k =-0.5000-0.5774-0.2909 (   678 PWs)   bands (ev):

    -0.9037   2.5530   3.5246   4.5533   8.3547  13.1327  16.8169  17.8007

          k =-0.5000-0.5774-0.7273 (   684 PWs)   bands (ev):

    -1.3965   2.1623   3.2397   6.3799  10.0624  14.1966  14.9079  16.2485

          k =-0.2500-0.1443 0.0000 (   681 PWs)   bands (ev):

    -3.6967   4.3221   5.7684   6.5101  10.2984  13.1165  14.5810  17.0309

          k =-0.2500-0.1443-0.4364 (   690 PWs)   bands (ev):

    -2.5101   1.4487   4.9711   6.8246  10.9392  13.9994  17.7964  18.2336

          k =-0.2500-0.1443 0.2909 (   680 PWs)   bands (ev):

    -2.9073   2.3497   4.7869   6.7418  11.5392  13.6809  16.1211  18.0281

          k =-0.2500-0.1443-0.1455 (   677 PWs)   bands (ev):

    -3.4736   4.2713   4.5113   6.5843  12.0431  13.1161  13.7450  18.2343

          k =-0.2500-0.1443-0.2909 (   680 PWs)   bands (ev):

    -2.9073   2.3497   4.7869   6.7418  11.5392  13.6809  16.1211  18.0281

          k =-0.2500-0.1443-0.7273 (   677 PWs)   bands (ev):

    -3.4736   4.2713   4.5113   6.5843  12.0431  13.1161  13.7450  18.2343

          k =-0.2500 0.1443 0.0000 (   681 PWs)   bands (ev):

    -3.6967   4.3221   5.7684   6.5101  10.2984  13.1165  14.5810  17.0309

          k =-0.2500 0.1443-0.4364 (   690 PWs)   bands (ev):

    -2.5101   1.4487   4.9711   6.8246  10.9392  13.9994  17.7964  18.2336

          k =-0.2500 0.1443 0.2909 (   680 PWs)   bands (ev):

    -2.9073   2.3497   4.7869   6.7418  11.5392  13.6809  16.1211  18.0281

          k =-0.2500 0.1443-0.1455 (   677 PWs)   bands (ev):

    -3.4736   4.2713   4.5113   6.5843  12.0431  13.1161  13.7450  18.2343

          k =-0.2500 0.1443-0.2909 (   680 PWs)   bands (ev):

    -2.9073   2.3497   4.7869   6.7418  11.5392  13.6809  16.1211  18.0281

          k =-0.2500 0.1443-0.7273 (   677 PWs)   bands (ev):

    -3.4736   4.2713   4.5113   6.5843  12.0431  13.1161  13.7450  18.2343

          k =-0.2500-0.7217 0.0000 (   673 PWs)   bands (ev):

    -1.5955   1.9992   3.1104   7.7211  11.4346  12.3899  14.7394  16.0952

          k =-0.2500-0.7217-0.4364 (   674 PWs)   bands (ev):

    -0.5748   2.7987   3.7030   3.7188   7.6358  12.4494  17.2204  18.2374

          k =-0.2500-0.7217 0.2909 (   678 PWs)   bands (ev):

    -0.9037   2.5530   3.5246   4.5533   8.3547  13.1327  16.8169  17.8007

          k =-0.2500-0.7217-0.1455 (   684 PWs)   bands (ev):

    -1.3965   2.1623   3.2397   6.3799  10.0624  14.1966  14.9079  16.2485

          k =-0.2500-0.7217-0.2909 (   678 PWs)   bands (ev):

    -0.9037   2.5530   3.5246   4.5533   8.3547  13.1327  16.8169  17.8007

          k =-0.2500-0.7217-0.7273 (   684 PWs)   bands (ev):

    -1.3965   2.1623   3.2397   6.3799  10.0624  14.1966  14.9079  16.2485

          k =-0.2500-0.4330 0.0000 (   673 PWs)   bands (ev):

    -1.5955   1.9992   3.1104   7.7211  11.4346  12.3899  14.7394  16.0952

          k =-0.2500-0.4330-0.4364 (   674 PWs)   bands (ev):

    -0.5748   2.7987   3.7030   3.7188   7.6358  12.4494  17.2204  18.2374

          k =-0.2500-0.4330 0.2909 (   678 PWs)   bands (ev):

    -0.9037   2.5530   3.5246   4.5533   8.3547  13.1327  16.8169  17.8007

          k =-0.2500-0.4330-0.1455 (   684 PWs)   bands (ev):

    -1.3965   2.1623   3.2397   6.3799  10.0624  14.1966  14.9079  16.2485

          k =-0.2500-0.4330-0.2909 (   678 PWs)   bands (ev):

    -0.9037   2.5530   3.5246   4.5533   8.3547  13.1327  16.8169  17.8007

          k =-0.2500-0.4330-0.7273 (   684 PWs)   bands (ev):

    -1.3965   2.1623   3.2397   6.3799  10.0624  14.1966  14.9079  16.2485

     the Fermi energy is     7.7432 ev

     Writing config to output data dir ./_ph0/pwscf.q_2/pwscf.save/ :
     XML data file
 
     [dfpt_tetra]  Dos(E_F)[/Ry] :   0.1053843E+02

     Electron-phonon matrix                                                     

     bravais-lattice index     =            0
     lattice parameter (alat)  =       5.8042  a.u.
     unit-cell volume          =     194.0373 (a.u.)^3
     number of atoms/cell      =            3
     number of atomic types    =            2
     kinetic-energy cut-off    =      35.0000  Ry
     charge density cut-off    =     280.0000  Ry
     convergence threshold     =      1.0E-12
     beta                      =       0.7000
     number of iterations used =            4
     Exchange-correlation= PBE
                           (   1   4   3   4   0   0   0)


     celldm(1)=    5.80420  celldm(2)=    0.00000  celldm(3)=    0.00000
     celldm(4)=    0.00000  celldm(5)=    0.00000  celldm(6)=    0.00000

     crystal axes: (cart. coord. in units of alat)
               a(1) = (  1.0000  0.0000  0.0000 )  
               a(2) = ( -0.5000  0.8660  0.0000 )  
               a(3) = (  0.0000  0.0000  1.1458 )  

     reciprocal axes: (cart. coord. in units 2 pi/alat)
               b(1) = (  1.0000  0.5774  0.0000 )  
               b(2) = (  0.0000  1.1547  0.0000 )  
               b(3) = (  0.0000  0.0000  0.8727 )  


     Atoms inside the unit cell: 

     Cartesian axes

     site n.  atom      mass           positions (alat units)
        1  Mg     24.3050   tau(    1) = (    0.00000    0.00000    0.00000  )
        2  B      10.8110   tau(    2) = (    0.00000    0.57735    0.57292  )
        3  B      10.8110   tau(    3) = (    0.50000    0.28868    0.57292  )

     Computing dynamical matrix for 
                    q = (   0.0000000   0.0000000  -0.4363586 )
 
     25 Sym.Ops. (with q -> -q+G )


     G cutoff =  238.9372  (  15395 G-vectors)     FFT grid: ( 32, 32, 36)
     G cutoff =  119.4686  (   5449 G-vectors)  smooth grid: ( 24, 24, 25)
     number of k points=    96

     PseudoPot. # 1 for B  read from file:
     ./B.pbe-n-kjpaw_psl.0.1.upf
     MD5 check sum: b4345a612e0782cca08559f453f3313f
     Pseudo is Projector augmented-wave + core cor, Zval =  3.0
     Generated using "atomic" code by A. Dal Corso  v.5.0.99 svn rev. 10869
     Shape of augmentation charge: BESSEL
     Using radial grid of 1059 points,  4 beta functions with: 
                l(1) =   0
                l(2) =   0
                l(3) =   1
                l(4) =   1
     Q(r) pseudized with 0 coefficients 


     PseudoPot. # 2 for Mg read from file:
     ./Mg.pbe-n-kjpaw_psl.0.3.0.upf
     MD5 check sum: 9eaefceb6cf3903db1b93e4e5c6adf9a
     Pseudo is Projector augmented-wave + core cor, Zval =  2.0
     Generated using "atomic" code by A. Dal Corso  v.5.0.99 svn rev. 10869
     Shape of augmentation charge: PSQ
     Using radial grid of 1129 points,  4 beta functions with: 
                l(1) =   0
                l(2) =   0
                l(3) =   1
                l(4) =   1
     Q(r) pseudized with 0 coefficients 



     Atomic displacements:
     There are    6 irreducible representations

     Representation     1      1 modes -  To be done

     Representation     2      1 modes -  To be done

     Representation     3      1 modes -  To be done

     Representation     4      2 modes -  To be done

     Representation     5      2 modes -  To be done

     Representation     6      2 modes -  To be done


     PHONON       :      5.55s CPU      6.13s WALL

     Reading dVscf from file dv
     Reading dynamics matrix from file matdyn2

     Diagonalizing the dynamical matrix

     q = (    0.000000000   0.000000000  -0.436358562 ) 

 **************************************************************************
     freq (    1) =       6.771099 [THz] =     225.859558 [cm-1]
     freq (    2) =       6.771099 [THz] =     225.859558 [cm-1]
     freq (    3) =       7.133843 [THz] =     237.959402 [cm-1]
     freq (    4) =       7.133843 [THz] =     237.959402 [cm-1]
     freq (    5) =       9.591615 [THz] =     319.941827 [cm-1]
     freq (    6) =      12.099974 [THz] =     403.611685 [cm-1]
     freq (    7) =      16.563582 [THz] =     552.501625 [cm-1]
     freq (    8) =      16.563582 [THz] =     552.501625 [cm-1]
     freq (    9) =      19.479162 [THz] =     649.754896 [cm-1]
 **************************************************************************
 [elph_scdft]  write elph.dat with symmetries (only on Fermi surfaces)
 [elph_scdft]   Lowest band which contains FS :  3
 [elph_scdft]  Highest band which contains FS :  5
 [elph_scdft]    # of bands which contains FS :  3

     Calculation of q =    0.0000000   0.2886751   0.1454529
     Message from routine kpoint_grid:
     ATTENTION: skip check of k-points equivalence
     [opt_tetra]  Optimized tetrahedron method is used.
     Message from routine divide_et_impera:
     suboptimal parallelization: some nodes have no k-points
 
     G-vector sticks info
     --------------------
     sticks:   dense  smooth     PW     G-vecs:    dense   smooth      PW
     Sum         649     313    121                15395     5449    1155
 
     Using Slab Decomposition
 

     Title: 
     Electron-phonon matrix                                                     


     bravais-lattice index     =            0
     lattice parameter (alat)  =       5.8042  a.u.
     unit-cell volume          =     194.0373 (a.u.)^3
     number of atoms/cell      =            3
     number of atomic types    =            2
     number of electrons       =         8.00
     number of Kohn-Sham states=            8
     kinetic-energy cutoff     =      35.0000  Ry
     charge density cutoff     =     280.0000  Ry
     Exchange-correlation= PBE
                           (   1   4   3   4   0   0   0)

     celldm(1)=   5.804205  celldm(2)=   0.000000  celldm(3)=   0.000000
     celldm(4)=   0.000000  celldm(5)=   0.000000  celldm(6)=   0.000000

     crystal axes: (cart. coord. in units of alat)
               a(1) = (   1.000000   0.000000   0.000000 )  
               a(2) = (  -0.500000   0.866025   0.000000 )  
               a(3) = (   0.000000   0.000000   1.145847 )  

     reciprocal axes: (cart. coord. in units 2 pi/alat)
               b(1) = (  1.000000  0.577350  0.000000 )  
               b(2) = (  0.000000  1.154701  0.000000 )  
               b(3) = (  0.000000  0.000000  0.872717 )  


     PseudoPot. # 1 for B  read from file:
     ./B.pbe-n-kjpaw_psl.0.1.upf
     MD5 check sum: b4345a612e0782cca08559f453f3313f
     Pseudo is Projector augmented-wave + core cor, Zval =  3.0
     Generated using "atomic" code by A. Dal Corso  v.5.0.99 svn rev. 10869
     Shape of augmentation charge: BESSEL
     Using radial grid of 1059 points,  4 beta functions with: 
                l(1) =   0
                l(2) =   0
                l(3) =   1
                l(4) =   1
     Q(r) pseudized with 0 coefficients 


     PseudoPot. # 2 for Mg read from file:
     ./Mg.pbe-n-kjpaw_psl.0.3.0.upf
     MD5 check sum: 9eaefceb6cf3903db1b93e4e5c6adf9a
     Pseudo is Projector augmented-wave + core cor, Zval =  2.0
     Generated using "atomic" code by A. Dal Corso  v.5.0.99 svn rev. 10869
     Shape of augmentation charge: PSQ
     Using radial grid of 1129 points,  4 beta functions with: 
                l(1) =   0
                l(2) =   0
                l(3) =   1
                l(4) =   1
     Q(r) pseudized with 0 coefficients 


     atomic species   valence    mass     pseudopotential
     B                 3.00    10.81100     B ( 1.00)
     Mg                2.00    24.30500     Mg( 1.00)

     24 Sym. Ops., with inversion, found



   Cartesian axes

     site n.     atom                  positions (alat units)
         1        Mg     tau(   1) = (   0.0000000   0.0000000   0.0000000  )
         2        B      tau(   2) = (   0.0000000   0.5773503   0.5729233  )
         3        B      tau(   3) = (   0.5000000   0.2886751   0.5729233  )

     number of k points=    96 (tetrahedron method)
                       cart. coord. in units 2pi/alat
        k(    1) = (   0.0000000   0.0000000   0.0000000), wk =   0.0416667
        k(    2) = (   0.0000000   0.2886751   0.1454529), wk =   0.0000000
        k(    3) = (   0.0000000   0.0000000   0.2909057), wk =   0.0416667
        k(    4) = (   0.0000000   0.2886751   0.4363586), wk =   0.0000000
        k(    5) = (   0.0000000   0.0000000  -0.2909057), wk =   0.0416667
        k(    6) = (   0.0000000   0.2886751  -0.1454529), wk =   0.0000000
        k(    7) = (   0.0000000   0.2886751   0.0000000), wk =   0.0416667
        k(    8) = (   0.0000000   0.5773503   0.1454529), wk =   0.0000000
        k(    9) = (   0.0000000   0.2886751   0.2909057), wk =   0.0416667
        k(   10) = (   0.0000000   0.5773503   0.4363586), wk =   0.0000000
        k(   11) = (   0.0000000   0.2886751  -0.2909057), wk =   0.0416667
        k(   12) = (   0.0000000   0.5773503  -0.1454529), wk =   0.0000000
        k(   13) = (   0.0000000  -0.5773503   0.0000000), wk =   0.0416667
        k(   14) = (   0.0000000  -0.2886751   0.1454529), wk =   0.0000000
        k(   15) = (   0.0000000  -0.5773503   0.2909057), wk =   0.0416667
        k(   16) = (   0.0000000  -0.2886751   0.4363586), wk =   0.0000000
        k(   17) = (   0.0000000  -0.5773503  -0.2909057), wk =   0.0416667
        k(   18) = (   0.0000000  -0.2886751  -0.1454529), wk =   0.0000000
        k(   19) = (   0.0000000  -0.2886751   0.0000000), wk =   0.0416667
        k(   20) = (   0.0000000   0.0000000   0.1454529), wk =   0.0000000
        k(   21) = (   0.0000000  -0.2886751   0.2909057), wk =   0.0416667
        k(   22) = (   0.0000000   0.0000000   0.4363586), wk =   0.0000000
        k(   23) = (   0.0000000  -0.2886751  -0.2909057), wk =   0.0416667
        k(   24) = (   0.0000000   0.0000000  -0.1454529), wk =   0.0000000
        k(   25) = (   0.2500000   0.1443376   0.0000000), wk =   0.0416667
        k(   26) = (   0.2500000   0.4330127   0.1454529), wk =   0.0000000
        k(   27) = (   0.2500000   0.1443376   0.2909057), wk =   0.0416667
        k(   28) = (   0.2500000   0.4330127   0.4363586), wk =   0.0000000
        k(   29) = (   0.2500000   0.1443376  -0.2909057), wk =   0.0416667
        k(   30) = (   0.2500000   0.4330127  -0.1454529), wk =   0.0000000
        k(   31) = (   0.2500000   0.4330127   0.0000000), wk =   0.0416667
        k(   32) = (   0.2500000   0.7216878   0.1454529), wk =   0.0000000
        k(   33) = (   0.2500000   0.4330127   0.2909057), wk =   0.0416667
        k(   34) = (   0.2500000   0.7216878   0.4363586), wk =   0.0000000
        k(   35) = (   0.2500000   0.4330127  -0.2909057), wk =   0.0416667
        k(   36) = (   0.2500000   0.7216878  -0.1454529), wk =   0.0000000
        k(   37) = (   0.2500000  -0.4330127   0.0000000), wk =   0.0416667
        k(   38) = (   0.2500000  -0.1443376   0.1454529), wk =   0.0000000
        k(   39) = (   0.2500000  -0.4330127   0.2909057), wk =   0.0416667
        k(   40) = (   0.2500000  -0.1443376   0.4363586), wk =   0.0000000
        k(   41) = (   0.2500000  -0.4330127  -0.2909057), wk =   0.0416667
        k(   42) = (   0.2500000  -0.1443376  -0.1454529), wk =   0.0000000
        k(   43) = (   0.2500000  -0.1443376   0.0000000), wk =   0.0416667
        k(   44) = (   0.2500000   0.1443376   0.1454529), wk =   0.0000000
        k(   45) = (   0.2500000  -0.1443376   0.2909057), wk =   0.0416667
        k(   46) = (   0.2500000   0.1443376   0.4363586), wk =   0.0000000
        k(   47) = (   0.2500000  -0.1443376  -0.2909057), wk =   0.0416667
        k(   48) = (   0.2500000   0.1443376  -0.1454529), wk =   0.0000000
        k(   49) = (  -0.5000000  -0.2886751   0.0000000), wk =   0.0416667
        k(   50) = (  -0.5000000   0.0000000   0.1454529), wk =   0.0000000
        k(   51) = (  -0.5000000  -0.2886751   0.2909057), wk =   0.0416667
        k(   52) = (  -0.5000000   0.0000000   0.4363586), wk =   0.0000000
        k(   53) = (  -0.5000000  -0.2886751  -0.2909057), wk =   0.0416667
        k(   54) = (  -0.5000000   0.0000000  -0.1454529), wk =   0.0000000
        k(   55) = (  -0.5000000   0.0000000   0.0000000), wk =   0.0416667
        k(   56) = (  -0.5000000   0.2886751   0.1454529), wk =   0.0000000
        k(   57) = (  -0.5000000   0.0000000   0.2909057), wk =   0.0416667
        k(   58) = (  -0.5000000   0.2886751   0.4363586), wk =   0.0000000
        k(   59) = (  -0.5000000   0.0000000  -0.2909057), wk =   0.0416667
        k(   60) = (  -0.5000000   0.2886751  -0.1454529), wk =   0.0000000
        k(   61) = (  -0.5000000  -0.8660254   0.0000000), wk =   0.0416667
        k(   62) = (  -0.5000000  -0.5773503   0.1454529), wk =   0.0000000
        k(   63) = (  -0.5000000  -0.8660254   0.2909057), wk =   0.0416667
        k(   64) = (  -0.5000000  -0.5773503   0.4363586), wk =   0.0000000
        k(   65) = (  -0.5000000  -0.8660254  -0.2909057), wk =   0.0416667
        k(   66) = (  -0.5000000  -0.5773503  -0.1454529), wk =   0.0000000
        k(   67) = (  -0.5000000  -0.5773503   0.0000000), wk =   0.0416667
        k(   68) = (  -0.5000000  -0.2886751   0.1454529), wk =   0.0000000
        k(   69) = (  -0.5000000  -0.5773503   0.2909057), wk =   0.0416667
        k(   70) = (  -0.5000000  -0.2886751   0.4363586), wk =   0.0000000
        k(   71) = (  -0.5000000  -0.5773503  -0.2909057), wk =   0.0416667
        k(   72) = (  -0.5000000  -0.2886751  -0.1454529), wk =   0.0000000
        k(   73) = (  -0.2500000  -0.1443376   0.0000000), wk =   0.0416667
        k(   74) = (  -0.2500000   0.1443376   0.1454529), wk =   0.0000000
        k(   75) = (  -0.2500000  -0.1443376   0.2909057), wk =   0.0416667
        k(   76) = (  -0.2500000   0.1443376   0.4363586), wk =   0.0000000
        k(   77) = (  -0.2500000  -0.1443376  -0.2909057), wk =   0.0416667
        k(   78) = (  -0.2500000   0.1443376  -0.1454529), wk =   0.0000000
        k(   79) = (  -0.2500000   0.1443376   0.0000000), wk =   0.0416667
        k(   80) = (  -0.2500000   0.4330127   0.1454529), wk =   0.0000000
        k(   81) = (  -0.2500000   0.1443376   0.2909057), wk =   0.0416667
        k(   82) = (  -0.2500000   0.4330127   0.4363586), wk =   0.0000000
        k(   83) = (  -0.2500000   0.1443376  -0.2909057), wk =   0.0416667
        k(   84) = (  -0.2500000   0.4330127  -0.1454529), wk =   0.0000000
        k(   85) = (  -0.2500000  -0.7216878   0.0000000), wk =   0.0416667
        k(   86) = (  -0.2500000  -0.4330127   0.1454529), wk =   0.0000000
        k(   87) = (  -0.2500000  -0.7216878   0.2909057), wk =   0.0416667
        k(   88) = (  -0.2500000  -0.4330127   0.4363586), wk =   0.0000000
        k(   89) = (  -0.2500000  -0.7216878  -0.2909057), wk =   0.0416667
        k(   90) = (  -0.2500000  -0.4330127  -0.1454529), wk =   0.0000000
        k(   91) = (  -0.2500000  -0.4330127   0.0000000), wk =   0.0416667
        k(   92) = (  -0.2500000  -0.1443376   0.1454529), wk =   0.0000000
        k(   93) = (  -0.2500000  -0.4330127   0.2909057), wk =   0.0416667
        k(   94) = (  -0.2500000  -0.1443376   0.4363586), wk =   0.0000000
        k(   95) = (  -0.2500000  -0.4330127  -0.2909057), wk =   0.0416667
        k(   96) = (  -0.2500000  -0.1443376  -0.1454529), wk =   0.0000000

     Dense  grid:    15395 G-vectors     FFT dimensions: (  32,  32,  36)

     Smooth grid:     5449 G-vectors     FFT dimensions: (  24,  24,  25)

     Estimated max dynamical RAM per process >       7.22 MB

     Estimated total dynamical RAM >       4.06 GB

     Check: negative core charge=   -0.000006

     The potential is recalculated from file :
     ./_ph0/pwscf.q_3/pwscf.save/charge-density

     Starting wfcs are   12 atomic wfcs
     Checking if some PAW data can be deallocated... 

     Band Structure Calculation
     Davidson diagonalization with overlap

     ethr =  1.25E-10,  avg # of iterations = 19.3

     total cpu time spent up to now is        2.3 secs

     End of band structure calculation

          k = 0.0000 0.0000 0.0000 (   709 PWs)   bands (ev):

    -4.7856   4.7169   8.0859   8.0859   9.3182  14.0810  14.0810  15.9413

          k = 0.0000 0.2887 0.1455 (   677 PWs)   bands (ev):

    -3.4736   4.2713   4.5113   6.5843  12.0431  13.1161  13.7450  18.2343

          k = 0.0000 0.0000 0.2909 (   690 PWs)   bands (ev):

    -3.9413   1.1725   8.3605   8.3605  14.3197  14.3197  15.0532  15.8003

          k = 0.0000 0.2887 0.4364 (   690 PWs)   bands (ev):

    -2.5101   1.4487   4.9711   6.8246  10.9392  13.9994  17.7964  18.2336

          k = 0.0000 0.0000-0.2909 (   690 PWs)   bands (ev):

    -3.9413   1.1725   8.3605   8.3605  14.3197  14.3197  15.0532  15.8003

          k = 0.0000 0.2887-0.1455 (   677 PWs)   bands (ev):

    -3.4736   4.2713   4.5113   6.5843  12.0431  13.1161  13.7450  18.2343

          k = 0.0000 0.2887 0.0000 (   681 PWs)   bands (ev):

    -3.6967   4.3221   5.7684   6.5101  10.2984  13.1165  14.5810  17.0309

          k = 0.0000 0.5774 0.1455 (   662 PWs)   bands (ev):

    -0.6675   0.0267   5.5994   6.6607   9.0584  12.3432  14.8161  16.3850

          k = 0.0000 0.2887 0.2909 (   680 PWs)   bands (ev):

    -2.9073   2.3497   4.7869   6.7418  11.5392  13.6809  16.1211  18.0281

          k = 0.0000 0.5774 0.4364 (   676 PWs)   bands (ev):

     0.1220   0.7477   4.1205   5.8185   6.4053  13.4894  16.5345  16.6638

          k = 0.0000 0.2887-0.2909 (   680 PWs)   bands (ev):

    -2.9073   2.3497   4.7869   6.7418  11.5392  13.6809  16.1211  18.0281

          k = 0.0000 0.5774-0.1455 (   662 PWs)   bands (ev):

    -0.6675   0.0267   5.5994   6.6607   9.0584  12.3432  14.8161  16.3850

          k = 0.0000-0.5774 0.0000 (   676 PWs)   bands (ev):

    -0.8559  -0.1616   5.5309   7.8975  10.7860  11.6276  13.0221  14.8253

          k = 0.0000-0.2887 0.1455 (   677 PWs)   bands (ev):

    -3.4736   4.2713   4.5113   6.5843  12.0431  13.1161  13.7450  18.2343

          k = 0.0000-0.5774 0.2909 (   670 PWs)   bands (ev):

    -0.1967   0.4723   4.9116   5.7426   7.1851  13.0425  17.1668  18.1844

          k = 0.0000-0.2887 0.4364 (   690 PWs)   bands (ev):

    -2.5101   1.4487   4.9711   6.8246  10.9392  13.9994  17.7964  18.2336

          k = 0.0000-0.5774-0.2909 (   670 PWs)   bands (ev):

    -0.1967   0.4723   4.9116   5.7426   7.1851  13.0425  17.1668  18.1844

          k = 0.0000-0.2887-0.1455 (   677 PWs)   bands (ev):

    -3.4736   4.2713   4.5113   6.5843  12.0431  13.1161  13.7450  18.2343

          k = 0.0000-0.2887 0.0000 (   681 PWs)   bands (ev):

    -3.6967   4.3221   5.7684   6.5101  10.2984  13.1165  14.5810  17.0309

          k = 0.0000 0.0000 0.1455 (   697 PWs)   bands (ev):

    -4.5497   3.2122   8.1741   8.1741  11.3828  14.1562  14.1562  15.8936

          k = 0.0000-0.2887 0.2909 (   680 PWs)   bands (ev):

    -2.9073   2.3497   4.7869   6.7418  11.5392  13.6809  16.1211  18.0281

          k = 0.0000 0.0000 0.4364 (   684 PWs)   bands (ev):

    -3.4999   0.2155   8.4616   8.4616  14.4076  14.4076  15.7557  17.7397

          k = 0.0000-0.2887-0.2909 (   680 PWs)   bands (ev):

    -2.9073   2.3497   4.7869   6.7418  11.5392  13.6809  16.1211  18.0281

          k = 0.0000 0.0000-0.1455 (   697 PWs)   bands (ev):

    -4.5497   3.2122   8.1741   8.1741  11.3828  14.1562  14.1562  15.8936

          k = 0.2500 0.1443 0.0000 (   681 PWs)   bands (ev):

    -3.6967   4.3221   5.7684   6.5101  10.2984  13.1165  14.5810  17.0309

          k = 0.2500 0.4330 0.1455 (   684 PWs)   bands (ev):

    -1.3965   2.1623   3.2397   6.3799  10.0624  14.1966  14.9079  16.2485

          k = 0.2500 0.1443 0.2909 (   680 PWs)   bands (ev):

    -2.9073   2.3497   4.7869   6.7418  11.5392  13.6809  16.1211  18.0281

          k = 0.2500 0.4330 0.4364 (   674 PWs)   bands (ev):

    -0.5748   2.7987   3.7030   3.7188   7.6358  12.4494  17.2204  18.2374

          k = 0.2500 0.1443-0.2909 (   680 PWs)   bands (ev):

    -2.9073   2.3497   4.7869   6.7418  11.5392  13.6809  16.1211  18.0281

          k = 0.2500 0.4330-0.1455 (   684 PWs)   bands (ev):

    -1.3965   2.1623   3.2397   6.3799  10.0624  14.1966  14.9079  16.2485

          k = 0.2500 0.4330 0.0000 (   673 PWs)   bands (ev):

    -1.5955   1.9992   3.1104   7.7211  11.4346  12.3899  14.7394  16.0952

          k = 0.2500 0.7217 0.1455 (   684 PWs)   bands (ev):

    -1.3965   2.1623   3.2397   6.3799  10.0624  14.1966  14.9079  16.2485

          k = 0.2500 0.4330 0.2909 (   678 PWs)   bands (ev):

    -0.9037   2.5530   3.5246   4.5533   8.3547  13.1327  16.8169  17.8007

          k = 0.2500 0.7217 0.4364 (   674 PWs)   bands (ev):

    -0.5748   2.7987   3.7030   3.7188   7.6358  12.4494  17.2204  18.2374

          k = 0.2500 0.4330-0.2909 (   678 PWs)   bands (ev):

    -0.9037   2.5530   3.5246   4.5533   8.3547  13.1327  16.8169  17.8007

          k = 0.2500 0.7217-0.1455 (   684 PWs)   bands (ev):

    -1.3965   2.1623   3.2397   6.3799  10.0624  14.1966  14.9079  16.2485

          k = 0.2500-0.4330 0.0000 (   673 PWs)   bands (ev):

    -1.5955   1.9992   3.1104   7.7211  11.4346  12.3899  14.7394  16.0952

          k = 0.2500-0.1443 0.1455 (   677 PWs)   bands (ev):

    -3.4736   4.2713   4.5113   6.5843  12.0431  13.1161  13.7450  18.2343

          k = 0.2500-0.4330 0.2909 (   678 PWs)   bands (ev):

    -0.9037   2.5530   3.5246   4.5533   8.3547  13.1327  16.8169  17.8007

          k = 0.2500-0.1443 0.4364 (   690 PWs)   bands (ev):

    -2.5101   1.4487   4.9711   6.8246  10.9392  13.9994  17.7964  18.2336

          k = 0.2500-0.4330-0.2909 (   678 PWs)   bands (ev):

    -0.9037   2.5530   3.5246   4.5533   8.3547  13.1327  16.8169  17.8007

          k = 0.2500-0.1443-0.1455 (   677 PWs)   bands (ev):

    -3.4736   4.2713   4.5113   6.5843  12.0431  13.1161  13.7450  18.2343

          k = 0.2500-0.1443 0.0000 (   681 PWs)   bands (ev):

    -3.6967   4.3221   5.7684   6.5101  10.2984  13.1165  14.5810  17.0309

          k = 0.2500 0.1443 0.1455 (   677 PWs)   bands (ev):

    -3.4736   4.2713   4.5113   6.5843  12.0431  13.1161  13.7450  18.2343

          k = 0.2500-0.1443 0.2909 (   680 PWs)   bands (ev):

    -2.9073   2.3497   4.7869   6.7418  11.5392  13.6809  16.1211  18.0281

          k = 0.2500 0.1443 0.4364 (   690 PWs)   bands (ev):

    -2.5101   1.4487   4.9711   6.8246  10.9392  13.9994  17.7964  18.2336

          k = 0.2500-0.1443-0.2909 (   680 PWs)   bands (ev):

    -2.9073   2.3497   4.7869   6.7418  11.5392  13.6809  16.1211  18.0281

          k = 0.2500 0.1443-0.1455 (   677 PWs)   bands (ev):

    -3.4736   4.2713   4.5113   6.5843  12.0431  13.1161  13.7450  18.2343

          k =-0.5000-0.2887 0.0000 (   676 PWs)   bands (ev):

    -0.8559  -0.1616   5.5309   7.8975  10.7860  11.6276  13.0221  14.8253

          k =-0.5000 0.0000 0.1455 (   684 PWs)   bands (ev):

    -1.3965   2.1623   3.2397   6.3799  10.0624  14.1966  14.9079  16.2485

          k =-0.5000-0.2887 0.2909 (   670 PWs)   bands (ev):

    -0.1967   0.4723   4.9116   5.7426   7.1851  13.0425  17.1668  18.1844

          k =-0.5000 0.0000 0.4364 (   674 PWs)   bands (ev):

    -0.5748   2.7987   3.7030   3.7188   7.6358  12.4494  17.2204  18.2374

          k =-0.5000-0.2887-0.2909 (   670 PWs)   bands (ev):

    -0.1967   0.4723   4.9116   5.7426   7.1851  13.0425  17.1668  18.1844

          k =-0.5000 0.0000-0.1455 (   684 PWs)   bands (ev):

    -1.3965   2.1623   3.2397   6.3799  10.0624  14.1966  14.9079  16.2485

          k =-0.5000 0.0000 0.0000 (   673 PWs)   bands (ev):

    -1.5955   1.9992   3.1104   7.7211  11.4346  12.3899  14.7394  16.0952

          k =-0.5000 0.2887 0.1455 (   662 PWs)   bands (ev):

    -0.6675   0.0267   5.5994   6.6607   9.0584  12.3432  14.8161  16.3850

          k =-0.5000 0.0000 0.2909 (   678 PWs)   bands (ev):

    -0.9037   2.5530   3.5246   4.5533   8.3547  13.1327  16.8169  17.8007

          k =-0.5000 0.2887 0.4364 (   676 PWs)   bands (ev):

     0.1220   0.7477   4.1205   5.8185   6.4053  13.4894  16.5345  16.6638

          k =-0.5000 0.0000-0.2909 (   678 PWs)   bands (ev):

    -0.9037   2.5530   3.5246   4.5533   8.3547  13.1327  16.8169  17.8007

          k =-0.5000 0.2887-0.1455 (   662 PWs)   bands (ev):

    -0.6675   0.0267   5.5994   6.6607   9.0584  12.3432  14.8161  16.3850

          k =-0.5000-0.8660 0.0000 (   676 PWs)   bands (ev):

    -0.8559  -0.1616   5.5309   7.8975  10.7860  11.6276  13.0221  14.8253

          k =-0.5000-0.5774 0.1455 (   684 PWs)   bands (ev):

    -1.3965   2.1623   3.2397   6.3799  10.0624  14.1966  14.9079  16.2485

          k =-0.5000-0.8660 0.2909 (   670 PWs)   bands (ev):

    -0.1967   0.4723   4.9116   5.7426   7.1851  13.0425  17.1668  18.1844

          k =-0.5000-0.5774 0.4364 (   674 PWs)   bands (ev):

    -0.5748   2.7987   3.7030   3.7188   7.6358  12.4494  17.2204  18.2374

          k =-0.5000-0.8660-0.2909 (   670 PWs)   bands (ev):

    -0.1967   0.4723   4.9116   5.7426   7.1851  13.0425  17.1668  18.1844

          k =-0.5000-0.5774-0.1455 (   684 PWs)   bands (ev):

    -1.3965   2.1623   3.2397   6.3799  10.0624  14.1966  14.9079  16.2485

          k =-0.5000-0.5774 0.0000 (   673 PWs)   bands (ev):

    -1.5955   1.9992   3.1104   7.7211  11.4346  12.3899  14.7394  16.0952

          k =-0.5000-0.2887 0.1455 (   662 PWs)   bands (ev):

    -0.6675   0.0267   5.5994   6.6607   9.0584  12.3432  14.8161  16.3850

          k =-0.5000-0.5774 0.2909 (   678 PWs)   bands (ev):

    -0.9037   2.5530   3.5246   4.5533   8.3547  13.1327  16.8169  17.8007

          k =-0.5000-0.2887 0.4364 (   676 PWs)   bands (ev):

     0.1220   0.7477   4.1205   5.8185   6.4053  13.4894  16.5345  16.6638

          k =-0.5000-0.5774-0.2909 (   678 PWs)   bands (ev):

    -0.9037   2.5530   3.5246   4.5533   8.3547  13.1327  16.8169  17.8007

          k =-0.5000-0.2887-0.1455 (   662 PWs)   bands (ev):

    -0.6675   0.0267   5.5994   6.6607   9.0584  12.3432  14.8161  16.3850

          k =-0.2500-0.1443 0.0000 (   681 PWs)   bands (ev):

    -3.6967   4.3221   5.7684   6.5101  10.2984  13.1165  14.5810  17.0309

          k =-0.2500 0.1443 0.1455 (   677 PWs)   bands (ev):

    -3.4736   4.2713   4.5113   6.5843  12.0431  13.1161  13.7450  18.2343

          k =-0.2500-0.1443 0.2909 (   680 PWs)   bands (ev):

    -2.9073   2.3497   4.7869   6.7418  11.5392  13.6809  16.1211  18.0281

          k =-0.2500 0.1443 0.4364 (   690 PWs)   bands (ev):

    -2.5101   1.4487   4.9711   6.8246  10.9392  13.9994  17.7964  18.2336

          k =-0.2500-0.1443-0.2909 (   680 PWs)   bands (ev):

    -2.9073   2.3497   4.7869   6.7418  11.5392  13.6809  16.1211  18.0281

          k =-0.2500 0.1443-0.1455 (   677 PWs)   bands (ev):

    -3.4736   4.2713   4.5113   6.5843  12.0431  13.1161  13.7450  18.2343

          k =-0.2500 0.1443 0.0000 (   681 PWs)   bands (ev):

    -3.6967   4.3221   5.7684   6.5101  10.2984  13.1165  14.5810  17.0309

          k =-0.2500 0.4330 0.1455 (   684 PWs)   bands (ev):

    -1.3965   2.1623   3.2397   6.3799  10.0624  14.1966  14.9079  16.2485

          k =-0.2500 0.1443 0.2909 (   680 PWs)   bands (ev):

    -2.9073   2.3497   4.7869   6.7418  11.5392  13.6809  16.1211  18.0281

          k =-0.2500 0.4330 0.4364 (   674 PWs)   bands (ev):

    -0.5748   2.7987   3.7030   3.7188   7.6358  12.4494  17.2204  18.2374

          k =-0.2500 0.1443-0.2909 (   680 PWs)   bands (ev):

    -2.9073   2.3497   4.7869   6.7418  11.5392  13.6809  16.1211  18.0281

          k =-0.2500 0.4330-0.1455 (   684 PWs)   bands (ev):

    -1.3965   2.1623   3.2397   6.3799  10.0624  14.1966  14.9079  16.2485

          k =-0.2500-0.7217 0.0000 (   673 PWs)   bands (ev):

    -1.5955   1.9992   3.1104   7.7211  11.4346  12.3899  14.7394  16.0952

          k =-0.2500-0.4330 0.1455 (   684 PWs)   bands (ev):

    -1.3965   2.1623   3.2397   6.3799  10.0624  14.1966  14.9079  16.2485

          k =-0.2500-0.7217 0.2909 (   678 PWs)   bands (ev):

    -0.9037   2.5530   3.5246   4.5533   8.3547  13.1327  16.8169  17.8007

          k =-0.2500-0.4330 0.4364 (   674 PWs)   bands (ev):

    -0.5748   2.7987   3.7030   3.7188   7.6358  12.4494  17.2204  18.2374

          k =-0.2500-0.7217-0.2909 (   678 PWs)   bands (ev):

    -0.9037   2.5530   3.5246   4.5533   8.3547  13.1327  16.8169  17.8007

          k =-0.2500-0.4330-0.1455 (   684 PWs)   bands (ev):

    -1.3965   2.1623   3.2397   6.3799  10.0624  14.1966  14.9079  16.2485

          k =-0.2500-0.4330 0.0000 (   673 PWs)   bands (ev):

    -1.5955   1.9992   3.1104   7.7211  11.4346  12.3899  14.7394  16.0952

          k =-0.2500-0.1443 0.1455 (   677 PWs)   bands (ev):

    -3.4736   4.2713   4.5113   6.5843  12.0431  13.1161  13.7450  18.2343

          k =-0.2500-0.4330 0.2909 (   678 PWs)   bands (ev):

    -0.9037   2.5530   3.5246   4.5533   8.3547  13.1327  16.8169  17.8007

          k =-0.2500-0.1443 0.4364 (   690 PWs)   bands (ev):

    -2.5101   1.4487   4.9711   6.8246  10.9392  13.9994  17.7964  18.2336

          k =-0.2500-0.4330-0.2909 (   678 PWs)   bands (ev):

    -0.9037   2.5530   3.5246   4.5533   8.3547  13.1327  16.8169  17.8007

          k =-0.2500-0.1443-0.1455 (   677 PWs)   bands (ev):

    -3.4736   4.2713   4.5113   6.5843  12.0431  13.1161  13.7450  18.2343

     the Fermi energy is     7.7432 ev

     Writing config to output data dir ./_ph0/pwscf.q_3/pwscf.save/ :
     XML data file
 
     [dfpt_tetra]  Dos(E_F)[/Ry] :   0.1053843E+02

     Electron-phonon matrix                                                     

     bravais-lattice index     =            0
     lattice parameter (alat)  =       5.8042  a.u.
     unit-cell volume          =     194.0373 (a.u.)^3
     number of atoms/cell      =            3
     number of atomic types    =            2
     kinetic-energy cut-off    =      35.0000  Ry
     charge density cut-off    =     280.0000  Ry
     convergence threshold     =      1.0E-12
     beta                      =       0.7000
     number of iterations used =            4
     Exchange-correlation= PBE
                           (   1   4   3   4   0   0   0)


     celldm(1)=    5.80420  celldm(2)=    0.00000  celldm(3)=    0.00000
     celldm(4)=    0.00000  celldm(5)=    0.00000  celldm(6)=    0.00000

     crystal axes: (cart. coord. in units of alat)
               a(1) = (  1.0000  0.0000  0.0000 )  
               a(2) = ( -0.5000  0.8660  0.0000 )  
               a(3) = (  0.0000  0.0000  1.1458 )  

     reciprocal axes: (cart. coord. in units 2 pi/alat)
               b(1) = (  1.0000  0.5774  0.0000 )  
               b(2) = (  0.0000  1.1547  0.0000 )  
               b(3) = (  0.0000  0.0000  0.8727 )  


     Atoms inside the unit cell: 

     Cartesian axes

     site n.  atom      mass           positions (alat units)
        1  Mg     24.3050   tau(    1) = (    0.00000    0.00000    0.00000  )
        2  B      10.8110   tau(    2) = (    0.00000    0.57735    0.57292  )
        3  B      10.8110   tau(    3) = (    0.50000    0.28868    0.57292  )

     Computing dynamical matrix for 
                    q = (   0.0000000   0.2886751   0.1454529 )
 
      2 Sym.Ops. (no q -> -q+G )


     G cutoff =  238.9372  (  15395 G-vectors)     FFT grid: ( 32, 32, 36)
     G cutoff =  119.4686  (   5449 G-vectors)  smooth grid: ( 24, 24, 25)
     number of k points=    96

     PseudoPot. # 1 for B  read from file:
     ./B.pbe-n-kjpaw_psl.0.1.upf
     MD5 check sum: b4345a612e0782cca08559f453f3313f
     Pseudo is Projector augmented-wave + core cor, Zval =  3.0
     Generated using "atomic" code by A. Dal Corso  v.5.0.99 svn rev. 10869
     Shape of augmentation charge: BESSEL
     Using radial grid of 1059 points,  4 beta functions with: 
                l(1) =   0
                l(2) =   0
                l(3) =   1
                l(4) =   1
     Q(r) pseudized with 0 coefficients 


     PseudoPot. # 2 for Mg read from file:
     ./Mg.pbe-n-kjpaw_psl.0.3.0.upf
     MD5 check sum: 9eaefceb6cf3903db1b93e4e5c6adf9a
     Pseudo is Projector augmented-wave + core cor, Zval =  2.0
     Generated using "atomic" code by A. Dal Corso  v.5.0.99 svn rev. 10869
     Shape of augmentation charge: PSQ
     Using radial grid of 1129 points,  4 beta functions with: 
                l(1) =   0
                l(2) =   0
                l(3) =   1
                l(4) =   1
     Q(r) pseudized with 0 coefficients 



     Atomic displacements:
     There are    9 irreducible representations

     Representation     1      1 modes -  To be done

     Representation     2      1 modes -  To be done

     Representation     3      1 modes -  To be done

     Representation     4      1 modes -  To be done

     Representation     5      1 modes -  To be done

     Representation     6      1 modes -  To be done

     Representation     7      1 modes -  To be done

     Representation     8      1 modes -  To be done

     Representation     9      1 modes -  To be done


     PHONON       :      7.33s CPU      8.22s WALL

     Reading dVscf from file dv
     Reading dynamics matrix from file matdyn3

     Diagonalizing the dynamical matrix

     q = (    0.000000000   0.288675135   0.145452854 ) 

 **************************************************************************
     freq (    1) =       6.366698 [THz] =     212.370172 [cm-1]
     freq (    2) =       6.445089 [THz] =     214.985044 [cm-1]
     freq (    3) =       8.525403 [THz] =     284.376847 [cm-1]
     freq (    4) =      11.905052 [THz] =     397.109776 [cm-1]
     freq (    5) =      12.192616 [THz] =     406.701901 [cm-1]
     freq (    6) =      15.378275 [THz] =     512.964053 [cm-1]
     freq (    7) =      19.667352 [THz] =     656.032240 [cm-1]
     freq (    8) =      21.175198 [THz] =     706.328574 [cm-1]
     freq (    9) =      21.401331 [THz] =     713.871561 [cm-1]
 **************************************************************************
 [elph_scdft]  write elph.dat with symmetries (only on Fermi surfaces)
 [elph_scdft]   Lowest band which contains FS :  3
 [elph_scdft]  Highest band which contains FS :  5
 [elph_scdft]    # of bands which contains FS :  3

     Calculation of q =    0.0000000   0.2886751  -0.4363586
     Message from routine kpoint_grid:
     ATTENTION: skip check of k-points equivalence
     [opt_tetra]  Optimized tetrahedron method is used.
     Message from routine divide_et_impera:
     suboptimal parallelization: some nodes have no k-points
 
     G-vector sticks info
     --------------------
     sticks:   dense  smooth     PW     G-vecs:    dense   smooth      PW
     Sum         649     313    121                15395     5449    1155
 
     Using Slab Decomposition
 

     Title: 
     Electron-phonon matrix                                                     


     bravais-lattice index     =            0
     lattice parameter (alat)  =       5.8042  a.u.
     unit-cell volume          =     194.0373 (a.u.)^3
     number of atoms/cell      =            3
     number of atomic types    =            2
     number of electrons       =         8.00
     number of Kohn-Sham states=            8
     kinetic-energy cutoff     =      35.0000  Ry
     charge density cutoff     =     280.0000  Ry
     Exchange-correlation= PBE
                           (   1   4   3   4   0   0   0)

     celldm(1)=   5.804205  celldm(2)=   0.000000  celldm(3)=   0.000000
     celldm(4)=   0.000000  celldm(5)=   0.000000  celldm(6)=   0.000000

     crystal axes: (cart. coord. in units of alat)
               a(1) = (   1.000000   0.000000   0.000000 )  
               a(2) = (  -0.500000   0.866025   0.000000 )  
               a(3) = (   0.000000   0.000000   1.145847 )  

     reciprocal axes: (cart. coord. in units 2 pi/alat)
               b(1) = (  1.000000  0.577350  0.000000 )  
               b(2) = (  0.000000  1.154701  0.000000 )  
               b(3) = (  0.000000  0.000000  0.872717 )  


     PseudoPot. # 1 for B  read from file:
     ./B.pbe-n-kjpaw_psl.0.1.upf
     MD5 check sum: b4345a612e0782cca08559f453f3313f
     Pseudo is Projector augmented-wave + core cor, Zval =  3.0
     Generated using "atomic" code by A. Dal Corso  v.5.0.99 svn rev. 10869
     Shape of augmentation charge: BESSEL
     Using radial grid of 1059 points,  4 beta functions with: 
                l(1) =   0
                l(2) =   0
                l(3) =   1
                l(4) =   1
     Q(r) pseudized with 0 coefficients 


     PseudoPot. # 2 for Mg read from file:
     ./Mg.pbe-n-kjpaw_psl.0.3.0.upf
     MD5 check sum: 9eaefceb6cf3903db1b93e4e5c6adf9a
     Pseudo is Projector augmented-wave + core cor, Zval =  2.0
     Generated using "atomic" code by A. Dal Corso  v.5.0.99 svn rev. 10869
     Shape of augmentation charge: PSQ
     Using radial grid of 1129 points,  4 beta functions with: 
                l(1) =   0
                l(2) =   0
                l(3) =   1
                l(4) =   1
     Q(r) pseudized with 0 coefficients 


     atomic species   valence    mass     pseudopotential
     B                 3.00    10.81100     B ( 1.00)
     Mg                2.00    24.30500     Mg( 1.00)

     24 Sym. Ops., with inversion, found



   Cartesian axes

     site n.     atom                  positions (alat units)
         1        Mg     tau(   1) = (   0.0000000   0.0000000   0.0000000  )
         2        B      tau(   2) = (   0.0000000   0.5773503   0.5729233  )
         3        B      tau(   3) = (   0.5000000   0.2886751   0.5729233  )

     number of k points=    96 (tetrahedron method)
                       cart. coord. in units 2pi/alat
        k(    1) = (   0.0000000   0.0000000   0.0000000), wk =   0.0416667
        k(    2) = (   0.0000000   0.2886751  -0.4363586), wk =   0.0000000
        k(    3) = (   0.0000000   0.0000000   0.2909057), wk =   0.0416667
        k(    4) = (   0.0000000   0.2886751  -0.1454529), wk =   0.0000000
        k(    5) = (   0.0000000   0.0000000  -0.2909057), wk =   0.0416667
        k(    6) = (   0.0000000   0.2886751  -0.7272643), wk =   0.0000000
        k(    7) = (   0.0000000   0.2886751   0.0000000), wk =   0.0416667
        k(    8) = (   0.0000000   0.5773503  -0.4363586), wk =   0.0000000
        k(    9) = (   0.0000000   0.2886751   0.2909057), wk =   0.0416667
        k(   10) = (   0.0000000   0.5773503  -0.1454529), wk =   0.0000000
        k(   11) = (   0.0000000   0.2886751  -0.2909057), wk =   0.0416667
        k(   12) = (   0.0000000   0.5773503  -0.7272643), wk =   0.0000000
        k(   13) = (   0.0000000  -0.5773503   0.0000000), wk =   0.0416667
        k(   14) = (   0.0000000  -0.2886751  -0.4363586), wk =   0.0000000
        k(   15) = (   0.0000000  -0.5773503   0.2909057), wk =   0.0416667
        k(   16) = (   0.0000000  -0.2886751  -0.1454529), wk =   0.0000000
        k(   17) = (   0.0000000  -0.5773503  -0.2909057), wk =   0.0416667
        k(   18) = (   0.0000000  -0.2886751  -0.7272643), wk =   0.0000000
        k(   19) = (   0.0000000  -0.2886751   0.0000000), wk =   0.0416667
        k(   20) = (   0.0000000   0.0000000  -0.4363586), wk =   0.0000000
        k(   21) = (   0.0000000  -0.2886751   0.2909057), wk =   0.0416667
        k(   22) = (   0.0000000   0.0000000  -0.1454529), wk =   0.0000000
        k(   23) = (   0.0000000  -0.2886751  -0.2909057), wk =   0.0416667
        k(   24) = (   0.0000000   0.0000000  -0.7272643), wk =   0.0000000
        k(   25) = (   0.2500000   0.1443376   0.0000000), wk =   0.0416667
        k(   26) = (   0.2500000   0.4330127  -0.4363586), wk =   0.0000000
        k(   27) = (   0.2500000   0.1443376   0.2909057), wk =   0.0416667
        k(   28) = (   0.2500000   0.4330127  -0.1454529), wk =   0.0000000
        k(   29) = (   0.2500000   0.1443376  -0.2909057), wk =   0.0416667
        k(   30) = (   0.2500000   0.4330127  -0.7272643), wk =   0.0000000
        k(   31) = (   0.2500000   0.4330127   0.0000000), wk =   0.0416667
        k(   32) = (   0.2500000   0.7216878  -0.4363586), wk =   0.0000000
        k(   33) = (   0.2500000   0.4330127   0.2909057), wk =   0.0416667
        k(   34) = (   0.2500000   0.7216878  -0.1454529), wk =   0.0000000
        k(   35) = (   0.2500000   0.4330127  -0.2909057), wk =   0.0416667
        k(   36) = (   0.2500000   0.7216878  -0.7272643), wk =   0.0000000
        k(   37) = (   0.2500000  -0.4330127   0.0000000), wk =   0.0416667
        k(   38) = (   0.2500000  -0.1443376  -0.4363586), wk =   0.0000000
        k(   39) = (   0.2500000  -0.4330127   0.2909057), wk =   0.0416667
        k(   40) = (   0.2500000  -0.1443376  -0.1454529), wk =   0.0000000
        k(   41) = (   0.2500000  -0.4330127  -0.2909057), wk =   0.0416667
        k(   42) = (   0.2500000  -0.1443376  -0.7272643), wk =   0.0000000
        k(   43) = (   0.2500000  -0.1443376   0.0000000), wk =   0.0416667
        k(   44) = (   0.2500000   0.1443376  -0.4363586), wk =   0.0000000
        k(   45) = (   0.2500000  -0.1443376   0.2909057), wk =   0.0416667
        k(   46) = (   0.2500000   0.1443376  -0.1454529), wk =   0.0000000
        k(   47) = (   0.2500000  -0.1443376  -0.2909057), wk =   0.0416667
        k(   48) = (   0.2500000   0.1443376  -0.7272643), wk =   0.0000000
        k(   49) = (  -0.5000000  -0.2886751   0.0000000), wk =   0.0416667
        k(   50) = (  -0.5000000   0.0000000  -0.4363586), wk =   0.0000000
        k(   51) = (  -0.5000000  -0.2886751   0.2909057), wk =   0.0416667
        k(   52) = (  -0.5000000   0.0000000  -0.1454529), wk =   0.0000000
        k(   53) = (  -0.5000000  -0.2886751  -0.2909057), wk =   0.0416667
        k(   54) = (  -0.5000000   0.0000000  -0.7272643), wk =   0.0000000
        k(   55) = (  -0.5000000   0.0000000   0.0000000), wk =   0.0416667
        k(   56) = (  -0.5000000   0.2886751  -0.4363586), wk =   0.0000000
        k(   57) = (  -0.5000000   0.0000000   0.2909057), wk =   0.0416667
        k(   58) = (  -0.5000000   0.2886751  -0.1454529), wk =   0.0000000
        k(   59) = (  -0.5000000   0.0000000  -0.2909057), wk =   0.0416667
        k(   60) = (  -0.5000000   0.2886751  -0.7272643), wk =   0.0000000
        k(   61) = (  -0.5000000  -0.8660254   0.0000000), wk =   0.0416667
        k(   62) = (  -0.5000000  -0.5773503  -0.4363586), wk =   0.0000000
        k(   63) = (  -0.5000000  -0.8660254   0.2909057), wk =   0.0416667
        k(   64) = (  -0.5000000  -0.5773503  -0.1454529), wk =   0.0000000
        k(   65) = (  -0.5000000  -0.8660254  -0.2909057), wk =   0.0416667
        k(   66) = (  -0.5000000  -0.5773503  -0.7272643), wk =   0.0000000
        k(   67) = (  -0.5000000  -0.5773503   0.0000000), wk =   0.0416667
        k(   68) = (  -0.5000000  -0.2886751  -0.4363586), wk =   0.0000000
        k(   69) = (  -0.5000000  -0.5773503   0.2909057), wk =   0.0416667
        k(   70) = (  -0.5000000  -0.2886751  -0.1454529), wk =   0.0000000
        k(   71) = (  -0.5000000  -0.5773503  -0.2909057), wk =   0.0416667
        k(   72) = (  -0.5000000  -0.2886751  -0.7272643), wk =   0.0000000
        k(   73) = (  -0.2500000  -0.1443376   0.0000000), wk =   0.0416667
        k(   74) = (  -0.2500000   0.1443376  -0.4363586), wk =   0.0000000
        k(   75) = (  -0.2500000  -0.1443376   0.2909057), wk =   0.0416667
        k(   76) = (  -0.2500000   0.1443376  -0.1454529), wk =   0.0000000
        k(   77) = (  -0.2500000  -0.1443376  -0.2909057), wk =   0.0416667
        k(   78) = (  -0.2500000   0.1443376  -0.7272643), wk =   0.0000000
        k(   79) = (  -0.2500000   0.1443376   0.0000000), wk =   0.0416667
        k(   80) = (  -0.2500000   0.4330127  -0.4363586), wk =   0.0000000
        k(   81) = (  -0.2500000   0.1443376   0.2909057), wk =   0.0416667
        k(   82) = (  -0.2500000   0.4330127  -0.1454529), wk =   0.0000000
        k(   83) = (  -0.2500000   0.1443376  -0.2909057), wk =   0.0416667
        k(   84) = (  -0.2500000   0.4330127  -0.7272643), wk =   0.0000000
        k(   85) = (  -0.2500000  -0.7216878   0.0000000), wk =   0.0416667
        k(   86) = (  -0.2500000  -0.4330127  -0.4363586), wk =   0.0000000
        k(   87) = (  -0.2500000  -0.7216878   0.2909057), wk =   0.0416667
        k(   88) = (  -0.2500000  -0.4330127  -0.1454529), wk =   0.0000000
        k(   89) = (  -0.2500000  -0.7216878  -0.2909057), wk =   0.0416667
        k(   90) = (  -0.2500000  -0.4330127  -0.7272643), wk =   0.0000000
        k(   91) = (  -0.2500000  -0.4330127   0.0000000), wk =   0.0416667
        k(   92) = (  -0.2500000  -0.1443376  -0.4363586), wk =   0.0000000
        k(   93) = (  -0.2500000  -0.4330127   0.2909057), wk =   0.0416667
        k(   94) = (  -0.2500000  -0.1443376  -0.1454529), wk =   0.0000000
        k(   95) = (  -0.2500000  -0.4330127  -0.2909057), wk =   0.0416667
        k(   96) = (  -0.2500000  -0.1443376  -0.7272643), wk =   0.0000000

     Dense  grid:    15395 G-vectors     FFT dimensions: (  32,  32,  36)

     Smooth grid:     5449 G-vectors     FFT dimensions: (  24,  24,  25)

     Estimated max dynamical RAM per process >       7.23 MB

     Estimated total dynamical RAM >       4.07 GB

     Check: negative core charge=   -0.000006

     The potential is recalculated from file :
     ./_ph0/pwscf.q_4/pwscf.save/charge-density

     Starting wfcs are   12 atomic wfcs
     Checking if some PAW data can be deallocated... 

     Band Structure Calculation
     Davidson diagonalization with overlap

     ethr =  1.25E-10,  avg # of iterations = 19.3

     total cpu time spent up to now is        2.9 secs

     End of band structure calculation

          k = 0.0000 0.0000 0.0000 (   709 PWs)   bands (ev):

    -4.7856   4.7169   8.0859   8.0859   9.3182  14.0810  14.0810  15.9413

          k = 0.0000 0.2887-0.4364 (   690 PWs)   bands (ev):

    -2.5101   1.4487   4.9711   6.8246  10.9392  13.9994  17.7964  18.2336

          k = 0.0000 0.0000 0.2909 (   690 PWs)   bands (ev):

    -3.9413   1.1725   8.3605   8.3605  14.3197  14.3197  15.0532  15.8003

          k = 0.0000 0.2887-0.1455 (   677 PWs)   bands (ev):

    -3.4736   4.2713   4.5113   6.5843  12.0431  13.1161  13.7450  18.2343

          k = 0.0000 0.0000-0.2909 (   690 PWs)   bands (ev):

    -3.9413   1.1725   8.3605   8.3605  14.3197  14.3197  15.0532  15.8003

          k = 0.0000 0.2887-0.7273 (   677 PWs)   bands (ev):

    -3.4736   4.2713   4.5113   6.5843  12.0431  13.1161  13.7450  18.2343

          k = 0.0000 0.2887 0.0000 (   681 PWs)   bands (ev):

    -3.6967   4.3221   5.7684   6.5101  10.2984  13.1165  14.5810  17.0309

          k = 0.0000 0.5774-0.4364 (   676 PWs)   bands (ev):

     0.1220   0.7477   4.1205   5.8185   6.4053  13.4894  16.5345  16.6638

          k = 0.0000 0.2887 0.2909 (   680 PWs)   bands (ev):

    -2.9073   2.3497   4.7869   6.7418  11.5392  13.6809  16.1211  18.0281

          k = 0.0000 0.5774-0.1455 (   662 PWs)   bands (ev):

    -0.6675   0.0267   5.5994   6.6607   9.0584  12.3432  14.8161  16.3850

          k = 0.0000 0.2887-0.2909 (   680 PWs)   bands (ev):

    -2.9073   2.3497   4.7869   6.7418  11.5392  13.6809  16.1211  18.0281

          k = 0.0000 0.5774-0.7273 (   662 PWs)   bands (ev):

    -0.6675   0.0267   5.5994   6.6607   9.0584  12.3432  14.8161  16.3850

          k = 0.0000-0.5774 0.0000 (   676 PWs)   bands (ev):

    -0.8559  -0.1616   5.5309   7.8975  10.7860  11.6276  13.0221  14.8253

          k = 0.0000-0.2887-0.4364 (   690 PWs)   bands (ev):

    -2.5101   1.4487   4.9711   6.8246  10.9392  13.9994  17.7964  18.2336

          k = 0.0000-0.5774 0.2909 (   670 PWs)   bands (ev):

    -0.1967   0.4723   4.9116   5.7426   7.1851  13.0425  17.1668  18.1844

          k = 0.0000-0.2887-0.1455 (   677 PWs)   bands (ev):

    -3.4736   4.2713   4.5113   6.5843  12.0431  13.1161  13.7450  18.2343

          k = 0.0000-0.5774-0.2909 (   670 PWs)   bands (ev):

    -0.1967   0.4723   4.9116   5.7426   7.1851  13.0425  17.1668  18.1844

          k = 0.0000-0.2887-0.7273 (   677 PWs)   bands (ev):

    -3.4736   4.2713   4.5113   6.5843  12.0431  13.1161  13.7450  18.2343

          k = 0.0000-0.2887 0.0000 (   681 PWs)   bands (ev):

    -3.6967   4.3221   5.7684   6.5101  10.2984  13.1165  14.5810  17.0309

          k = 0.0000 0.0000-0.4364 (   684 PWs)   bands (ev):

    -3.4999   0.2155   8.4616   8.4616  14.4076  14.4076  15.7557  17.7397

          k = 0.0000-0.2887 0.2909 (   680 PWs)   bands (ev):

    -2.9073   2.3497   4.7869   6.7418  11.5392  13.6809  16.1211  18.0281

          k = 0.0000 0.0000-0.1455 (   697 PWs)   bands (ev):

    -4.5497   3.2122   8.1741   8.1741  11.3828  14.1562  14.1562  15.8936

          k = 0.0000-0.2887-0.2909 (   680 PWs)   bands (ev):

    -2.9073   2.3497   4.7869   6.7418  11.5392  13.6809  16.1211  18.0281

          k = 0.0000 0.0000-0.7273 (   697 PWs)   bands (ev):

    -4.5497   3.2122   8.1741   8.1741  11.3828  14.1562  14.1562  15.8936

          k = 0.2500 0.1443 0.0000 (   681 PWs)   bands (ev):

    -3.6967   4.3221   5.7684   6.5101  10.2984  13.1165  14.5810  17.0309

          k = 0.2500 0.4330-0.4364 (   674 PWs)   bands (ev):

    -0.5748   2.7987   3.7030   3.7188   7.6358  12.4494  17.2204  18.2374

          k = 0.2500 0.1443 0.2909 (   680 PWs)   bands (ev):

    -2.9073   2.3497   4.7869   6.7418  11.5392  13.6809  16.1211  18.0281

          k = 0.2500 0.4330-0.1455 (   684 PWs)   bands (ev):

    -1.3965   2.1623   3.2397   6.3799  10.0624  14.1966  14.9079  16.2485

          k = 0.2500 0.1443-0.2909 (   680 PWs)   bands (ev):

    -2.9073   2.3497   4.7869   6.7418  11.5392  13.6809  16.1211  18.0281

          k = 0.2500 0.4330-0.7273 (   684 PWs)   bands (ev):

    -1.3965   2.1623   3.2397   6.3799  10.0624  14.1966  14.9079  16.2485

          k = 0.2500 0.4330 0.0000 (   673 PWs)   bands (ev):

    -1.5955   1.9992   3.1104   7.7211  11.4346  12.3899  14.7394  16.0952

          k = 0.2500 0.7217-0.4364 (   674 PWs)   bands (ev):

    -0.5748   2.7987   3.7030   3.7188   7.6358  12.4494  17.2204  18.2374

          k = 0.2500 0.4330 0.2909 (   678 PWs)   bands (ev):

    -0.9037   2.5530   3.5246   4.5533   8.3547  13.1327  16.8169  17.8007

          k = 0.2500 0.7217-0.1455 (   684 PWs)   bands (ev):

    -1.3965   2.1623   3.2397   6.3799  10.0624  14.1966  14.9079  16.2485

          k = 0.2500 0.4330-0.2909 (   678 PWs)   bands (ev):

    -0.9037   2.5530   3.5246   4.5533   8.3547  13.1327  16.8169  17.8007

          k = 0.2500 0.7217-0.7273 (   684 PWs)   bands (ev):

    -1.3965   2.1623   3.2397   6.3799  10.0624  14.1966  14.9079  16.2485

          k = 0.2500-0.4330 0.0000 (   673 PWs)   bands (ev):

    -1.5955   1.9992   3.1104   7.7211  11.4346  12.3899  14.7394  16.0952

          k = 0.2500-0.1443-0.4364 (   690 PWs)   bands (ev):

    -2.5101   1.4487   4.9711   6.8246  10.9392  13.9994  17.7964  18.2336

          k = 0.2500-0.4330 0.2909 (   678 PWs)   bands (ev):

    -0.9037   2.5530   3.5246   4.5533   8.3547  13.1327  16.8169  17.8007

          k = 0.2500-0.1443-0.1455 (   677 PWs)   bands (ev):

    -3.4736   4.2713   4.5113   6.5843  12.0431  13.1161  13.7450  18.2343

          k = 0.2500-0.4330-0.2909 (   678 PWs)   bands (ev):

    -0.9037   2.5530   3.5246   4.5533   8.3547  13.1327  16.8169  17.8007

          k = 0.2500-0.1443-0.7273 (   677 PWs)   bands (ev):

    -3.4736   4.2713   4.5113   6.5843  12.0431  13.1161  13.7450  18.2343

          k = 0.2500-0.1443 0.0000 (   681 PWs)   bands (ev):

    -3.6967   4.3221   5.7684   6.5101  10.2984  13.1165  14.5810  17.0309

          k = 0.2500 0.1443-0.4364 (   690 PWs)   bands (ev):

    -2.5101   1.4487   4.9711   6.8246  10.9392  13.9994  17.7964  18.2336

          k = 0.2500-0.1443 0.2909 (   680 PWs)   bands (ev):

    -2.9073   2.3497   4.7869   6.7418  11.5392  13.6809  16.1211  18.0281

          k = 0.2500 0.1443-0.1455 (   677 PWs)   bands (ev):

    -3.4736   4.2713   4.5113   6.5843  12.0431  13.1161  13.7450  18.2343

          k = 0.2500-0.1443-0.2909 (   680 PWs)   bands (ev):

    -2.9073   2.3497   4.7869   6.7418  11.5392  13.6809  16.1211  18.0281

          k = 0.2500 0.1443-0.7273 (   677 PWs)   bands (ev):

    -3.4736   4.2713   4.5113   6.5843  12.0431  13.1161  13.7450  18.2343

          k =-0.5000-0.2887 0.0000 (   676 PWs)   bands (ev):

    -0.8559  -0.1616   5.5309   7.8975  10.7860  11.6276  13.0221  14.8253

          k =-0.5000 0.0000-0.4364 (   674 PWs)   bands (ev):

    -0.5748   2.7987   3.7030   3.7188   7.6358  12.4494  17.2204  18.2374

          k =-0.5000-0.2887 0.2909 (   670 PWs)   bands (ev):

    -0.1967   0.4723   4.9116   5.7426   7.1851  13.0425  17.1668  18.1844

          k =-0.5000 0.0000-0.1455 (   684 PWs)   bands (ev):

    -1.3965   2.1623   3.2397   6.3799  10.0624  14.1966  14.9079  16.2485

          k =-0.5000-0.2887-0.2909 (   670 PWs)   bands (ev):

    -0.1967   0.4723   4.9116   5.7426   7.1851  13.0425  17.1668  18.1844

          k =-0.5000 0.0000-0.7273 (   684 PWs)   bands (ev):

    -1.3965   2.1623   3.2397   6.3799  10.0624  14.1966  14.9079  16.2485

          k =-0.5000 0.0000 0.0000 (   673 PWs)   bands (ev):

    -1.5955   1.9992   3.1104   7.7211  11.4346  12.3899  14.7394  16.0952

          k =-0.5000 0.2887-0.4364 (   676 PWs)   bands (ev):

     0.1220   0.7477   4.1205   5.8185   6.4053  13.4894  16.5345  16.6638

          k =-0.5000 0.0000 0.2909 (   678 PWs)   bands (ev):

    -0.9037   2.5530   3.5246   4.5533   8.3547  13.1327  16.8169  17.8007

          k =-0.5000 0.2887-0.1455 (   662 PWs)   bands (ev):

    -0.6675   0.0267   5.5994   6.6607   9.0584  12.3432  14.8161  16.3850

          k =-0.5000 0.0000-0.2909 (   678 PWs)   bands (ev):

    -0.9037   2.5530   3.5246   4.5533   8.3547  13.1327  16.8169  17.8007

          k =-0.5000 0.2887-0.7273 (   662 PWs)   bands (ev):

    -0.6675   0.0267   5.5994   6.6607   9.0584  12.3432  14.8161  16.3850

          k =-0.5000-0.8660 0.0000 (   676 PWs)   bands (ev):

    -0.8559  -0.1616   5.5309   7.8975  10.7860  11.6276  13.0221  14.8253

          k =-0.5000-0.5774-0.4364 (   674 PWs)   bands (ev):

    -0.5748   2.7987   3.7030   3.7188   7.6358  12.4494  17.2204  18.2374

          k =-0.5000-0.8660 0.2909 (   670 PWs)   bands (ev):

    -0.1967   0.4723   4.9116   5.7426   7.1851  13.0425  17.1668  18.1844

          k =-0.5000-0.5774-0.1455 (   684 PWs)   bands (ev):

    -1.3965   2.1623   3.2397   6.3799  10.0624  14.1966  14.9079  16.2485

          k =-0.5000-0.8660-0.2909 (   670 PWs)   bands (ev):

    -0.1967   0.4723   4.9116   5.7426   7.1851  13.0425  17.1668  18.1844

          k =-0.5000-0.5774-0.7273 (   684 PWs)   bands (ev):

    -1.3965   2.1623   3.2397   6.3799  10.0624  14.1966  14.9079  16.2485

          k =-0.5000-0.5774 0.0000 (   673 PWs)   bands (ev):

    -1.5955   1.9992   3.1104   7.7211  11.4346  12.3899  14.7394  16.0952

          k =-0.5000-0.2887-0.4364 (   676 PWs)   bands (ev):

     0.1220   0.7477   4.1205   5.8185   6.4053  13.4894  16.5345  16.6638

          k =-0.5000-0.5774 0.2909 (   678 PWs)   bands (ev):

    -0.9037   2.5530   3.5246   4.5533   8.3547  13.1327  16.8169  17.8007

          k =-0.5000-0.2887-0.1455 (   662 PWs)   bands (ev):

    -0.6675   0.0267   5.5994   6.6607   9.0584  12.3432  14.8161  16.3850

          k =-0.5000-0.5774-0.2909 (   678 PWs)   bands (ev):

    -0.9037   2.5530   3.5246   4.5533   8.3547  13.1327  16.8169  17.8007

          k =-0.5000-0.2887-0.7273 (   662 PWs)   bands (ev):

    -0.6675   0.0267   5.5994   6.6607   9.0584  12.3432  14.8161  16.3850

          k =-0.2500-0.1443 0.0000 (   681 PWs)   bands (ev):

    -3.6967   4.3221   5.7684   6.5101  10.2984  13.1165  14.5810  17.0309

          k =-0.2500 0.1443-0.4364 (   690 PWs)   bands (ev):

    -2.5101   1.4487   4.9711   6.8246  10.9392  13.9994  17.7964  18.2336

          k =-0.2500-0.1443 0.2909 (   680 PWs)   bands (ev):

    -2.9073   2.3497   4.7869   6.7418  11.5392  13.6809  16.1211  18.0281

          k =-0.2500 0.1443-0.1455 (   677 PWs)   bands (ev):

    -3.4736   4.2713   4.5113   6.5843  12.0431  13.1161  13.7450  18.2343

          k =-0.2500-0.1443-0.2909 (   680 PWs)   bands (ev):

    -2.9073   2.3497   4.7869   6.7418  11.5392  13.6809  16.1211  18.0281

          k =-0.2500 0.1443-0.7273 (   677 PWs)   bands (ev):

    -3.4736   4.2713   4.5113   6.5843  12.0431  13.1161  13.7450  18.2343

          k =-0.2500 0.1443 0.0000 (   681 PWs)   bands (ev):

    -3.6967   4.3221   5.7684   6.5101  10.2984  13.1165  14.5810  17.0309

          k =-0.2500 0.4330-0.4364 (   674 PWs)   bands (ev):

    -0.5748   2.7987   3.7030   3.7188   7.6358  12.4494  17.2204  18.2374

          k =-0.2500 0.1443 0.2909 (   680 PWs)   bands (ev):

    -2.9073   2.3497   4.7869   6.7418  11.5392  13.6809  16.1211  18.0281

          k =-0.2500 0.4330-0.1455 (   684 PWs)   bands (ev):

    -1.3965   2.1623   3.2397   6.3799  10.0624  14.1966  14.9079  16.2485

          k =-0.2500 0.1443-0.2909 (   680 PWs)   bands (ev):

    -2.9073   2.3497   4.7869   6.7418  11.5392  13.6809  16.1211  18.0281

          k =-0.2500 0.4330-0.7273 (   684 PWs)   bands (ev):

    -1.3965   2.1623   3.2397   6.3799  10.0624  14.1966  14.9079  16.2485

          k =-0.2500-0.7217 0.0000 (   673 PWs)   bands (ev):

    -1.5955   1.9992   3.1104   7.7211  11.4346  12.3899  14.7394  16.0952

          k =-0.2500-0.4330-0.4364 (   674 PWs)   bands (ev):

    -0.5748   2.7987   3.7030   3.7188   7.6358  12.4494  17.2204  18.2374

          k =-0.2500-0.7217 0.2909 (   678 PWs)   bands (ev):

    -0.9037   2.5530   3.5246   4.5533   8.3547  13.1327  16.8169  17.8007

          k =-0.2500-0.4330-0.1455 (   684 PWs)   bands (ev):

    -1.3965   2.1623   3.2397   6.3799  10.0624  14.1966  14.9079  16.2485

          k =-0.2500-0.7217-0.2909 (   678 PWs)   bands (ev):

    -0.9037   2.5530   3.5246   4.5533   8.3547  13.1327  16.8169  17.8007

          k =-0.2500-0.4330-0.7273 (   684 PWs)   bands (ev):

    -1.3965   2.1623   3.2397   6.3799  10.0624  14.1966  14.9079  16.2485

          k =-0.2500-0.4330 0.0000 (   673 PWs)   bands (ev):

    -1.5955   1.9992   3.1104   7.7211  11.4346  12.3899  14.7394  16.0952

          k =-0.2500-0.1443-0.4364 (   690 PWs)   bands (ev):

    -2.5101   1.4487   4.9711   6.8246  10.9392  13.9994  17.7964  18.2336

          k =-0.2500-0.4330 0.2909 (   678 PWs)   bands (ev):

    -0.9037   2.5530   3.5246   4.5533   8.3547  13.1327  16.8169  17.8007

          k =-0.2500-0.1443-0.1455 (   677 PWs)   bands (ev):

    -3.4736   4.2713   4.5113   6.5843  12.0431  13.1161  13.7450  18.2343

          k =-0.2500-0.4330-0.2909 (   678 PWs)   bands (ev):

    -0.9037   2.5530   3.5246   4.5533   8.3547  13.1327  16.8169  17.8007

          k =-0.2500-0.1443-0.7273 (   677 PWs)   bands (ev):

    -3.4736   4.2713   4.5113   6.5843  12.0431  13.1161  13.7450  18.2343

     the Fermi energy is     7.7432 ev

     Writing config to output data dir ./_ph0/pwscf.q_4/pwscf.save/ :
     XML data file
 
     [dfpt_tetra]  Dos(E_F)[/Ry] :   0.1053843E+02

     Electron-phonon matrix                                                     

     bravais-lattice index     =            0
     lattice parameter (alat)  =       5.8042  a.u.
     unit-cell volume          =     194.0373 (a.u.)^3
     number of atoms/cell      =            3
     number of atomic types    =            2
     kinetic-energy cut-off    =      35.0000  Ry
     charge density cut-off    =     280.0000  Ry
     convergence threshold     =      1.0E-12
     beta                      =       0.7000
     number of iterations used =            4
     Exchange-correlation= PBE
                           (   1   4   3   4   0   0   0)


     celldm(1)=    5.80420  celldm(2)=    0.00000  celldm(3)=    0.00000
     celldm(4)=    0.00000  celldm(5)=    0.00000  celldm(6)=    0.00000

     crystal axes: (cart. coord. in units of alat)
               a(1) = (  1.0000  0.0000  0.0000 )  
               a(2) = ( -0.5000  0.8660  0.0000 )  
               a(3) = (  0.0000  0.0000  1.1458 )  

     reciprocal axes: (cart. coord. in units 2 pi/alat)
               b(1) = (  1.0000  0.5774  0.0000 )  
               b(2) = (  0.0000  1.1547  0.0000 )  
               b(3) = (  0.0000  0.0000  0.8727 )  


     Atoms inside the unit cell: 

     Cartesian axes

     site n.  atom      mass           positions (alat units)
        1  Mg     24.3050   tau(    1) = (    0.00000    0.00000    0.00000  )
        2  B      10.8110   tau(    2) = (    0.00000    0.57735    0.57292  )
        3  B      10.8110   tau(    3) = (    0.50000    0.28868    0.57292  )

     Computing dynamical matrix for 
                    q = (   0.0000000   0.2886751  -0.4363586 )
 
      4 Sym.Ops. (no q -> -q+G )


     G cutoff =  238.9372  (  15395 G-vectors)     FFT grid: ( 32, 32, 36)
     G cutoff =  119.4686  (   5449 G-vectors)  smooth grid: ( 24, 24, 25)
     number of k points=    96

     PseudoPot. # 1 for B  read from file:
     ./B.pbe-n-kjpaw_psl.0.1.upf
     MD5 check sum: b4345a612e0782cca08559f453f3313f
     Pseudo is Projector augmented-wave + core cor, Zval =  3.0
     Generated using "atomic" code by A. Dal Corso  v.5.0.99 svn rev. 10869
     Shape of augmentation charge: BESSEL
     Using radial grid of 1059 points,  4 beta functions with: 
                l(1) =   0
                l(2) =   0
                l(3) =   1
                l(4) =   1
     Q(r) pseudized with 0 coefficients 


     PseudoPot. # 2 for Mg read from file:
     ./Mg.pbe-n-kjpaw_psl.0.3.0.upf
     MD5 check sum: 9eaefceb6cf3903db1b93e4e5c6adf9a
     Pseudo is Projector augmented-wave + core cor, Zval =  2.0
     Generated using "atomic" code by A. Dal Corso  v.5.0.99 svn rev. 10869
     Shape of augmentation charge: PSQ
     Using radial grid of 1129 points,  4 beta functions with: 
                l(1) =   0
                l(2) =   0
                l(3) =   1
                l(4) =   1
     Q(r) pseudized with 0 coefficients 



     Atomic displacements:
     There are    9 irreducible representations

     Representation     1      1 modes -  To be done

     Representation     2      1 modes -  To be done

     Representation     3      1 modes -  To be done

     Representation     4      1 modes -  To be done

     Representation     5      1 modes -  To be done

     Representation     6      1 modes -  To be done

     Representation     7      1 modes -  To be done

     Representation     8      1 modes -  To be done

     Representation     9      1 modes -  To be done


     PHONON       :      9.14s CPU     10.39s WALL

     Reading dVscf from file dv
     Reading dynamics matrix from file matdyn4

     Diagonalizing the dynamical matrix

     q = (    0.000000000   0.288675135  -0.436358562 ) 

 **************************************************************************
     freq (    1) =       7.317815 [THz] =     244.096050 [cm-1]
     freq (    2) =       7.853934 [THz] =     261.979050 [cm-1]
     freq (    3) =       8.599974 [THz] =     286.864241 [cm-1]
     freq (    4) =      11.345504 [THz] =     378.445275 [cm-1]
     freq (    5) =      12.950182 [THz] =     431.971588 [cm-1]
     freq (    6) =      15.407103 [THz] =     513.925632 [cm-1]
     freq (    7) =      19.236026 [THz] =     641.644768 [cm-1]
     freq (    8) =      21.305592 [THz] =     710.678050 [cm-1]
     freq (    9) =      21.530714 [THz] =     718.187326 [cm-1]
 **************************************************************************
 [elph_scdft]  write elph.dat with symmetries (only on Fermi surfaces)
 [elph_scdft]   Lowest band which contains FS :  3
 [elph_scdft]  Highest band which contains FS :  5
 [elph_scdft]    # of bands which contains FS :  3

     Calculation of q =    0.0000000  -0.5773503   0.1454529
     Message from routine kpoint_grid:
     ATTENTION: skip check of k-points equivalence
     [opt_tetra]  Optimized tetrahedron method is used.
     Message from routine divide_et_impera:
     suboptimal parallelization: some nodes have no k-points
 
     G-vector sticks info
     --------------------
     sticks:   dense  smooth     PW     G-vecs:    dense   smooth      PW
     Sum         649     313    139                15395     5449    1463
 
     Using Slab Decomposition
 

     Title: 
     Electron-phonon matrix                                                     


     bravais-lattice index     =            0
     lattice parameter (alat)  =       5.8042  a.u.
     unit-cell volume          =     194.0373 (a.u.)^3
     number of atoms/cell      =            3
     number of atomic types    =            2
     number of electrons       =         8.00
     number of Kohn-Sham states=            8
     kinetic-energy cutoff     =      35.0000  Ry
     charge density cutoff     =     280.0000  Ry
     Exchange-correlation= PBE
                           (   1   4   3   4   0   0   0)

     celldm(1)=   5.804205  celldm(2)=   0.000000  celldm(3)=   0.000000
     celldm(4)=   0.000000  celldm(5)=   0.000000  celldm(6)=   0.000000

     crystal axes: (cart. coord. in units of alat)
               a(1) = (   1.000000   0.000000   0.000000 )  
               a(2) = (  -0.500000   0.866025   0.000000 )  
               a(3) = (   0.000000   0.000000   1.145847 )  

     reciprocal axes: (cart. coord. in units 2 pi/alat)
               b(1) = (  1.000000  0.577350  0.000000 )  
               b(2) = (  0.000000  1.154701  0.000000 )  
               b(3) = (  0.000000  0.000000  0.872717 )  


     PseudoPot. # 1 for B  read from file:
     ./B.pbe-n-kjpaw_psl.0.1.upf
     MD5 check sum: b4345a612e0782cca08559f453f3313f
     Pseudo is Projector augmented-wave + core cor, Zval =  3.0
     Generated using "atomic" code by A. Dal Corso  v.5.0.99 svn rev. 10869
     Shape of augmentation charge: BESSEL
     Using radial grid of 1059 points,  4 beta functions with: 
                l(1) =   0
                l(2) =   0
                l(3) =   1
                l(4) =   1
     Q(r) pseudized with 0 coefficients 


     PseudoPot. # 2 for Mg read from file:
     ./Mg.pbe-n-kjpaw_psl.0.3.0.upf
     MD5 check sum: 9eaefceb6cf3903db1b93e4e5c6adf9a
     Pseudo is Projector augmented-wave + core cor, Zval =  2.0
     Generated using "atomic" code by A. Dal Corso  v.5.0.99 svn rev. 10869
     Shape of augmentation charge: PSQ
     Using radial grid of 1129 points,  4 beta functions with: 
                l(1) =   0
                l(2) =   0
                l(3) =   1
                l(4) =   1
     Q(r) pseudized with 0 coefficients 


     atomic species   valence    mass     pseudopotential
     B                 3.00    10.81100     B ( 1.00)
     Mg                2.00    24.30500     Mg( 1.00)

     24 Sym. Ops., with inversion, found



   Cartesian axes

     site n.     atom                  positions (alat units)
         1        Mg     tau(   1) = (   0.0000000   0.0000000   0.0000000  )
         2        B      tau(   2) = (   0.0000000   0.5773503   0.5729233  )
         3        B      tau(   3) = (   0.5000000   0.2886751   0.5729233  )

     number of k points=    96 (tetrahedron method)
                       cart. coord. in units 2pi/alat
        k(    1) = (   0.0000000   0.0000000   0.0000000), wk =   0.0416667
        k(    2) = (   0.0000000  -0.5773503   0.1454529), wk =   0.0000000
        k(    3) = (   0.0000000   0.0000000   0.2909057), wk =   0.0416667
        k(    4) = (   0.0000000  -0.5773503   0.4363586), wk =   0.0000000
        k(    5) = (   0.0000000   0.0000000  -0.2909057), wk =   0.0416667
        k(    6) = (   0.0000000  -0.5773503  -0.1454529), wk =   0.0000000
        k(    7) = (   0.0000000   0.2886751   0.0000000), wk =   0.0416667
        k(    8) = (   0.0000000  -0.2886751   0.1454529), wk =   0.0000000
        k(    9) = (   0.0000000   0.2886751   0.2909057), wk =   0.0416667
        k(   10) = (   0.0000000  -0.2886751   0.4363586), wk =   0.0000000
        k(   11) = (   0.0000000   0.2886751  -0.2909057), wk =   0.0416667
        k(   12) = (   0.0000000  -0.2886751  -0.1454529), wk =   0.0000000
        k(   13) = (   0.0000000  -0.5773503   0.0000000), wk =   0.0416667
        k(   14) = (   0.0000000  -1.1547005   0.1454529), wk =   0.0000000
        k(   15) = (   0.0000000  -0.5773503   0.2909057), wk =   0.0416667
        k(   16) = (   0.0000000  -1.1547005   0.4363586), wk =   0.0000000
        k(   17) = (   0.0000000  -0.5773503  -0.2909057), wk =   0.0416667
        k(   18) = (   0.0000000  -1.1547005  -0.1454529), wk =   0.0000000
        k(   19) = (   0.0000000  -0.2886751   0.0000000), wk =   0.0416667
        k(   20) = (   0.0000000  -0.8660254   0.1454529), wk =   0.0000000
        k(   21) = (   0.0000000  -0.2886751   0.2909057), wk =   0.0416667
        k(   22) = (   0.0000000  -0.8660254   0.4363586), wk =   0.0000000
        k(   23) = (   0.0000000  -0.2886751  -0.2909057), wk =   0.0416667
        k(   24) = (   0.0000000  -0.8660254  -0.1454529), wk =   0.0000000
        k(   25) = (   0.2500000   0.1443376   0.0000000), wk =   0.0416667
        k(   26) = (   0.2500000  -0.4330127   0.1454529), wk =   0.0000000
        k(   27) = (   0.2500000   0.1443376   0.2909057), wk =   0.0416667
        k(   28) = (   0.2500000  -0.4330127   0.4363586), wk =   0.0000000
        k(   29) = (   0.2500000   0.1443376  -0.2909057), wk =   0.0416667
        k(   30) = (   0.2500000  -0.4330127  -0.1454529), wk =   0.0000000
        k(   31) = (   0.2500000   0.4330127   0.0000000), wk =   0.0416667
        k(   32) = (   0.2500000  -0.1443376   0.1454529), wk =   0.0000000
        k(   33) = (   0.2500000   0.4330127   0.2909057), wk =   0.0416667
        k(   34) = (   0.2500000  -0.1443376   0.4363586), wk =   0.0000000
        k(   35) = (   0.2500000   0.4330127  -0.2909057), wk =   0.0416667
        k(   36) = (   0.2500000  -0.1443376  -0.1454529), wk =   0.0000000
        k(   37) = (   0.2500000  -0.4330127   0.0000000), wk =   0.0416667
        k(   38) = (   0.2500000  -1.0103630   0.1454529), wk =   0.0000000
        k(   39) = (   0.2500000  -0.4330127   0.2909057), wk =   0.0416667
        k(   40) = (   0.2500000  -1.0103630   0.4363586), wk =   0.0000000
        k(   41) = (   0.2500000  -0.4330127  -0.2909057), wk =   0.0416667
        k(   42) = (   0.2500000  -1.0103630  -0.1454529), wk =   0.0000000
        k(   43) = (   0.2500000  -0.1443376   0.0000000), wk =   0.0416667
        k(   44) = (   0.2500000  -0.7216878   0.1454529), wk =   0.0000000
        k(   45) = (   0.2500000  -0.1443376   0.2909057), wk =   0.0416667
        k(   46) = (   0.2500000  -0.7216878   0.4363586), wk =   0.0000000
        k(   47) = (   0.2500000  -0.1443376  -0.2909057), wk =   0.0416667
        k(   48) = (   0.2500000  -0.7216878  -0.1454529), wk =   0.0000000
        k(   49) = (  -0.5000000  -0.2886751   0.0000000), wk =   0.0416667
        k(   50) = (  -0.5000000  -0.8660254   0.1454529), wk =   0.0000000
        k(   51) = (  -0.5000000  -0.2886751   0.2909057), wk =   0.0416667
        k(   52) = (  -0.5000000  -0.8660254   0.4363586), wk =   0.0000000
        k(   53) = (  -0.5000000  -0.2886751  -0.2909057), wk =   0.0416667
        k(   54) = (  -0.5000000  -0.8660254  -0.1454529), wk =   0.0000000
        k(   55) = (  -0.5000000   0.0000000   0.0000000), wk =   0.0416667
        k(   56) = (  -0.5000000  -0.5773503   0.1454529), wk =   0.0000000
        k(   57) = (  -0.5000000   0.0000000   0.2909057), wk =   0.0416667
        k(   58) = (  -0.5000000  -0.5773503   0.4363586), wk =   0.0000000
        k(   59) = (  -0.5000000   0.0000000  -0.2909057), wk =   0.0416667
        k(   60) = (  -0.5000000  -0.5773503  -0.1454529), wk =   0.0000000
        k(   61) = (  -0.5000000  -0.8660254   0.0000000), wk =   0.0416667
        k(   62) = (  -0.5000000  -1.4433757   0.1454529), wk =   0.0000000
        k(   63) = (  -0.5000000  -0.8660254   0.2909057), wk =   0.0416667
        k(   64) = (  -0.5000000  -1.4433757   0.4363586), wk =   0.0000000
        k(   65) = (  -0.5000000  -0.8660254  -0.2909057), wk =   0.0416667
        k(   66) = (  -0.5000000  -1.4433757  -0.1454529), wk =   0.0000000
        k(   67) = (  -0.5000000  -0.5773503   0.0000000), wk =   0.0416667
        k(   68) = (  -0.5000000  -1.1547005   0.1454529), wk =   0.0000000
        k(   69) = (  -0.5000000  -0.5773503   0.2909057), wk =   0.0416667
        k(   70) = (  -0.5000000  -1.1547005   0.4363586), wk =   0.0000000
        k(   71) = (  -0.5000000  -0.5773503  -0.2909057), wk =   0.0416667
        k(   72) = (  -0.5000000  -1.1547005  -0.1454529), wk =   0.0000000
        k(   73) = (  -0.2500000  -0.1443376   0.0000000), wk =   0.0416667
        k(   74) = (  -0.2500000  -0.7216878   0.1454529), wk =   0.0000000
        k(   75) = (  -0.2500000  -0.1443376   0.2909057), wk =   0.0416667
        k(   76) = (  -0.2500000  -0.7216878   0.4363586), wk =   0.0000000
        k(   77) = (  -0.2500000  -0.1443376  -0.2909057), wk =   0.0416667
        k(   78) = (  -0.2500000  -0.7216878  -0.1454529), wk =   0.0000000
        k(   79) = (  -0.2500000   0.1443376   0.0000000), wk =   0.0416667
        k(   80) = (  -0.2500000  -0.4330127   0.1454529), wk =   0.0000000
        k(   81) = (  -0.2500000   0.1443376   0.2909057), wk =   0.0416667
        k(   82) = (  -0.2500000  -0.4330127   0.4363586), wk =   0.0000000
        k(   83) = (  -0.2500000   0.1443376  -0.2909057), wk =   0.0416667
        k(   84) = (  -0.2500000  -0.4330127  -0.1454529), wk =   0.0000000
        k(   85) = (  -0.2500000  -0.7216878   0.0000000), wk =   0.0416667
        k(   86) = (  -0.2500000  -1.2990381   0.1454529), wk =   0.0000000
        k(   87) = (  -0.2500000  -0.7216878   0.2909057), wk =   0.0416667
        k(   88) = (  -0.2500000  -1.2990381   0.4363586), wk =   0.0000000
        k(   89) = (  -0.2500000  -0.7216878  -0.2909057), wk =   0.0416667
        k(   90) = (  -0.2500000  -1.2990381  -0.1454529), wk =   0.0000000
        k(   91) = (  -0.2500000  -0.4330127   0.0000000), wk =   0.0416667
        k(   92) = (  -0.2500000  -1.0103630   0.1454529), wk =   0.0000000
        k(   93) = (  -0.2500000  -0.4330127   0.2909057), wk =   0.0416667
        k(   94) = (  -0.2500000  -1.0103630   0.4363586), wk =   0.0000000
        k(   95) = (  -0.2500000  -0.4330127  -0.2909057), wk =   0.0416667
        k(   96) = (  -0.2500000  -1.0103630  -0.1454529), wk =   0.0000000

     Dense  grid:    15395 G-vectors     FFT dimensions: (  32,  32,  36)

     Smooth grid:     5449 G-vectors     FFT dimensions: (  24,  24,  25)

     Estimated max dynamical RAM per process >       7.23 MB

     Estimated total dynamical RAM >       4.07 GB

     Check: negative core charge=   -0.000006

     The potential is recalculated from file :
     ./_ph0/pwscf.q_5/pwscf.save/charge-density

     Starting wfcs are   12 atomic wfcs
     Checking if some PAW data can be deallocated... 

     Band Structure Calculation
     Davidson diagonalization with overlap

     ethr =  1.25E-10,  avg # of iterations = 19.3

     total cpu time spent up to now is        3.6 secs

     End of band structure calculation

          k = 0.0000 0.0000 0.0000 (   709 PWs)   bands (ev):

    -4.7856   4.7169   8.0859   8.0859   9.3182  14.0810  14.0810  15.9413

          k = 0.0000-0.5774 0.1455 (   662 PWs)   bands (ev):

    -0.6675   0.0267   5.5994   6.6607   9.0584  12.3432  14.8161  16.3850

          k = 0.0000 0.0000 0.2909 (   690 PWs)   bands (ev):

    -3.9413   1.1725   8.3605   8.3605  14.3197  14.3197  15.0532  15.8003

          k = 0.0000-0.5774 0.4364 (   676 PWs)   bands (ev):

     0.1220   0.7477   4.1205   5.8185   6.4053  13.4894  16.5345  16.6638

          k = 0.0000 0.0000-0.2909 (   690 PWs)   bands (ev):

    -3.9413   1.1725   8.3605   8.3605  14.3197  14.3197  15.0532  15.8003

          k = 0.0000-0.5774-0.1455 (   662 PWs)   bands (ev):

    -0.6675   0.0267   5.5994   6.6607   9.0584  12.3432  14.8161  16.3850

          k = 0.0000 0.2887 0.0000 (   681 PWs)   bands (ev):

    -3.6967   4.3221   5.7684   6.5101  10.2984  13.1165  14.5810  17.0309

          k = 0.0000-0.2887 0.1455 (   677 PWs)   bands (ev):

    -3.4736   4.2713   4.5113   6.5843  12.0431  13.1161  13.7450  18.2343

          k = 0.0000 0.2887 0.2909 (   680 PWs)   bands (ev):

    -2.9073   2.3497   4.7869   6.7418  11.5392  13.6809  16.1211  18.0281

          k = 0.0000-0.2887 0.4364 (   690 PWs)   bands (ev):

    -2.5101   1.4487   4.9711   6.8246  10.9392  13.9994  17.7964  18.2336

          k = 0.0000 0.2887-0.2909 (   680 PWs)   bands (ev):

    -2.9073   2.3497   4.7869   6.7418  11.5392  13.6809  16.1211  18.0281

          k = 0.0000-0.2887-0.1455 (   677 PWs)   bands (ev):

    -3.4736   4.2713   4.5113   6.5843  12.0431  13.1161  13.7450  18.2343

          k = 0.0000-0.5774 0.0000 (   676 PWs)   bands (ev):

    -0.8559  -0.1616   5.5309   7.8975  10.7860  11.6276  13.0221  14.8253

          k = 0.0000-1.1547 0.1455 (   697 PWs)   bands (ev):

    -4.5497   3.2122   8.1741   8.1741  11.3828  14.1562  14.1562  15.8936

          k = 0.0000-0.5774 0.2909 (   670 PWs)   bands (ev):

    -0.1967   0.4723   4.9116   5.7426   7.1851  13.0425  17.1668  18.1844

          k = 0.0000-1.1547 0.4364 (   684 PWs)   bands (ev):

    -3.4999   0.2155   8.4616   8.4616  14.4076  14.4076  15.7557  17.7397

          k = 0.0000-0.5774-0.2909 (   670 PWs)   bands (ev):

    -0.1967   0.4723   4.9116   5.7426   7.1851  13.0425  17.1668  18.1844

          k = 0.0000-1.1547-0.1455 (   697 PWs)   bands (ev):

    -4.5497   3.2122   8.1741   8.1741  11.3828  14.1562  14.1562  15.8936

          k = 0.0000-0.2887 0.0000 (   681 PWs)   bands (ev):

    -3.6967   4.3221   5.7684   6.5101  10.2984  13.1165  14.5810  17.0309

          k = 0.0000-0.8660 0.1455 (   677 PWs)   bands (ev):

    -3.4736   4.2713   4.5113   6.5843  12.0431  13.1161  13.7450  18.2343

          k = 0.0000-0.2887 0.2909 (   680 PWs)   bands (ev):

    -2.9073   2.3497   4.7869   6.7418  11.5392  13.6809  16.1211  18.0281

          k = 0.0000-0.8660 0.4364 (   690 PWs)   bands (ev):

    -2.5101   1.4487   4.9711   6.8246  10.9392  13.9994  17.7964  18.2336

          k = 0.0000-0.2887-0.2909 (   680 PWs)   bands (ev):

    -2.9073   2.3497   4.7869   6.7418  11.5392  13.6809  16.1211  18.0281

          k = 0.0000-0.8660-0.1455 (   677 PWs)   bands (ev):

    -3.4736   4.2713   4.5113   6.5843  12.0431  13.1161  13.7450  18.2343

          k = 0.2500 0.1443 0.0000 (   681 PWs)   bands (ev):

    -3.6967   4.3221   5.7684   6.5101  10.2984  13.1165  14.5810  17.0309

          k = 0.2500-0.4330 0.1455 (   684 PWs)   bands (ev):

    -1.3965   2.1623   3.2397   6.3799  10.0624  14.1966  14.9079  16.2485

          k = 0.2500 0.1443 0.2909 (   680 PWs)   bands (ev):

    -2.9073   2.3497   4.7869   6.7418  11.5392  13.6809  16.1211  18.0281

          k = 0.2500-0.4330 0.4364 (   674 PWs)   bands (ev):

    -0.5748   2.7987   3.7030   3.7188   7.6358  12.4494  17.2204  18.2374

          k = 0.2500 0.1443-0.2909 (   680 PWs)   bands (ev):

    -2.9073   2.3497   4.7869   6.7418  11.5392  13.6809  16.1211  18.0281

          k = 0.2500-0.4330-0.1455 (   684 PWs)   bands (ev):

    -1.3965   2.1623   3.2397   6.3799  10.0624  14.1966  14.9079  16.2485

          k = 0.2500 0.4330 0.0000 (   673 PWs)   bands (ev):

    -1.5955   1.9992   3.1104   7.7211  11.4346  12.3899  14.7394  16.0952

          k = 0.2500-0.1443 0.1455 (   677 PWs)   bands (ev):

    -3.4736   4.2713   4.5113   6.5843  12.0431  13.1161  13.7450  18.2343

          k = 0.2500 0.4330 0.2909 (   678 PWs)   bands (ev):

    -0.9037   2.5530   3.5246   4.5533   8.3547  13.1327  16.8169  17.8007

          k = 0.2500-0.1443 0.4364 (   690 PWs)   bands (ev):

    -2.5101   1.4487   4.9711   6.8246  10.9392  13.9994  17.7964  18.2336

          k = 0.2500 0.4330-0.2909 (   678 PWs)   bands (ev):

    -0.9037   2.5530   3.5246   4.5533   8.3547  13.1327  16.8169  17.8007

          k = 0.2500-0.1443-0.1455 (   677 PWs)   bands (ev):

    -3.4736   4.2713   4.5113   6.5843  12.0431  13.1161  13.7450  18.2343

          k = 0.2500-0.4330 0.0000 (   673 PWs)   bands (ev):

    -1.5955   1.9992   3.1104   7.7211  11.4346  12.3899  14.7394  16.0952

          k = 0.2500-1.0104 0.1455 (   677 PWs)   bands (ev):

    -3.4736   4.2713   4.5113   6.5843  12.0431  13.1161  13.7450  18.2343

          k = 0.2500-0.4330 0.2909 (   678 PWs)   bands (ev):

    -0.9037   2.5530   3.5246   4.5533   8.3547  13.1327  16.8169  17.8007

          k = 0.2500-1.0104 0.4364 (   690 PWs)   bands (ev):

    -2.5101   1.4487   4.9711   6.8246  10.9392  13.9994  17.7964  18.2336

          k = 0.2500-0.4330-0.2909 (   678 PWs)   bands (ev):

    -0.9037   2.5530   3.5246   4.5533   8.3547  13.1327  16.8169  17.8007

          k = 0.2500-1.0104-0.1455 (   677 PWs)   bands (ev):

    -3.4736   4.2713   4.5113   6.5843  12.0431  13.1161  13.7450  18.2343

          k = 0.2500-0.1443 0.0000 (   681 PWs)   bands (ev):

    -3.6967   4.3221   5.7684   6.5101  10.2984  13.1165  14.5810  17.0309

          k = 0.2500-0.7217 0.1455 (   684 PWs)   bands (ev):

    -1.3965   2.1623   3.2397   6.3799  10.0624  14.1966  14.9079  16.2485

          k = 0.2500-0.1443 0.2909 (   680 PWs)   bands (ev):

    -2.9073   2.3497   4.7869   6.7418  11.5392  13.6809  16.1211  18.0281

          k = 0.2500-0.7217 0.4364 (   674 PWs)   bands (ev):

    -0.5748   2.7987   3.7030   3.7188   7.6358  12.4494  17.2204  18.2374

          k = 0.2500-0.1443-0.2909 (   680 PWs)   bands (ev):

    -2.9073   2.3497   4.7869   6.7418  11.5392  13.6809  16.1211  18.0281

          k = 0.2500-0.7217-0.1455 (   684 PWs)   bands (ev):

    -1.3965   2.1623   3.2397   6.3799  10.0624  14.1966  14.9079  16.2485

          k =-0.5000-0.2887 0.0000 (   676 PWs)   bands (ev):

    -0.8559  -0.1616   5.5309   7.8975  10.7860  11.6276  13.0221  14.8253

          k =-0.5000-0.8660 0.1455 (   662 PWs)   bands (ev):

    -0.6675   0.0267   5.5994   6.6607   9.0584  12.3432  14.8161  16.3850

          k =-0.5000-0.2887 0.2909 (   670 PWs)   bands (ev):

    -0.1967   0.4723   4.9116   5.7426   7.1851  13.0425  17.1668  18.1844

          k =-0.5000-0.8660 0.4364 (   676 PWs)   bands (ev):

     0.1220   0.7477   4.1205   5.8185   6.4053  13.4894  16.5345  16.6638

          k =-0.5000-0.2887-0.2909 (   670 PWs)   bands (ev):

    -0.1967   0.4723   4.9116   5.7426   7.1851  13.0425  17.1668  18.1844

          k =-0.5000-0.8660-0.1455 (   662 PWs)   bands (ev):

    -0.6675   0.0267   5.5994   6.6607   9.0584  12.3432  14.8161  16.3850

          k =-0.5000 0.0000 0.0000 (   673 PWs)   bands (ev):

    -1.5955   1.9992   3.1104   7.7211  11.4346  12.3899  14.7394  16.0952

          k =-0.5000-0.5774 0.1455 (   684 PWs)   bands (ev):

    -1.3965   2.1623   3.2397   6.3799  10.0624  14.1966  14.9079  16.2485

          k =-0.5000 0.0000 0.2909 (   678 PWs)   bands (ev):

    -0.9037   2.5530   3.5246   4.5533   8.3547  13.1327  16.8169  17.8007

          k =-0.5000-0.5774 0.4364 (   674 PWs)   bands (ev):

    -0.5748   2.7987   3.7030   3.7188   7.6358  12.4494  17.2204  18.2374

          k =-0.5000 0.0000-0.2909 (   678 PWs)   bands (ev):

    -0.9037   2.5530   3.5246   4.5533   8.3547  13.1327  16.8169  17.8007

          k =-0.5000-0.5774-0.1455 (   684 PWs)   bands (ev):

    -1.3965   2.1623   3.2397   6.3799  10.0624  14.1966  14.9079  16.2485

          k =-0.5000-0.8660 0.0000 (   676 PWs)   bands (ev):

    -0.8559  -0.1616   5.5309   7.8975  10.7860  11.6276  13.0221  14.8253

          k =-0.5000-1.4434 0.1455 (   662 PWs)   bands (ev):

    -0.6675   0.0267   5.5994   6.6607   9.0584  12.3432  14.8161  16.3850

          k =-0.5000-0.8660 0.2909 (   670 PWs)   bands (ev):

    -0.1967   0.4723   4.9116   5.7426   7.1851  13.0425  17.1668  18.1844

          k =-0.5000-1.4434 0.4364 (   676 PWs)   bands (ev):

     0.1220   0.7477   4.1205   5.8185   6.4053  13.4894  16.5345  16.6638

          k =-0.5000-0.8660-0.2909 (   670 PWs)   bands (ev):

    -0.1967   0.4723   4.9116   5.7426   7.1851  13.0425  17.1668  18.1844

          k =-0.5000-1.4434-0.1455 (   662 PWs)   bands (ev):

    -0.6675   0.0267   5.5994   6.6607   9.0584  12.3432  14.8161  16.3850

          k =-0.5000-0.5774 0.0000 (   673 PWs)   bands (ev):

    -1.5955   1.9992   3.1104   7.7211  11.4346  12.3899  14.7394  16.0952

          k =-0.5000-1.1547 0.1455 (   684 PWs)   bands (ev):

    -1.3965   2.1623   3.2397   6.3799  10.0624  14.1966  14.9079  16.2485

          k =-0.5000-0.5774 0.2909 (   678 PWs)   bands (ev):

    -0.9037   2.5530   3.5246   4.5533   8.3547  13.1327  16.8169  17.8007

          k =-0.5000-1.1547 0.4364 (   674 PWs)   bands (ev):

    -0.5748   2.7987   3.7030   3.7188   7.6358  12.4494  17.2204  18.2374

          k =-0.5000-0.5774-0.2909 (   678 PWs)   bands (ev):

    -0.9037   2.5530   3.5246   4.5533   8.3547  13.1327  16.8169  17.8007

          k =-0.5000-1.1547-0.1455 (   684 PWs)   bands (ev):

    -1.3965   2.1623   3.2397   6.3799  10.0624  14.1966  14.9079  16.2485

          k =-0.2500-0.1443 0.0000 (   681 PWs)   bands (ev):

    -3.6967   4.3221   5.7684   6.5101  10.2984  13.1165  14.5810  17.0309

          k =-0.2500-0.7217 0.1455 (   684 PWs)   bands (ev):

    -1.3965   2.1623   3.2397   6.3799  10.0624  14.1966  14.9079  16.2485

          k =-0.2500-0.1443 0.2909 (   680 PWs)   bands (ev):

    -2.9073   2.3497   4.7869   6.7418  11.5392  13.6809  16.1211  18.0281

          k =-0.2500-0.7217 0.4364 (   674 PWs)   bands (ev):

    -0.5748   2.7987   3.7030   3.7188   7.6358  12.4494  17.2204  18.2374

          k =-0.2500-0.1443-0.2909 (   680 PWs)   bands (ev):

    -2.9073   2.3497   4.7869   6.7418  11.5392  13.6809  16.1211  18.0281

          k =-0.2500-0.7217-0.1455 (   684 PWs)   bands (ev):

    -1.3965   2.1623   3.2397   6.3799  10.0624  14.1966  14.9079  16.2485

          k =-0.2500 0.1443 0.0000 (   681 PWs)   bands (ev):

    -3.6967   4.3221   5.7684   6.5101  10.2984  13.1165  14.5810  17.0309

          k =-0.2500-0.4330 0.1455 (   684 PWs)   bands (ev):

    -1.3965   2.1623   3.2397   6.3799  10.0624  14.1966  14.9079  16.2485

          k =-0.2500 0.1443 0.2909 (   680 PWs)   bands (ev):

    -2.9073   2.3497   4.7869   6.7418  11.5392  13.6809  16.1211  18.0281

          k =-0.2500-0.4330 0.4364 (   674 PWs)   bands (ev):

    -0.5748   2.7987   3.7030   3.7188   7.6358  12.4494  17.2204  18.2374

          k =-0.2500 0.1443-0.2909 (   680 PWs)   bands (ev):

    -2.9073   2.3497   4.7869   6.7418  11.5392  13.6809  16.1211  18.0281

          k =-0.2500-0.4330-0.1455 (   684 PWs)   bands (ev):

    -1.3965   2.1623   3.2397   6.3799  10.0624  14.1966  14.9079  16.2485

          k =-0.2500-0.7217 0.0000 (   673 PWs)   bands (ev):

    -1.5955   1.9992   3.1104   7.7211  11.4346  12.3899  14.7394  16.0952

          k =-0.2500-1.2990 0.1455 (   677 PWs)   bands (ev):

    -3.4736   4.2713   4.5113   6.5843  12.0431  13.1161  13.7450  18.2343

          k =-0.2500-0.7217 0.2909 (   678 PWs)   bands (ev):

    -0.9037   2.5530   3.5246   4.5533   8.3547  13.1327  16.8169  17.8007

          k =-0.2500-1.2990 0.4364 (   690 PWs)   bands (ev):

    -2.5101   1.4487   4.9711   6.8246  10.9392  13.9994  17.7964  18.2336

          k =-0.2500-0.7217-0.2909 (   678 PWs)   bands (ev):

    -0.9037   2.5530   3.5246   4.5533   8.3547  13.1327  16.8169  17.8007

          k =-0.2500-1.2990-0.1455 (   677 PWs)   bands (ev):

    -3.4736   4.2713   4.5113   6.5843  12.0431  13.1161  13.7450  18.2343

          k =-0.2500-0.4330 0.0000 (   673 PWs)   bands (ev):

    -1.5955   1.9992   3.1104   7.7211  11.4346  12.3899  14.7394  16.0952

          k =-0.2500-1.0104 0.1455 (   677 PWs)   bands (ev):

    -3.4736   4.2713   4.5113   6.5843  12.0431  13.1161  13.7450  18.2343

          k =-0.2500-0.4330 0.2909 (   678 PWs)   bands (ev):

    -0.9037   2.5530   3.5246   4.5533   8.3547  13.1327  16.8169  17.8007

          k =-0.2500-1.0104 0.4364 (   690 PWs)   bands (ev):

    -2.5101   1.4487   4.9711   6.8246  10.9392  13.9994  17.7964  18.2336

          k =-0.2500-0.4330-0.2909 (   678 PWs)   bands (ev):

    -0.9037   2.5530   3.5246   4.5533   8.3547  13.1327  16.8169  17.8007

          k =-0.2500-1.0104-0.1455 (   677 PWs)   bands (ev):

    -3.4736   4.2713   4.5113   6.5843  12.0431  13.1161  13.7450  18.2343

     the Fermi energy is     7.7432 ev

     Writing config to output data dir ./_ph0/pwscf.q_5/pwscf.save/ :
     XML data file
 
     [dfpt_tetra]  Dos(E_F)[/Ry] :   0.1053843E+02

     Electron-phonon matrix                                                     

     bravais-lattice index     =            0
     lattice parameter (alat)  =       5.8042  a.u.
     unit-cell volume          =     194.0373 (a.u.)^3
     number of atoms/cell      =            3
     number of atomic types    =            2
     kinetic-energy cut-off    =      35.0000  Ry
     charge density cut-off    =     280.0000  Ry
     convergence threshold     =      1.0E-12
     beta                      =       0.7000
     number of iterations used =            4
     Exchange-correlation= PBE
                           (   1   4   3   4   0   0   0)


     celldm(1)=    5.80420  celldm(2)=    0.00000  celldm(3)=    0.00000
     celldm(4)=    0.00000  celldm(5)=    0.00000  celldm(6)=    0.00000

     crystal axes: (cart. coord. in units of alat)
               a(1) = (  1.0000  0.0000  0.0000 )  
               a(2) = ( -0.5000  0.8660  0.0000 )  
               a(3) = (  0.0000  0.0000  1.1458 )  

     reciprocal axes: (cart. coord. in units 2 pi/alat)
               b(1) = (  1.0000  0.5774  0.0000 )  
               b(2) = (  0.0000  1.1547  0.0000 )  
               b(3) = (  0.0000  0.0000  0.8727 )  


     Atoms inside the unit cell: 

     Cartesian axes

     site n.  atom      mass           positions (alat units)
        1  Mg     24.3050   tau(    1) = (    0.00000    0.00000    0.00000  )
        2  B      10.8110   tau(    2) = (    0.00000    0.57735    0.57292  )
        3  B      10.8110   tau(    3) = (    0.50000    0.28868    0.57292  )

     Computing dynamical matrix for 
                    q = (   0.0000000  -0.5773503   0.1454529 )
 
      4 Sym.Ops. (no q -> -q+G )


     G cutoff =  238.9372  (  15395 G-vectors)     FFT grid: ( 32, 32, 36)
     G cutoff =  119.4686  (   5449 G-vectors)  smooth grid: ( 24, 24, 25)
     number of k points=    96

     PseudoPot. # 1 for B  read from file:
     ./B.pbe-n-kjpaw_psl.0.1.upf
     MD5 check sum: b4345a612e0782cca08559f453f3313f
     Pseudo is Projector augmented-wave + core cor, Zval =  3.0
     Generated using "atomic" code by A. Dal Corso  v.5.0.99 svn rev. 10869
     Shape of augmentation charge: BESSEL
     Using radial grid of 1059 points,  4 beta functions with: 
                l(1) =   0
                l(2) =   0
                l(3) =   1
                l(4) =   1
     Q(r) pseudized with 0 coefficients 


     PseudoPot. # 2 for Mg read from file:
     ./Mg.pbe-n-kjpaw_psl.0.3.0.upf
     MD5 check sum: 9eaefceb6cf3903db1b93e4e5c6adf9a
     Pseudo is Projector augmented-wave + core cor, Zval =  2.0
     Generated using "atomic" code by A. Dal Corso  v.5.0.99 svn rev. 10869
     Shape of augmentation charge: PSQ
     Using radial grid of 1129 points,  4 beta functions with: 
                l(1) =   0
                l(2) =   0
                l(3) =   1
                l(4) =   1
     Q(r) pseudized with 0 coefficients 



     Atomic displacements:
     There are    9 irreducible representations

     Representation     1      1 modes -  To be done

     Representation     2      1 modes -  To be done

     Representation     3      1 modes -  To be done

     Representation     4      1 modes -  To be done

     Representation     5      1 modes -  To be done

     Representation     6      1 modes -  To be done

     Representation     7      1 modes -  To be done

     Representation     8      1 modes -  To be done

     Representation     9      1 modes -  To be done


     PHONON       :     10.96s CPU     12.53s WALL

     Reading dVscf from file dv
     Reading dynamics matrix from file matdyn5

     Diagonalizing the dynamical matrix

     q = (    0.000000000  -0.577350269   0.145452854 ) 

 **************************************************************************
     freq (    1) =       7.647996 [THz] =     255.109682 [cm-1]
     freq (    2) =       7.972155 [THz] =     265.922479 [cm-1]
     freq (    3) =       9.800761 [THz] =     326.918201 [cm-1]
     freq (    4) =      13.806030 [THz] =     460.519589 [cm-1]
     freq (    5) =      13.867772 [THz] =     462.579080 [cm-1]
     freq (    6) =      15.582635 [THz] =     519.780747 [cm-1]
     freq (    7) =      22.003050 [THz] =     733.942747 [cm-1]
     freq (    8) =      22.072464 [THz] =     736.258156 [cm-1]
     freq (    9) =      22.607009 [THz] =     754.088650 [cm-1]
 **************************************************************************
 [elph_scdft]  write elph.dat with symmetries (only on Fermi surfaces)
 [elph_scdft]   Lowest band which contains FS :  3
 [elph_scdft]  Highest band which contains FS :  5
 [elph_scdft]    # of bands which contains FS :  3

     Calculation of q =    0.0000000  -0.5773503  -0.4363586
     Message from routine kpoint_grid:
     ATTENTION: skip check of k-points equivalence
     [opt_tetra]  Optimized tetrahedron method is used.
     Message from routine divide_et_impera:
     suboptimal parallelization: some nodes have no k-points
 
     G-vector sticks info
     --------------------
     sticks:   dense  smooth     PW     G-vecs:    dense   smooth      PW
     Sum         649     313    139                15395     5449    1511
 
     Using Slab Decomposition
 

     Title: 
     Electron-phonon matrix                                                     


     bravais-lattice index     =            0
     lattice parameter (alat)  =       5.8042  a.u.
     unit-cell volume          =     194.0373 (a.u.)^3
     number of atoms/cell      =            3
     number of atomic types    =            2
     number of electrons       =         8.00
     number of Kohn-Sham states=            8
     kinetic-energy cutoff     =      35.0000  Ry
     charge density cutoff     =     280.0000  Ry
     Exchange-correlation= PBE
                           (   1   4   3   4   0   0   0)

     celldm(1)=   5.804205  celldm(2)=   0.000000  celldm(3)=   0.000000
     celldm(4)=   0.000000  celldm(5)=   0.000000  celldm(6)=   0.000000

     crystal axes: (cart. coord. in units of alat)
               a(1) = (   1.000000   0.000000   0.000000 )  
               a(2) = (  -0.500000   0.866025   0.000000 )  
               a(3) = (   0.000000   0.000000   1.145847 )  

     reciprocal axes: (cart. coord. in units 2 pi/alat)
               b(1) = (  1.000000  0.577350  0.000000 )  
               b(2) = (  0.000000  1.154701  0.000000 )  
               b(3) = (  0.000000  0.000000  0.872717 )  


     PseudoPot. # 1 for B  read from file:
     ./B.pbe-n-kjpaw_psl.0.1.upf
     MD5 check sum: b4345a612e0782cca08559f453f3313f
     Pseudo is Projector augmented-wave + core cor, Zval =  3.0
     Generated using "atomic" code by A. Dal Corso  v.5.0.99 svn rev. 10869
     Shape of augmentation charge: BESSEL
     Using radial grid of 1059 points,  4 beta functions with: 
                l(1) =   0
                l(2) =   0
                l(3) =   1
                l(4) =   1
     Q(r) pseudized with 0 coefficients 


     PseudoPot. # 2 for Mg read from file:
     ./Mg.pbe-n-kjpaw_psl.0.3.0.upf
     MD5 check sum: 9eaefceb6cf3903db1b93e4e5c6adf9a
     Pseudo is Projector augmented-wave + core cor, Zval =  2.0
     Generated using "atomic" code by A. Dal Corso  v.5.0.99 svn rev. 10869
     Shape of augmentation charge: PSQ
     Using radial grid of 1129 points,  4 beta functions with: 
                l(1) =   0
                l(2) =   0
                l(3) =   1
                l(4) =   1
     Q(r) pseudized with 0 coefficients 


     atomic species   valence    mass     pseudopotential
     B                 3.00    10.81100     B ( 1.00)
     Mg                2.00    24.30500     Mg( 1.00)

     24 Sym. Ops., with inversion, found



   Cartesian axes

     site n.     atom                  positions (alat units)
         1        Mg     tau(   1) = (   0.0000000   0.0000000   0.0000000  )
         2        B      tau(   2) = (   0.0000000   0.5773503   0.5729233  )
         3        B      tau(   3) = (   0.5000000   0.2886751   0.5729233  )

     number of k points=    96 (tetrahedron method)
                       cart. coord. in units 2pi/alat
        k(    1) = (   0.0000000   0.0000000   0.0000000), wk =   0.0416667
        k(    2) = (   0.0000000  -0.5773503  -0.4363586), wk =   0.0000000
        k(    3) = (   0.0000000   0.0000000   0.2909057), wk =   0.0416667
        k(    4) = (   0.0000000  -0.5773503  -0.1454529), wk =   0.0000000
        k(    5) = (   0.0000000   0.0000000  -0.2909057), wk =   0.0416667
        k(    6) = (   0.0000000  -0.5773503  -0.7272643), wk =   0.0000000
        k(    7) = (   0.0000000   0.2886751   0.0000000), wk =   0.0416667
        k(    8) = (   0.0000000  -0.2886751  -0.4363586), wk =   0.0000000
        k(    9) = (   0.0000000   0.2886751   0.2909057), wk =   0.0416667
        k(   10) = (   0.0000000  -0.2886751  -0.1454529), wk =   0.0000000
        k(   11) = (   0.0000000   0.2886751  -0.2909057), wk =   0.0416667
        k(   12) = (   0.0000000  -0.2886751  -0.7272643), wk =   0.0000000
        k(   13) = (   0.0000000  -0.5773503   0.0000000), wk =   0.0416667
        k(   14) = (   0.0000000  -1.1547005  -0.4363586), wk =   0.0000000
        k(   15) = (   0.0000000  -0.5773503   0.2909057), wk =   0.0416667
        k(   16) = (   0.0000000  -1.1547005  -0.1454529), wk =   0.0000000
        k(   17) = (   0.0000000  -0.5773503  -0.2909057), wk =   0.0416667
        k(   18) = (   0.0000000  -1.1547005  -0.7272643), wk =   0.0000000
        k(   19) = (   0.0000000  -0.2886751   0.0000000), wk =   0.0416667
        k(   20) = (   0.0000000  -0.8660254  -0.4363586), wk =   0.0000000
        k(   21) = (   0.0000000  -0.2886751   0.2909057), wk =   0.0416667
        k(   22) = (   0.0000000  -0.8660254  -0.1454529), wk =   0.0000000
        k(   23) = (   0.0000000  -0.2886751  -0.2909057), wk =   0.0416667
        k(   24) = (   0.0000000  -0.8660254  -0.7272643), wk =   0.0000000
        k(   25) = (   0.2500000   0.1443376   0.0000000), wk =   0.0416667
        k(   26) = (   0.2500000  -0.4330127  -0.4363586), wk =   0.0000000
        k(   27) = (   0.2500000   0.1443376   0.2909057), wk =   0.0416667
        k(   28) = (   0.2500000  -0.4330127  -0.1454529), wk =   0.0000000
        k(   29) = (   0.2500000   0.1443376  -0.2909057), wk =   0.0416667
        k(   30) = (   0.2500000  -0.4330127  -0.7272643), wk =   0.0000000
        k(   31) = (   0.2500000   0.4330127   0.0000000), wk =   0.0416667
        k(   32) = (   0.2500000  -0.1443376  -0.4363586), wk =   0.0000000
        k(   33) = (   0.2500000   0.4330127   0.2909057), wk =   0.0416667
        k(   34) = (   0.2500000  -0.1443376  -0.1454529), wk =   0.0000000
        k(   35) = (   0.2500000   0.4330127  -0.2909057), wk =   0.0416667
        k(   36) = (   0.2500000  -0.1443376  -0.7272643), wk =   0.0000000
        k(   37) = (   0.2500000  -0.4330127   0.0000000), wk =   0.0416667
        k(   38) = (   0.2500000  -1.0103630  -0.4363586), wk =   0.0000000
        k(   39) = (   0.2500000  -0.4330127   0.2909057), wk =   0.0416667
        k(   40) = (   0.2500000  -1.0103630  -0.1454529), wk =   0.0000000
        k(   41) = (   0.2500000  -0.4330127  -0.2909057), wk =   0.0416667
        k(   42) = (   0.2500000  -1.0103630  -0.7272643), wk =   0.0000000
        k(   43) = (   0.2500000  -0.1443376   0.0000000), wk =   0.0416667
        k(   44) = (   0.2500000  -0.7216878  -0.4363586), wk =   0.0000000
        k(   45) = (   0.2500000  -0.1443376   0.2909057), wk =   0.0416667
        k(   46) = (   0.2500000  -0.7216878  -0.1454529), wk =   0.0000000
        k(   47) = (   0.2500000  -0.1443376  -0.2909057), wk =   0.0416667
        k(   48) = (   0.2500000  -0.7216878  -0.7272643), wk =   0.0000000
        k(   49) = (  -0.5000000  -0.2886751   0.0000000), wk =   0.0416667
        k(   50) = (  -0.5000000  -0.8660254  -0.4363586), wk =   0.0000000
        k(   51) = (  -0.5000000  -0.2886751   0.2909057), wk =   0.0416667
        k(   52) = (  -0.5000000  -0.8660254  -0.1454529), wk =   0.0000000
        k(   53) = (  -0.5000000  -0.2886751  -0.2909057), wk =   0.0416667
        k(   54) = (  -0.5000000  -0.8660254  -0.7272643), wk =   0.0000000
        k(   55) = (  -0.5000000   0.0000000   0.0000000), wk =   0.0416667
        k(   56) = (  -0.5000000  -0.5773503  -0.4363586), wk =   0.0000000
        k(   57) = (  -0.5000000   0.0000000   0.2909057), wk =   0.0416667
        k(   58) = (  -0.5000000  -0.5773503  -0.1454529), wk =   0.0000000
        k(   59) = (  -0.5000000   0.0000000  -0.2909057), wk =   0.0416667
        k(   60) = (  -0.5000000  -0.5773503  -0.7272643), wk =   0.0000000
        k(   61) = (  -0.5000000  -0.8660254   0.0000000), wk =   0.0416667
        k(   62) = (  -0.5000000  -1.4433757  -0.4363586), wk =   0.0000000
        k(   63) = (  -0.5000000  -0.8660254   0.2909057), wk =   0.0416667
        k(   64) = (  -0.5000000  -1.4433757  -0.1454529), wk =   0.0000000
        k(   65) = (  -0.5000000  -0.8660254  -0.2909057), wk =   0.0416667
        k(   66) = (  -0.5000000  -1.4433757  -0.7272643), wk =   0.0000000
        k(   67) = (  -0.5000000  -0.5773503   0.0000000), wk =   0.0416667
        k(   68) = (  -0.5000000  -1.1547005  -0.4363586), wk =   0.0000000
        k(   69) = (  -0.5000000  -0.5773503   0.2909057), wk =   0.0416667
        k(   70) = (  -0.5000000  -1.1547005  -0.1454529), wk =   0.0000000
        k(   71) = (  -0.5000000  -0.5773503  -0.2909057), wk =   0.0416667
        k(   72) = (  -0.5000000  -1.1547005  -0.7272643), wk =   0.0000000
        k(   73) = (  -0.2500000  -0.1443376   0.0000000), wk =   0.0416667
        k(   74) = (  -0.2500000  -0.7216878  -0.4363586), wk =   0.0000000
        k(   75) = (  -0.2500000  -0.1443376   0.2909057), wk =   0.0416667
        k(   76) = (  -0.2500000  -0.7216878  -0.1454529), wk =   0.0000000
        k(   77) = (  -0.2500000  -0.1443376  -0.2909057), wk =   0.0416667
        k(   78) = (  -0.2500000  -0.7216878  -0.7272643), wk =   0.0000000
        k(   79) = (  -0.2500000   0.1443376   0.0000000), wk =   0.0416667
        k(   80) = (  -0.2500000  -0.4330127  -0.4363586), wk =   0.0000000
        k(   81) = (  -0.2500000   0.1443376   0.2909057), wk =   0.0416667
        k(   82) = (  -0.2500000  -0.4330127  -0.1454529), wk =   0.0000000
        k(   83) = (  -0.2500000   0.1443376  -0.2909057), wk =   0.0416667
        k(   84) = (  -0.2500000  -0.4330127  -0.7272643), wk =   0.0000000
        k(   85) = (  -0.2500000  -0.7216878   0.0000000), wk =   0.0416667
        k(   86) = (  -0.2500000  -1.2990381  -0.4363586), wk =   0.0000000
        k(   87) = (  -0.2500000  -0.7216878   0.2909057), wk =   0.0416667
        k(   88) = (  -0.2500000  -1.2990381  -0.1454529), wk =   0.0000000
        k(   89) = (  -0.2500000  -0.7216878  -0.2909057), wk =   0.0416667
        k(   90) = (  -0.2500000  -1.2990381  -0.7272643), wk =   0.0000000
        k(   91) = (  -0.2500000  -0.4330127   0.0000000), wk =   0.0416667
        k(   92) = (  -0.2500000  -1.0103630  -0.4363586), wk =   0.0000000
        k(   93) = (  -0.2500000  -0.4330127   0.2909057), wk =   0.0416667
        k(   94) = (  -0.2500000  -1.0103630  -0.1454529), wk =   0.0000000
        k(   95) = (  -0.2500000  -0.4330127  -0.2909057), wk =   0.0416667
        k(   96) = (  -0.2500000  -1.0103630  -0.7272643), wk =   0.0000000

     Dense  grid:    15395 G-vectors     FFT dimensions: (  32,  32,  36)

     Smooth grid:     5449 G-vectors     FFT dimensions: (  24,  24,  25)

     Estimated max dynamical RAM per process >       7.24 MB

     Estimated total dynamical RAM >       4.07 GB

     Check: negative core charge=   -0.000006

     The potential is recalculated from file :
     ./_ph0/pwscf.q_6/pwscf.save/charge-density

     Starting wfcs are   12 atomic wfcs
     Checking if some PAW data can be deallocated... 

     Band Structure Calculation
     Davidson diagonalization with overlap

     ethr =  1.25E-10,  avg # of iterations = 19.3

     total cpu time spent up to now is        4.2 secs

     End of band structure calculation

          k = 0.0000 0.0000 0.0000 (   709 PWs)   bands (ev):

    -4.7856   4.7169   8.0859   8.0859   9.3182  14.0810  14.0810  15.9413

          k = 0.0000-0.5774-0.4364 (   676 PWs)   bands (ev):

     0.1220   0.7477   4.1205   5.8185   6.4053  13.4894  16.5345  16.6638

          k = 0.0000 0.0000 0.2909 (   690 PWs)   bands (ev):

    -3.9413   1.1725   8.3605   8.3605  14.3197  14.3197  15.0532  15.8003

          k = 0.0000-0.5774-0.1455 (   662 PWs)   bands (ev):

    -0.6675   0.0267   5.5994   6.6607   9.0584  12.3432  14.8161  16.3850

          k = 0.0000 0.0000-0.2909 (   690 PWs)   bands (ev):

    -3.9413   1.1725   8.3605   8.3605  14.3197  14.3197  15.0532  15.8003

          k = 0.0000-0.5774-0.7273 (   662 PWs)   bands (ev):

    -0.6675   0.0267   5.5994   6.6607   9.0584  12.3432  14.8161  16.3850

          k = 0.0000 0.2887 0.0000 (   681 PWs)   bands (ev):

    -3.6967   4.3221   5.7684   6.5101  10.2984  13.1165  14.5810  17.0309

          k = 0.0000-0.2887-0.4364 (   690 PWs)   bands (ev):

    -2.5101   1.4487   4.9711   6.8246  10.9392  13.9994  17.7964  18.2336

          k = 0.0000 0.2887 0.2909 (   680 PWs)   bands (ev):

    -2.9073   2.3497   4.7869   6.7418  11.5392  13.6809  16.1211  18.0281

          k = 0.0000-0.2887-0.1455 (   677 PWs)   bands (ev):

    -3.4736   4.2713   4.5113   6.5843  12.0431  13.1161  13.7450  18.2343

          k = 0.0000 0.2887-0.2909 (   680 PWs)   bands (ev):

    -2.9073   2.3497   4.7869   6.7418  11.5392  13.6809  16.1211  18.0281

          k = 0.0000-0.2887-0.7273 (   677 PWs)   bands (ev):

    -3.4736   4.2713   4.5113   6.5843  12.0431  13.1161  13.7450  18.2343

          k = 0.0000-0.5774 0.0000 (   676 PWs)   bands (ev):

    -0.8559  -0.1616   5.5309   7.8975  10.7860  11.6276  13.0221  14.8253

          k = 0.0000-1.1547-0.4364 (   684 PWs)   bands (ev):

    -3.4999   0.2155   8.4616   8.4616  14.4076  14.4076  15.7557  17.7397

          k = 0.0000-0.5774 0.2909 (   670 PWs)   bands (ev):

    -0.1967   0.4723   4.9116   5.7426   7.1851  13.0425  17.1668  18.1844

          k = 0.0000-1.1547-0.1455 (   697 PWs)   bands (ev):

    -4.5497   3.2122   8.1741   8.1741  11.3828  14.1562  14.1562  15.8936

          k = 0.0000-0.5774-0.2909 (   670 PWs)   bands (ev):

    -0.1967   0.4723   4.9116   5.7426   7.1851  13.0425  17.1668  18.1844

          k = 0.0000-1.1547-0.7273 (   697 PWs)   bands (ev):

    -4.5497   3.2122   8.1741   8.1741  11.3828  14.1562  14.1562  15.8936

          k = 0.0000-0.2887 0.0000 (   681 PWs)   bands (ev):

    -3.6967   4.3221   5.7684   6.5101  10.2984  13.1165  14.5810  17.0309

          k = 0.0000-0.8660-0.4364 (   690 PWs)   bands (ev):

    -2.5101   1.4487   4.9711   6.8246  10.9392  13.9994  17.7964  18.2336

          k = 0.0000-0.2887 0.2909 (   680 PWs)   bands (ev):

    -2.9073   2.3497   4.7869   6.7418  11.5392  13.6809  16.1211  18.0281

          k = 0.0000-0.8660-0.1455 (   677 PWs)   bands (ev):

    -3.4736   4.2713   4.5113   6.5843  12.0431  13.1161  13.7450  18.2343

          k = 0.0000-0.2887-0.2909 (   680 PWs)   bands (ev):

    -2.9073   2.3497   4.7869   6.7418  11.5392  13.6809  16.1211  18.0281

          k = 0.0000-0.8660-0.7273 (   677 PWs)   bands (ev):

    -3.4736   4.2713   4.5113   6.5843  12.0431  13.1161  13.7450  18.2343

          k = 0.2500 0.1443 0.0000 (   681 PWs)   bands (ev):

    -3.6967   4.3221   5.7684   6.5101  10.2984  13.1165  14.5810  17.0309

          k = 0.2500-0.4330-0.4364 (   674 PWs)   bands (ev):

    -0.5748   2.7987   3.7030   3.7188   7.6358  12.4494  17.2204  18.2374

          k = 0.2500 0.1443 0.2909 (   680 PWs)   bands (ev):

    -2.9073   2.3497   4.7869   6.7418  11.5392  13.6809  16.1211  18.0281

          k = 0.2500-0.4330-0.1455 (   684 PWs)   bands (ev):

    -1.3965   2.1623   3.2397   6.3799  10.0624  14.1966  14.9079  16.2485

          k = 0.2500 0.1443-0.2909 (   680 PWs)   bands (ev):

    -2.9073   2.3497   4.7869   6.7418  11.5392  13.6809  16.1211  18.0281

          k = 0.2500-0.4330-0.7273 (   684 PWs)   bands (ev):

    -1.3965   2.1623   3.2397   6.3799  10.0624  14.1966  14.9079  16.2485

          k = 0.2500 0.4330 0.0000 (   673 PWs)   bands (ev):

    -1.5955   1.9992   3.1104   7.7211  11.4346  12.3899  14.7394  16.0952

          k = 0.2500-0.1443-0.4364 (   690 PWs)   bands (ev):

    -2.5101   1.4487   4.9711   6.8246  10.9392  13.9994  17.7964  18.2336

          k = 0.2500 0.4330 0.2909 (   678 PWs)   bands (ev):

    -0.9037   2.5530   3.5246   4.5533   8.3547  13.1327  16.8169  17.8007

          k = 0.2500-0.1443-0.1455 (   677 PWs)   bands (ev):

    -3.4736   4.2713   4.5113   6.5843  12.0431  13.1161  13.7450  18.2343

          k = 0.2500 0.4330-0.2909 (   678 PWs)   bands (ev):

    -0.9037   2.5530   3.5246   4.5533   8.3547  13.1327  16.8169  17.8007

          k = 0.2500-0.1443-0.7273 (   677 PWs)   bands (ev):

    -3.4736   4.2713   4.5113   6.5843  12.0431  13.1161  13.7450  18.2343

          k = 0.2500-0.4330 0.0000 (   673 PWs)   bands (ev):

    -1.5955   1.9992   3.1104   7.7211  11.4346  12.3899  14.7394  16.0952

          k = 0.2500-1.0104-0.4364 (   690 PWs)   bands (ev):

    -2.5101   1.4487   4.9711   6.8246  10.9392  13.9994  17.7964  18.2336

          k = 0.2500-0.4330 0.2909 (   678 PWs)   bands (ev):

    -0.9037   2.5530   3.5246   4.5533   8.3547  13.1327  16.8169  17.8007

          k = 0.2500-1.0104-0.1455 (   677 PWs)   bands (ev):

    -3.4736   4.2713   4.5113   6.5843  12.0431  13.1161  13.7450  18.2343

          k = 0.2500-0.4330-0.2909 (   678 PWs)   bands (ev):

    -0.9037   2.5530   3.5246   4.5533   8.3547  13.1327  16.8169  17.8007

          k = 0.2500-1.0104-0.7273 (   677 PWs)   bands (ev):

    -3.4736   4.2713   4.5113   6.5843  12.0431  13.1161  13.7450  18.2343

          k = 0.2500-0.1443 0.0000 (   681 PWs)   bands (ev):

    -3.6967   4.3221   5.7684   6.5101  10.2984  13.1165  14.5810  17.0309

          k = 0.2500-0.7217-0.4364 (   674 PWs)   bands (ev):

    -0.5748   2.7987   3.7030   3.7188   7.6358  12.4494  17.2204  18.2374

          k = 0.2500-0.1443 0.2909 (   680 PWs)   bands (ev):

    -2.9073   2.3497   4.7869   6.7418  11.5392  13.6809  16.1211  18.0281

          k = 0.2500-0.7217-0.1455 (   684 PWs)   bands (ev):

    -1.3965   2.1623   3.2397   6.3799  10.0624  14.1966  14.9079  16.2485

          k = 0.2500-0.1443-0.2909 (   680 PWs)   bands (ev):

    -2.9073   2.3497   4.7869   6.7418  11.5392  13.6809  16.1211  18.0281

          k = 0.2500-0.7217-0.7273 (   684 PWs)   bands (ev):

    -1.3965   2.1623   3.2397   6.3799  10.0624  14.1966  14.9079  16.2485

          k =-0.5000-0.2887 0.0000 (   676 PWs)   bands (ev):

    -0.8559  -0.1616   5.5309   7.8975  10.7860  11.6276  13.0221  14.8253

          k =-0.5000-0.8660-0.4364 (   676 PWs)   bands (ev):

     0.1220   0.7477   4.1205   5.8185   6.4053  13.4894  16.5345  16.6638

          k =-0.5000-0.2887 0.2909 (   670 PWs)   bands (ev):

    -0.1967   0.4723   4.9116   5.7426   7.1851  13.0425  17.1668  18.1844

          k =-0.5000-0.8660-0.1455 (   662 PWs)   bands (ev):

    -0.6675   0.0267   5.5994   6.6607   9.0584  12.3432  14.8161  16.3850

          k =-0.5000-0.2887-0.2909 (   670 PWs)   bands (ev):

    -0.1967   0.4723   4.9116   5.7426   7.1851  13.0425  17.1668  18.1844

          k =-0.5000-0.8660-0.7273 (   662 PWs)   bands (ev):

    -0.6675   0.0267   5.5994   6.6607   9.0584  12.3432  14.8161  16.3850

          k =-0.5000 0.0000 0.0000 (   673 PWs)   bands (ev):

    -1.5955   1.9992   3.1104   7.7211  11.4346  12.3899  14.7394  16.0952

          k =-0.5000-0.5774-0.4364 (   674 PWs)   bands (ev):

    -0.5748   2.7987   3.7030   3.7188   7.6358  12.4494  17.2204  18.2374

          k =-0.5000 0.0000 0.2909 (   678 PWs)   bands (ev):

    -0.9037   2.5530   3.5246   4.5533   8.3547  13.1327  16.8169  17.8007

          k =-0.5000-0.5774-0.1455 (   684 PWs)   bands (ev):

    -1.3965   2.1623   3.2397   6.3799  10.0624  14.1966  14.9079  16.2485

          k =-0.5000 0.0000-0.2909 (   678 PWs)   bands (ev):

    -0.9037   2.5530   3.5246   4.5533   8.3547  13.1327  16.8169  17.8007

          k =-0.5000-0.5774-0.7273 (   684 PWs)   bands (ev):

    -1.3965   2.1623   3.2397   6.3799  10.0624  14.1966  14.9079  16.2485

          k =-0.5000-0.8660 0.0000 (   676 PWs)   bands (ev):

    -0.8559  -0.1616   5.5309   7.8975  10.7860  11.6276  13.0221  14.8253

          k =-0.5000-1.4434-0.4364 (   676 PWs)   bands (ev):

     0.1220   0.7477   4.1205   5.8185   6.4053  13.4894  16.5345  16.6638

          k =-0.5000-0.8660 0.2909 (   670 PWs)   bands (ev):

    -0.1967   0.4723   4.9116   5.7426   7.1851  13.0425  17.1668  18.1844

          k =-0.5000-1.4434-0.1455 (   662 PWs)   bands (ev):

    -0.6675   0.0267   5.5994   6.6607   9.0584  12.3432  14.8161  16.3850

          k =-0.5000-0.8660-0.2909 (   670 PWs)   bands (ev):

    -0.1967   0.4723   4.9116   5.7426   7.1851  13.0425  17.1668  18.1844

          k =-0.5000-1.4434-0.7273 (   662 PWs)   bands (ev):

    -0.6675   0.0267   5.5994   6.6607   9.0584  12.3432  14.8161  16.3850

          k =-0.5000-0.5774 0.0000 (   673 PWs)   bands (ev):

    -1.5955   1.9992   3.1104   7.7211  11.4346  12.3899  14.7394  16.0952

          k =-0.5000-1.1547-0.4364 (   674 PWs)   bands (ev):

    -0.5748   2.7987   3.7030   3.7188   7.6358  12.4494  17.2204  18.2374

          k =-0.5000-0.5774 0.2909 (   678 PWs)   bands (ev):

    -0.9037   2.5530   3.5246   4.5533   8.3547  13.1327  16.8169  17.8007

          k =-0.5000-1.1547-0.1455 (   684 PWs)   bands (ev):

    -1.3965   2.1623   3.2397   6.3799  10.0624  14.1966  14.9079  16.2485

          k =-0.5000-0.5774-0.2909 (   678 PWs)   bands (ev):

    -0.9037   2.5530   3.5246   4.5533   8.3547  13.1327  16.8169  17.8007

          k =-0.5000-1.1547-0.7273 (   684 PWs)   bands (ev):

    -1.3965   2.1623   3.2397   6.3799  10.0624  14.1966  14.9079  16.2485

          k =-0.2500-0.1443 0.0000 (   681 PWs)   bands (ev):

    -3.6967   4.3221   5.7684   6.5101  10.2984  13.1165  14.5810  17.0309

          k =-0.2500-0.7217-0.4364 (   674 PWs)   bands (ev):

    -0.5748   2.7987   3.7030   3.7188   7.6358  12.4494  17.2204  18.2374

          k =-0.2500-0.1443 0.2909 (   680 PWs)   bands (ev):

    -2.9073   2.3497   4.7869   6.7418  11.5392  13.6809  16.1211  18.0281

          k =-0.2500-0.7217-0.1455 (   684 PWs)   bands (ev):

    -1.3965   2.1623   3.2397   6.3799  10.0624  14.1966  14.9079  16.2485

          k =-0.2500-0.1443-0.2909 (   680 PWs)   bands (ev):

    -2.9073   2.3497   4.7869   6.7418  11.5392  13.6809  16.1211  18.0281

          k =-0.2500-0.7217-0.7273 (   684 PWs)   bands (ev):

    -1.3965   2.1623   3.2397   6.3799  10.0624  14.1966  14.9079  16.2485

          k =-0.2500 0.1443 0.0000 (   681 PWs)   bands (ev):

    -3.6967   4.3221   5.7684   6.5101  10.2984  13.1165  14.5810  17.0309

          k =-0.2500-0.4330-0.4364 (   674 PWs)   bands (ev):

    -0.5748   2.7987   3.7030   3.7188   7.6358  12.4494  17.2204  18.2374

          k =-0.2500 0.1443 0.2909 (   680 PWs)   bands (ev):

    -2.9073   2.3497   4.7869   6.7418  11.5392  13.6809  16.1211  18.0281

          k =-0.2500-0.4330-0.1455 (   684 PWs)   bands (ev):

    -1.3965   2.1623   3.2397   6.3799  10.0624  14.1966  14.9079  16.2485

          k =-0.2500 0.1443-0.2909 (   680 PWs)   bands (ev):

    -2.9073   2.3497   4.7869   6.7418  11.5392  13.6809  16.1211  18.0281

          k =-0.2500-0.4330-0.7273 (   684 PWs)   bands (ev):

    -1.3965   2.1623   3.2397   6.3799  10.0624  14.1966  14.9079  16.2485

          k =-0.2500-0.7217 0.0000 (   673 PWs)   bands (ev):

    -1.5955   1.9992   3.1104   7.7211  11.4346  12.3899  14.7394  16.0952

          k =-0.2500-1.2990-0.4364 (   690 PWs)   bands (ev):

    -2.5101   1.4487   4.9711   6.8246  10.9392  13.9994  17.7964  18.2336

          k =-0.2500-0.7217 0.2909 (   678 PWs)   bands (ev):

    -0.9037   2.5530   3.5246   4.5533   8.3547  13.1327  16.8169  17.8007

          k =-0.2500-1.2990-0.1455 (   677 PWs)   bands (ev):

    -3.4736   4.2713   4.5113   6.5843  12.0431  13.1161  13.7450  18.2343

          k =-0.2500-0.7217-0.2909 (   678 PWs)   bands (ev):

    -0.9037   2.5530   3.5246   4.5533   8.3547  13.1327  16.8169  17.8007

          k =-0.2500-1.2990-0.7273 (   677 PWs)   bands (ev):

    -3.4736   4.2713   4.5113   6.5843  12.0431  13.1161  13.7450  18.2343

          k =-0.2500-0.4330 0.0000 (   673 PWs)   bands (ev):

    -1.5955   1.9992   3.1104   7.7211  11.4346  12.3899  14.7394  16.0952

          k =-0.2500-1.0104-0.4364 (   690 PWs)   bands (ev):

    -2.5101   1.4487   4.9711   6.8246  10.9392  13.9994  17.7964  18.2336

          k =-0.2500-0.4330 0.2909 (   678 PWs)   bands (ev):

    -0.9037   2.5530   3.5246   4.5533   8.3547  13.1327  16.8169  17.8007

          k =-0.2500-1.0104-0.1455 (   677 PWs)   bands (ev):

    -3.4736   4.2713   4.5113   6.5843  12.0431  13.1161  13.7450  18.2343

          k =-0.2500-0.4330-0.2909 (   678 PWs)   bands (ev):

    -0.9037   2.5530   3.5246   4.5533   8.3547  13.1327  16.8169  17.8007

          k =-0.2500-1.0104-0.7273 (   677 PWs)   bands (ev):

    -3.4736   4.2713   4.5113   6.5843  12.0431  13.1161  13.7450  18.2343

     the Fermi energy is     7.7432 ev

     Writing config to output data dir ./_ph0/pwscf.q_6/pwscf.save/ :
     XML data file
 
     [dfpt_tetra]  Dos(E_F)[/Ry] :   0.1053843E+02

     Electron-phonon matrix                                                     

     bravais-lattice index     =            0
     lattice parameter (alat)  =       5.8042  a.u.
     unit-cell volume          =     194.0373 (a.u.)^3
     number of atoms/cell      =            3
     number of atomic types    =            2
     kinetic-energy cut-off    =      35.0000  Ry
     charge density cut-off    =     280.0000  Ry
     convergence threshold     =      1.0E-12
     beta                      =       0.7000
     number of iterations used =            4
     Exchange-correlation= PBE
                           (   1   4   3   4   0   0   0)


     celldm(1)=    5.80420  celldm(2)=    0.00000  celldm(3)=    0.00000
     celldm(4)=    0.00000  celldm(5)=    0.00000  celldm(6)=    0.00000

     crystal axes: (cart. coord. in units of alat)
               a(1) = (  1.0000  0.0000  0.0000 )  
               a(2) = ( -0.5000  0.8660  0.0000 )  
               a(3) = (  0.0000  0.0000  1.1458 )  

     reciprocal axes: (cart. coord. in units 2 pi/alat)
               b(1) = (  1.0000  0.5774  0.0000 )  
               b(2) = (  0.0000  1.1547  0.0000 )  
               b(3) = (  0.0000  0.0000  0.8727 )  


     Atoms inside the unit cell: 

     Cartesian axes

     site n.  atom      mass           positions (alat units)
        1  Mg     24.3050   tau(    1) = (    0.00000    0.00000    0.00000  )
        2  B      10.8110   tau(    2) = (    0.00000    0.57735    0.57292  )
        3  B      10.8110   tau(    3) = (    0.50000    0.28868    0.57292  )

     Computing dynamical matrix for 
                    q = (   0.0000000  -0.5773503  -0.4363586 )
 
      9 Sym.Ops. (with q -> -q+G )


     G cutoff =  238.9372  (  15395 G-vectors)     FFT grid: ( 32, 32, 36)
     G cutoff =  119.4686  (   5449 G-vectors)  smooth grid: ( 24, 24, 25)
     number of k points=    96

     PseudoPot. # 1 for B  read from file:
     ./B.pbe-n-kjpaw_psl.0.1.upf
     MD5 check sum: b4345a612e0782cca08559f453f3313f
     Pseudo is Projector augmented-wave + core cor, Zval =  3.0
     Generated using "atomic" code by A. Dal Corso  v.5.0.99 svn rev. 10869
     Shape of augmentation charge: BESSEL
     Using radial grid of 1059 points,  4 beta functions with: 
                l(1) =   0
                l(2) =   0
                l(3) =   1
                l(4) =   1
     Q(r) pseudized with 0 coefficients 


     PseudoPot. # 2 for Mg read from file:
     ./Mg.pbe-n-kjpaw_psl.0.3.0.upf
     MD5 check sum: 9eaefceb6cf3903db1b93e4e5c6adf9a
     Pseudo is Projector augmented-wave + core cor, Zval =  2.0
     Generated using "atomic" code by A. Dal Corso  v.5.0.99 svn rev. 10869
     Shape of augmentation charge: PSQ
     Using radial grid of 1129 points,  4 beta functions with: 
                l(1) =   0
                l(2) =   0
                l(3) =   1
                l(4) =   1
     Q(r) pseudized with 0 coefficients 



     Atomic displacements:
     There are    9 irreducible representations

     Representation     1      1 modes -  To be done

     Representation     2      1 modes -  To be done

     Representation     3      1 modes -  To be done

     Representation     4      1 modes -  To be done

     Representation     5      1 modes -  To be done

     Representation     6      1 modes -  To be done

     Representation     7      1 modes -  To be done

     Representation     8      1 modes -  To be done

     Representation     9      1 modes -  To be done


     PHONON       :     12.81s CPU     14.73s WALL

     Reading dVscf from file dv
     Reading dynamics matrix from file matdyn6

     Diagonalizing the dynamical matrix

     q = (    0.000000000  -0.577350269  -0.436358562 ) 

 **************************************************************************
     freq (    1) =       7.729402 [THz] =     257.825115 [cm-1]
     freq (    2) =       8.128053 [THz] =     271.122681 [cm-1]
     freq (    3) =       9.328924 [THz] =     311.179425 [cm-1]
     freq (    4) =      13.887801 [THz] =     463.247186 [cm-1]
     freq (    5) =      14.938556 [THz] =     498.296597 [cm-1]
     freq (    6) =      16.056219 [THz] =     535.577801 [cm-1]
     freq (    7) =      22.204385 [THz] =     740.658547 [cm-1]
     freq (    8) =      22.530144 [THz] =     751.524693 [cm-1]
     freq (    9) =      22.572358 [THz] =     752.932824 [cm-1]
 **************************************************************************
 [elph_scdft]  write elph.dat with symmetries (only on Fermi surfaces)
 [elph_scdft]   Lowest band which contains FS :  3
 [elph_scdft]  Highest band which contains FS :  5
 [elph_scdft]    # of bands which contains FS :  3

     Calculation of q =    0.2500000   0.4330127   0.1454529
     Message from routine kpoint_grid:
     ATTENTION: skip check of k-points equivalence
     [opt_tetra]  Optimized tetrahedron method is used.
     Message from routine divide_et_impera:
     suboptimal parallelization: some nodes have no k-points
 
     G-vector sticks info
     --------------------
     sticks:   dense  smooth     PW     G-vecs:    dense   smooth      PW
     Sum         649     313    121                15395     5449    1179
 
     Using Slab Decomposition
 

     Title: 
     Electron-phonon matrix                                                     


     bravais-lattice index     =            0
     lattice parameter (alat)  =       5.8042  a.u.
     unit-cell volume          =     194.0373 (a.u.)^3
     number of atoms/cell      =            3
     number of atomic types    =            2
     number of electrons       =         8.00
     number of Kohn-Sham states=            8
     kinetic-energy cutoff     =      35.0000  Ry
     charge density cutoff     =     280.0000  Ry
     Exchange-correlation= PBE
                           (   1   4   3   4   0   0   0)

     celldm(1)=   5.804205  celldm(2)=   0.000000  celldm(3)=   0.000000
     celldm(4)=   0.000000  celldm(5)=   0.000000  celldm(6)=   0.000000

     crystal axes: (cart. coord. in units of alat)
               a(1) = (   1.000000   0.000000   0.000000 )  
               a(2) = (  -0.500000   0.866025   0.000000 )  
               a(3) = (   0.000000   0.000000   1.145847 )  

     reciprocal axes: (cart. coord. in units 2 pi/alat)
               b(1) = (  1.000000  0.577350  0.000000 )  
               b(2) = (  0.000000  1.154701  0.000000 )  
               b(3) = (  0.000000  0.000000  0.872717 )  


     PseudoPot. # 1 for B  read from file:
     ./B.pbe-n-kjpaw_psl.0.1.upf
     MD5 check sum: b4345a612e0782cca08559f453f3313f
     Pseudo is Projector augmented-wave + core cor, Zval =  3.0
     Generated using "atomic" code by A. Dal Corso  v.5.0.99 svn rev. 10869
     Shape of augmentation charge: BESSEL
     Using radial grid of 1059 points,  4 beta functions with: 
                l(1) =   0
                l(2) =   0
                l(3) =   1
                l(4) =   1
     Q(r) pseudized with 0 coefficients 


     PseudoPot. # 2 for Mg read from file:
     ./Mg.pbe-n-kjpaw_psl.0.3.0.upf
     MD5 check sum: 9eaefceb6cf3903db1b93e4e5c6adf9a
     Pseudo is Projector augmented-wave + core cor, Zval =  2.0
     Generated using "atomic" code by A. Dal Corso  v.5.0.99 svn rev. 10869
     Shape of augmentation charge: PSQ
     Using radial grid of 1129 points,  4 beta functions with: 
                l(1) =   0
                l(2) =   0
                l(3) =   1
                l(4) =   1
     Q(r) pseudized with 0 coefficients 


     atomic species   valence    mass     pseudopotential
     B                 3.00    10.81100     B ( 1.00)
     Mg                2.00    24.30500     Mg( 1.00)

     24 Sym. Ops., with inversion, found



   Cartesian axes

     site n.     atom                  positions (alat units)
         1        Mg     tau(   1) = (   0.0000000   0.0000000   0.0000000  )
         2        B      tau(   2) = (   0.0000000   0.5773503   0.5729233  )
         3        B      tau(   3) = (   0.5000000   0.2886751   0.5729233  )

     number of k points=    96 (tetrahedron method)
                       cart. coord. in units 2pi/alat
        k(    1) = (   0.0000000   0.0000000   0.0000000), wk =   0.0416667
        k(    2) = (   0.2500000   0.4330127   0.1454529), wk =   0.0000000
        k(    3) = (   0.0000000   0.0000000   0.2909057), wk =   0.0416667
        k(    4) = (   0.2500000   0.4330127   0.4363586), wk =   0.0000000
        k(    5) = (   0.0000000   0.0000000  -0.2909057), wk =   0.0416667
        k(    6) = (   0.2500000   0.4330127  -0.1454529), wk =   0.0000000
        k(    7) = (   0.0000000   0.2886751   0.0000000), wk =   0.0416667
        k(    8) = (   0.2500000   0.7216878   0.1454529), wk =   0.0000000
        k(    9) = (   0.0000000   0.2886751   0.2909057), wk =   0.0416667
        k(   10) = (   0.2500000   0.7216878   0.4363586), wk =   0.0000000
        k(   11) = (   0.0000000   0.2886751  -0.2909057), wk =   0.0416667
        k(   12) = (   0.2500000   0.7216878  -0.1454529), wk =   0.0000000
        k(   13) = (   0.0000000  -0.5773503   0.0000000), wk =   0.0416667
        k(   14) = (   0.2500000  -0.1443376   0.1454529), wk =   0.0000000
        k(   15) = (   0.0000000  -0.5773503   0.2909057), wk =   0.0416667
        k(   16) = (   0.2500000  -0.1443376   0.4363586), wk =   0.0000000
        k(   17) = (   0.0000000  -0.5773503  -0.2909057), wk =   0.0416667
        k(   18) = (   0.2500000  -0.1443376  -0.1454529), wk =   0.0000000
        k(   19) = (   0.0000000  -0.2886751   0.0000000), wk =   0.0416667
        k(   20) = (   0.2500000   0.1443376   0.1454529), wk =   0.0000000
        k(   21) = (   0.0000000  -0.2886751   0.2909057), wk =   0.0416667
        k(   22) = (   0.2500000   0.1443376   0.4363586), wk =   0.0000000
        k(   23) = (   0.0000000  -0.2886751  -0.2909057), wk =   0.0416667
        k(   24) = (   0.2500000   0.1443376  -0.1454529), wk =   0.0000000
        k(   25) = (   0.2500000   0.1443376   0.0000000), wk =   0.0416667
        k(   26) = (   0.5000000   0.5773503   0.1454529), wk =   0.0000000
        k(   27) = (   0.2500000   0.1443376   0.2909057), wk =   0.0416667
        k(   28) = (   0.5000000   0.5773503   0.4363586), wk =   0.0000000
        k(   29) = (   0.2500000   0.1443376  -0.2909057), wk =   0.0416667
        k(   30) = (   0.5000000   0.5773503  -0.1454529), wk =   0.0000000
        k(   31) = (   0.2500000   0.4330127   0.0000000), wk =   0.0416667
        k(   32) = (   0.5000000   0.8660254   0.1454529), wk =   0.0000000
        k(   33) = (   0.2500000   0.4330127   0.2909057), wk =   0.0416667
        k(   34) = (   0.5000000   0.8660254   0.4363586), wk =   0.0000000
        k(   35) = (   0.2500000   0.4330127  -0.2909057), wk =   0.0416667
        k(   36) = (   0.5000000   0.8660254  -0.1454529), wk =   0.0000000
        k(   37) = (   0.2500000  -0.4330127   0.0000000), wk =   0.0416667
        k(   38) = (   0.5000000   0.0000000   0.1454529), wk =   0.0000000
        k(   39) = (   0.2500000  -0.4330127   0.2909057), wk =   0.0416667
        k(   40) = (   0.5000000   0.0000000   0.4363586), wk =   0.0000000
        k(   41) = (   0.2500000  -0.4330127  -0.2909057), wk =   0.0416667
        k(   42) = (   0.5000000   0.0000000  -0.1454529), wk =   0.0000000
        k(   43) = (   0.2500000  -0.1443376   0.0000000), wk =   0.0416667
        k(   44) = (   0.5000000   0.2886751   0.1454529), wk =   0.0000000
        k(   45) = (   0.2500000  -0.1443376   0.2909057), wk =   0.0416667
        k(   46) = (   0.5000000   0.2886751   0.4363586), wk =   0.0000000
        k(   47) = (   0.2500000  -0.1443376  -0.2909057), wk =   0.0416667
        k(   48) = (   0.5000000   0.2886751  -0.1454529), wk =   0.0000000
        k(   49) = (  -0.5000000  -0.2886751   0.0000000), wk =   0.0416667
        k(   50) = (  -0.2500000   0.1443376   0.1454529), wk =   0.0000000
        k(   51) = (  -0.5000000  -0.2886751   0.2909057), wk =   0.0416667
        k(   52) = (  -0.2500000   0.1443376   0.4363586), wk =   0.0000000
        k(   53) = (  -0.5000000  -0.2886751  -0.2909057), wk =   0.0416667
        k(   54) = (  -0.2500000   0.1443376  -0.1454529), wk =   0.0000000
        k(   55) = (  -0.5000000   0.0000000   0.0000000), wk =   0.0416667
        k(   56) = (  -0.2500000   0.4330127   0.1454529), wk =   0.0000000
        k(   57) = (  -0.5000000   0.0000000   0.2909057), wk =   0.0416667
        k(   58) = (  -0.2500000   0.4330127   0.4363586), wk =   0.0000000
        k(   59) = (  -0.5000000   0.0000000  -0.2909057), wk =   0.0416667
        k(   60) = (  -0.2500000   0.4330127  -0.1454529), wk =   0.0000000
        k(   61) = (  -0.5000000  -0.8660254   0.0000000), wk =   0.0416667
        k(   62) = (  -0.2500000  -0.4330127   0.1454529), wk =   0.0000000
        k(   63) = (  -0.5000000  -0.8660254   0.2909057), wk =   0.0416667
        k(   64) = (  -0.2500000  -0.4330127   0.4363586), wk =   0.0000000
        k(   65) = (  -0.5000000  -0.8660254  -0.2909057), wk =   0.0416667
        k(   66) = (  -0.2500000  -0.4330127  -0.1454529), wk =   0.0000000
        k(   67) = (  -0.5000000  -0.5773503   0.0000000), wk =   0.0416667
        k(   68) = (  -0.2500000  -0.1443376   0.1454529), wk =   0.0000000
        k(   69) = (  -0.5000000  -0.5773503   0.2909057), wk =   0.0416667
        k(   70) = (  -0.2500000  -0.1443376   0.4363586), wk =   0.0000000
        k(   71) = (  -0.5000000  -0.5773503  -0.2909057), wk =   0.0416667
        k(   72) = (  -0.2500000  -0.1443376  -0.1454529), wk =   0.0000000
        k(   73) = (  -0.2500000  -0.1443376   0.0000000), wk =   0.0416667
        k(   74) = (   0.0000000   0.2886751   0.1454529), wk =   0.0000000
        k(   75) = (  -0.2500000  -0.1443376   0.2909057), wk =   0.0416667
        k(   76) = (   0.0000000   0.2886751   0.4363586), wk =   0.0000000
        k(   77) = (  -0.2500000  -0.1443376  -0.2909057), wk =   0.0416667
        k(   78) = (   0.0000000   0.2886751  -0.1454529), wk =   0.0000000
        k(   79) = (  -0.2500000   0.1443376   0.0000000), wk =   0.0416667
        k(   80) = (   0.0000000   0.5773503   0.1454529), wk =   0.0000000
        k(   81) = (  -0.2500000   0.1443376   0.2909057), wk =   0.0416667
        k(   82) = (   0.0000000   0.5773503   0.4363586), wk =   0.0000000
        k(   83) = (  -0.2500000   0.1443376  -0.2909057), wk =   0.0416667
        k(   84) = (   0.0000000   0.5773503  -0.1454529), wk =   0.0000000
        k(   85) = (  -0.2500000  -0.7216878   0.0000000), wk =   0.0416667
        k(   86) = (   0.0000000  -0.2886751   0.1454529), wk =   0.0000000
        k(   87) = (  -0.2500000  -0.7216878   0.2909057), wk =   0.0416667
        k(   88) = (   0.0000000  -0.2886751   0.4363586), wk =   0.0000000
        k(   89) = (  -0.2500000  -0.7216878  -0.2909057), wk =   0.0416667
        k(   90) = (   0.0000000  -0.2886751  -0.1454529), wk =   0.0000000
        k(   91) = (  -0.2500000  -0.4330127   0.0000000), wk =   0.0416667
        k(   92) = (   0.0000000   0.0000000   0.1454529), wk =   0.0000000
        k(   93) = (  -0.2500000  -0.4330127   0.2909057), wk =   0.0416667
        k(   94) = (   0.0000000   0.0000000   0.4363586), wk =   0.0000000
        k(   95) = (  -0.2500000  -0.4330127  -0.2909057), wk =   0.0416667
        k(   96) = (   0.0000000   0.0000000  -0.1454529), wk =   0.0000000

     Dense  grid:    15395 G-vectors     FFT dimensions: (  32,  32,  36)

     Smooth grid:     5449 G-vectors     FFT dimensions: (  24,  24,  25)

     Estimated max dynamical RAM per process >       7.23 MB

     Estimated total dynamical RAM >       4.07 GB

     Check: negative core charge=   -0.000006

     The potential is recalculated from file :
     ./_ph0/pwscf.q_7/pwscf.save/charge-density

     Starting wfcs are   12 atomic wfcs
     Checking if some PAW data can be deallocated... 

     Band Structure Calculation
     Davidson diagonalization with overlap

     ethr =  1.25E-10,  avg # of iterations = 19.3

     total cpu time spent up to now is        4.9 secs

     End of band structure calculation

          k = 0.0000 0.0000 0.0000 (   709 PWs)   bands (ev):

    -4.7856   4.7169   8.0859   8.0859   9.3182  14.0810  14.0810  15.9413

          k = 0.2500 0.4330 0.1455 (   684 PWs)   bands (ev):

    -1.3965   2.1623   3.2397   6.3799  10.0624  14.1966  14.9079  16.2485

          k = 0.0000 0.0000 0.2909 (   690 PWs)   bands (ev):

    -3.9413   1.1725   8.3605   8.3605  14.3197  14.3197  15.0532  15.8003

          k = 0.2500 0.4330 0.4364 (   674 PWs)   bands (ev):

    -0.5748   2.7987   3.7030   3.7188   7.6358  12.4494  17.2204  18.2374

          k = 0.0000 0.0000-0.2909 (   690 PWs)   bands (ev):

    -3.9413   1.1725   8.3605   8.3605  14.3197  14.3197  15.0532  15.8003

          k = 0.2500 0.4330-0.1455 (   684 PWs)   bands (ev):

    -1.3965   2.1623   3.2397   6.3799  10.0624  14.1966  14.9079  16.2485

          k = 0.0000 0.2887 0.0000 (   681 PWs)   bands (ev):

    -3.6967   4.3221   5.7684   6.5101  10.2984  13.1165  14.5810  17.0309

          k = 0.2500 0.7217 0.1455 (   684 PWs)   bands (ev):

    -1.3965   2.1623   3.2397   6.3799  10.0624  14.1966  14.9079  16.2485

          k = 0.0000 0.2887 0.2909 (   680 PWs)   bands (ev):

    -2.9073   2.3497   4.7869   6.7418  11.5392  13.6809  16.1211  18.0281

          k = 0.2500 0.7217 0.4364 (   674 PWs)   bands (ev):

    -0.5748   2.7987   3.7030   3.7188   7.6358  12.4494  17.2204  18.2374

          k = 0.0000 0.2887-0.2909 (   680 PWs)   bands (ev):

    -2.9073   2.3497   4.7869   6.7418  11.5392  13.6809  16.1211  18.0281

          k = 0.2500 0.7217-0.1455 (   684 PWs)   bands (ev):

    -1.3965   2.1623   3.2397   6.3799  10.0624  14.1966  14.9079  16.2485

          k = 0.0000-0.5774 0.0000 (   676 PWs)   bands (ev):

    -0.8559  -0.1616   5.5309   7.8975  10.7860  11.6276  13.0221  14.8253

          k = 0.2500-0.1443 0.1455 (   677 PWs)   bands (ev):

    -3.4736   4.2713   4.5113   6.5843  12.0431  13.1161  13.7450  18.2343

          k = 0.0000-0.5774 0.2909 (   670 PWs)   bands (ev):

    -0.1967   0.4723   4.9116   5.7426   7.1851  13.0425  17.1668  18.1844

          k = 0.2500-0.1443 0.4364 (   690 PWs)   bands (ev):

    -2.5101   1.4487   4.9711   6.8246  10.9392  13.9994  17.7964  18.2336

          k = 0.0000-0.5774-0.2909 (   670 PWs)   bands (ev):

    -0.1967   0.4723   4.9116   5.7426   7.1851  13.0425  17.1668  18.1844

          k = 0.2500-0.1443-0.1455 (   677 PWs)   bands (ev):

    -3.4736   4.2713   4.5113   6.5843  12.0431  13.1161  13.7450  18.2343

          k = 0.0000-0.2887 0.0000 (   681 PWs)   bands (ev):

    -3.6967   4.3221   5.7684   6.5101  10.2984  13.1165  14.5810  17.0309

          k = 0.2500 0.1443 0.1455 (   677 PWs)   bands (ev):

    -3.4736   4.2713   4.5113   6.5843  12.0431  13.1161  13.7450  18.2343

          k = 0.0000-0.2887 0.2909 (   680 PWs)   bands (ev):

    -2.9073   2.3497   4.7869   6.7418  11.5392  13.6809  16.1211  18.0281

          k = 0.2500 0.1443 0.4364 (   690 PWs)   bands (ev):

    -2.5101   1.4487   4.9711   6.8246  10.9392  13.9994  17.7964  18.2336

          k = 0.0000-0.2887-0.2909 (   680 PWs)   bands (ev):

    -2.9073   2.3497   4.7869   6.7418  11.5392  13.6809  16.1211  18.0281

          k = 0.2500 0.1443-0.1455 (   677 PWs)   bands (ev):

    -3.4736   4.2713   4.5113   6.5843  12.0431  13.1161  13.7450  18.2343

          k = 0.2500 0.1443 0.0000 (   681 PWs)   bands (ev):

    -3.6967   4.3221   5.7684   6.5101  10.2984  13.1165  14.5810  17.0309

          k = 0.5000 0.5774 0.1455 (   684 PWs)   bands (ev):

    -1.3965   2.1623   3.2397   6.3799  10.0624  14.1966  14.9079  16.2485

          k = 0.2500 0.1443 0.2909 (   680 PWs)   bands (ev):

    -2.9073   2.3497   4.7869   6.7418  11.5392  13.6809  16.1211  18.0281

          k = 0.5000 0.5774 0.4364 (   674 PWs)   bands (ev):

    -0.5748   2.7987   3.7030   3.7188   7.6358  12.4494  17.2204  18.2374

          k = 0.2500 0.1443-0.2909 (   680 PWs)   bands (ev):

    -2.9073   2.3497   4.7869   6.7418  11.5392  13.6809  16.1211  18.0281

          k = 0.5000 0.5774-0.1455 (   684 PWs)   bands (ev):

    -1.3965   2.1623   3.2397   6.3799  10.0624  14.1966  14.9079  16.2485

          k = 0.2500 0.4330 0.0000 (   673 PWs)   bands (ev):

    -1.5955   1.9992   3.1104   7.7211  11.4346  12.3899  14.7394  16.0952

          k = 0.5000 0.8660 0.1455 (   662 PWs)   bands (ev):

    -0.6675   0.0267   5.5994   6.6607   9.0584  12.3432  14.8161  16.3850

          k = 0.2500 0.4330 0.2909 (   678 PWs)   bands (ev):

    -0.9037   2.5530   3.5246   4.5533   8.3547  13.1327  16.8169  17.8007

          k = 0.5000 0.8660 0.4364 (   676 PWs)   bands (ev):

     0.1220   0.7477   4.1205   5.8185   6.4053  13.4894  16.5345  16.6638

          k = 0.2500 0.4330-0.2909 (   678 PWs)   bands (ev):

    -0.9037   2.5530   3.5246   4.5533   8.3547  13.1327  16.8169  17.8007

          k = 0.5000 0.8660-0.1455 (   662 PWs)   bands (ev):

    -0.6675   0.0267   5.5994   6.6607   9.0584  12.3432  14.8161  16.3850

          k = 0.2500-0.4330 0.0000 (   673 PWs)   bands (ev):

    -1.5955   1.9992   3.1104   7.7211  11.4346  12.3899  14.7394  16.0952

          k = 0.5000 0.0000 0.1455 (   684 PWs)   bands (ev):

    -1.3965   2.1623   3.2397   6.3799  10.0624  14.1966  14.9079  16.2485

          k = 0.2500-0.4330 0.2909 (   678 PWs)   bands (ev):

    -0.9037   2.5530   3.5246   4.5533   8.3547  13.1327  16.8169  17.8007

          k = 0.5000 0.0000 0.4364 (   674 PWs)   bands (ev):

    -0.5748   2.7987   3.7030   3.7188   7.6358  12.4494  17.2204  18.2374

          k = 0.2500-0.4330-0.2909 (   678 PWs)   bands (ev):

    -0.9037   2.5530   3.5246   4.5533   8.3547  13.1327  16.8169  17.8007

          k = 0.5000 0.0000-0.1455 (   684 PWs)   bands (ev):

    -1.3965   2.1623   3.2397   6.3799  10.0624  14.1966  14.9079  16.2485

          k = 0.2500-0.1443 0.0000 (   681 PWs)   bands (ev):

    -3.6967   4.3221   5.7684   6.5101  10.2984  13.1165  14.5810  17.0309

          k = 0.5000 0.2887 0.1455 (   662 PWs)   bands (ev):

    -0.6675   0.0267   5.5994   6.6607   9.0584  12.3432  14.8161  16.3850

          k = 0.2500-0.1443 0.2909 (   680 PWs)   bands (ev):

    -2.9073   2.3497   4.7869   6.7418  11.5392  13.6809  16.1211  18.0281

          k = 0.5000 0.2887 0.4364 (   676 PWs)   bands (ev):

     0.1220   0.7477   4.1205   5.8185   6.4053  13.4894  16.5345  16.6638

          k = 0.2500-0.1443-0.2909 (   680 PWs)   bands (ev):

    -2.9073   2.3497   4.7869   6.7418  11.5392  13.6809  16.1211  18.0281

          k = 0.5000 0.2887-0.1455 (   662 PWs)   bands (ev):

    -0.6675   0.0267   5.5994   6.6607   9.0584  12.3432  14.8161  16.3850

          k =-0.5000-0.2887 0.0000 (   676 PWs)   bands (ev):

    -0.8559  -0.1616   5.5309   7.8975  10.7860  11.6276  13.0221  14.8253

          k =-0.2500 0.1443 0.1455 (   677 PWs)   bands (ev):

    -3.4736   4.2713   4.5113   6.5843  12.0431  13.1161  13.7450  18.2343

          k =-0.5000-0.2887 0.2909 (   670 PWs)   bands (ev):

    -0.1967   0.4723   4.9116   5.7426   7.1851  13.0425  17.1668  18.1844

          k =-0.2500 0.1443 0.4364 (   690 PWs)   bands (ev):

    -2.5101   1.4487   4.9711   6.8246  10.9392  13.9994  17.7964  18.2336

          k =-0.5000-0.2887-0.2909 (   670 PWs)   bands (ev):

    -0.1967   0.4723   4.9116   5.7426   7.1851  13.0425  17.1668  18.1844

          k =-0.2500 0.1443-0.1455 (   677 PWs)   bands (ev):

    -3.4736   4.2713   4.5113   6.5843  12.0431  13.1161  13.7450  18.2343

          k =-0.5000 0.0000 0.0000 (   673 PWs)   bands (ev):

    -1.5955   1.9992   3.1104   7.7211  11.4346  12.3899  14.7394  16.0952

          k =-0.2500 0.4330 0.1455 (   684 PWs)   bands (ev):

    -1.3965   2.1623   3.2397   6.3799  10.0624  14.1966  14.9079  16.2485

          k =-0.5000 0.0000 0.2909 (   678 PWs)   bands (ev):

    -0.9037   2.5530   3.5246   4.5533   8.3547  13.1327  16.8169  17.8007

          k =-0.2500 0.4330 0.4364 (   674 PWs)   bands (ev):

    -0.5748   2.7987   3.7030   3.7188   7.6358  12.4494  17.2204  18.2374

          k =-0.5000 0.0000-0.2909 (   678 PWs)   bands (ev):

    -0.9037   2.5530   3.5246   4.5533   8.3547  13.1327  16.8169  17.8007

          k =-0.2500 0.4330-0.1455 (   684 PWs)   bands (ev):

    -1.3965   2.1623   3.2397   6.3799  10.0624  14.1966  14.9079  16.2485

          k =-0.5000-0.8660 0.0000 (   676 PWs)   bands (ev):

    -0.8559  -0.1616   5.5309   7.8975  10.7860  11.6276  13.0221  14.8253

          k =-0.2500-0.4330 0.1455 (   684 PWs)   bands (ev):

    -1.3965   2.1623   3.2397   6.3799  10.0624  14.1966  14.9079  16.2485

          k =-0.5000-0.8660 0.2909 (   670 PWs)   bands (ev):

    -0.1967   0.4723   4.9116   5.7426   7.1851  13.0425  17.1668  18.1844

          k =-0.2500-0.4330 0.4364 (   674 PWs)   bands (ev):

    -0.5748   2.7987   3.7030   3.7188   7.6358  12.4494  17.2204  18.2374

          k =-0.5000-0.8660-0.2909 (   670 PWs)   bands (ev):

    -0.1967   0.4723   4.9116   5.7426   7.1851  13.0425  17.1668  18.1844

          k =-0.2500-0.4330-0.1455 (   684 PWs)   bands (ev):

    -1.3965   2.1623   3.2397   6.3799  10.0624  14.1966  14.9079  16.2485

          k =-0.5000-0.5774 0.0000 (   673 PWs)   bands (ev):

    -1.5955   1.9992   3.1104   7.7211  11.4346  12.3899  14.7394  16.0952

          k =-0.2500-0.1443 0.1455 (   677 PWs)   bands (ev):

    -3.4736   4.2713   4.5113   6.5843  12.0431  13.1161  13.7450  18.2343

          k =-0.5000-0.5774 0.2909 (   678 PWs)   bands (ev):

    -0.9037   2.5530   3.5246   4.5533   8.3547  13.1327  16.8169  17.8007

          k =-0.2500-0.1443 0.4364 (   690 PWs)   bands (ev):

    -2.5101   1.4487   4.9711   6.8246  10.9392  13.9994  17.7964  18.2336

          k =-0.5000-0.5774-0.2909 (   678 PWs)   bands (ev):

    -0.9037   2.5530   3.5246   4.5533   8.3547  13.1327  16.8169  17.8007

          k =-0.2500-0.1443-0.1455 (   677 PWs)   bands (ev):

    -3.4736   4.2713   4.5113   6.5843  12.0431  13.1161  13.7450  18.2343

          k =-0.2500-0.1443 0.0000 (   681 PWs)   bands (ev):

    -3.6967   4.3221   5.7684   6.5101  10.2984  13.1165  14.5810  17.0309

          k = 0.0000 0.2887 0.1455 (   677 PWs)   bands (ev):

    -3.4736   4.2713   4.5113   6.5843  12.0431  13.1161  13.7450  18.2343

          k =-0.2500-0.1443 0.2909 (   680 PWs)   bands (ev):

    -2.9073   2.3497   4.7869   6.7418  11.5392  13.6809  16.1211  18.0281

          k = 0.0000 0.2887 0.4364 (   690 PWs)   bands (ev):

    -2.5101   1.4487   4.9711   6.8246  10.9392  13.9994  17.7964  18.2336

          k =-0.2500-0.1443-0.2909 (   680 PWs)   bands (ev):

    -2.9073   2.3497   4.7869   6.7418  11.5392  13.6809  16.1211  18.0281

          k = 0.0000 0.2887-0.1455 (   677 PWs)   bands (ev):

    -3.4736   4.2713   4.5113   6.5843  12.0431  13.1161  13.7450  18.2343

          k =-0.2500 0.1443 0.0000 (   681 PWs)   bands (ev):

    -3.6967   4.3221   5.7684   6.5101  10.2984  13.1165  14.5810  17.0309

          k = 0.0000 0.5774 0.1455 (   662 PWs)   bands (ev):

    -0.6675   0.0267   5.5994   6.6607   9.0584  12.3432  14.8161  16.3850

          k =-0.2500 0.1443 0.2909 (   680 PWs)   bands (ev):

    -2.9073   2.3497   4.7869   6.7418  11.5392  13.6809  16.1211  18.0281

          k = 0.0000 0.5774 0.4364 (   676 PWs)   bands (ev):

     0.1220   0.7477   4.1205   5.8185   6.4053  13.4894  16.5345  16.6638

          k =-0.2500 0.1443-0.2909 (   680 PWs)   bands (ev):

    -2.9073   2.3497   4.7869   6.7418  11.5392  13.6809  16.1211  18.0281

          k = 0.0000 0.5774-0.1455 (   662 PWs)   bands (ev):

    -0.6675   0.0267   5.5994   6.6607   9.0584  12.3432  14.8161  16.3850

          k =-0.2500-0.7217 0.0000 (   673 PWs)   bands (ev):

    -1.5955   1.9992   3.1104   7.7211  11.4346  12.3899  14.7394  16.0952

          k = 0.0000-0.2887 0.1455 (   677 PWs)   bands (ev):

    -3.4736   4.2713   4.5113   6.5843  12.0431  13.1161  13.7450  18.2343

          k =-0.2500-0.7217 0.2909 (   678 PWs)   bands (ev):

    -0.9037   2.5530   3.5246   4.5533   8.3547  13.1327  16.8169  17.8007

          k = 0.0000-0.2887 0.4364 (   690 PWs)   bands (ev):

    -2.5101   1.4487   4.9711   6.8246  10.9392  13.9994  17.7964  18.2336

          k =-0.2500-0.7217-0.2909 (   678 PWs)   bands (ev):

    -0.9037   2.5530   3.5246   4.5533   8.3547  13.1327  16.8169  17.8007

          k = 0.0000-0.2887-0.1455 (   677 PWs)   bands (ev):

    -3.4736   4.2713   4.5113   6.5843  12.0431  13.1161  13.7450  18.2343

          k =-0.2500-0.4330 0.0000 (   673 PWs)   bands (ev):

    -1.5955   1.9992   3.1104   7.7211  11.4346  12.3899  14.7394  16.0952

          k = 0.0000 0.0000 0.1455 (   697 PWs)   bands (ev):

    -4.5497   3.2122   8.1741   8.1741  11.3828  14.1562  14.1562  15.8936

          k =-0.2500-0.4330 0.2909 (   678 PWs)   bands (ev):

    -0.9037   2.5530   3.5246   4.5533   8.3547  13.1327  16.8169  17.8007

          k = 0.0000 0.0000 0.4364 (   684 PWs)   bands (ev):

    -3.4999   0.2155   8.4616   8.4616  14.4076  14.4076  15.7557  17.7397

          k =-0.2500-0.4330-0.2909 (   678 PWs)   bands (ev):

    -0.9037   2.5530   3.5246   4.5533   8.3547  13.1327  16.8169  17.8007

          k = 0.0000 0.0000-0.1455 (   697 PWs)   bands (ev):

    -4.5497   3.2122   8.1741   8.1741  11.3828  14.1562  14.1562  15.8936

     the Fermi energy is     7.7432 ev

     Writing config to output data dir ./_ph0/pwscf.q_7/pwscf.save/ :
     XML data file
 
     [dfpt_tetra]  Dos(E_F)[/Ry] :   0.1053843E+02

     Electron-phonon matrix                                                     

     bravais-lattice index     =            0
     lattice parameter (alat)  =       5.8042  a.u.
     unit-cell volume          =     194.0373 (a.u.)^3
     number of atoms/cell      =            3
     number of atomic types    =            2
     kinetic-energy cut-off    =      35.0000  Ry
     charge density cut-off    =     280.0000  Ry
     convergence threshold     =      1.0E-12
     beta                      =       0.7000
     number of iterations used =            4
     Exchange-correlation= PBE
                           (   1   4   3   4   0   0   0)


     celldm(1)=    5.80420  celldm(2)=    0.00000  celldm(3)=    0.00000
     celldm(4)=    0.00000  celldm(5)=    0.00000  celldm(6)=    0.00000

     crystal axes: (cart. coord. in units of alat)
               a(1) = (  1.0000  0.0000  0.0000 )  
               a(2) = ( -0.5000  0.8660  0.0000 )  
               a(3) = (  0.0000  0.0000  1.1458 )  

     reciprocal axes: (cart. coord. in units 2 pi/alat)
               b(1) = (  1.0000  0.5774  0.0000 )  
               b(2) = (  0.0000  1.1547  0.0000 )  
               b(3) = (  0.0000  0.0000  0.8727 )  


     Atoms inside the unit cell: 

     Cartesian axes

     site n.  atom      mass           positions (alat units)
        1  Mg     24.3050   tau(    1) = (    0.00000    0.00000    0.00000  )
        2  B      10.8110   tau(    2) = (    0.00000    0.57735    0.57292  )
        3  B      10.8110   tau(    3) = (    0.50000    0.28868    0.57292  )

     Computing dynamical matrix for 
                    q = (   0.2500000   0.4330127   0.1454529 )
 
      2 Sym.Ops. (no q -> -q+G )


     G cutoff =  238.9372  (  15395 G-vectors)     FFT grid: ( 32, 32, 36)
     G cutoff =  119.4686  (   5449 G-vectors)  smooth grid: ( 24, 24, 25)
     number of k points=    96

     PseudoPot. # 1 for B  read from file:
     ./B.pbe-n-kjpaw_psl.0.1.upf
     MD5 check sum: b4345a612e0782cca08559f453f3313f
     Pseudo is Projector augmented-wave + core cor, Zval =  3.0
     Generated using "atomic" code by A. Dal Corso  v.5.0.99 svn rev. 10869
     Shape of augmentation charge: BESSEL
     Using radial grid of 1059 points,  4 beta functions with: 
                l(1) =   0
                l(2) =   0
                l(3) =   1
                l(4) =   1
     Q(r) pseudized with 0 coefficients 


     PseudoPot. # 2 for Mg read from file:
     ./Mg.pbe-n-kjpaw_psl.0.3.0.upf
     MD5 check sum: 9eaefceb6cf3903db1b93e4e5c6adf9a
     Pseudo is Projector augmented-wave + core cor, Zval =  2.0
     Generated using "atomic" code by A. Dal Corso  v.5.0.99 svn rev. 10869
     Shape of augmentation charge: PSQ
     Using radial grid of 1129 points,  4 beta functions with: 
                l(1) =   0
                l(2) =   0
                l(3) =   1
                l(4) =   1
     Q(r) pseudized with 0 coefficients 



     Atomic displacements:
     There are    9 irreducible representations

     Representation     1      1 modes -  To be done

     Representation     2      1 modes -  To be done

     Representation     3      1 modes -  To be done

     Representation     4      1 modes -  To be done

     Representation     5      1 modes -  To be done

     Representation     6      1 modes -  To be done

     Representation     7      1 modes -  To be done

     Representation     8      1 modes -  To be done

     Representation     9      1 modes -  To be done


     PHONON       :     14.63s CPU     16.87s WALL

     Reading dVscf from file dv
     Reading dynamics matrix from file matdyn7

     Diagonalizing the dynamical matrix

     q = (    0.250000000   0.433012702   0.145452854 ) 

 **************************************************************************
     freq (    1) =       7.875981 [THz] =     262.714453 [cm-1]
     freq (    2) =       8.070793 [THz] =     269.212687 [cm-1]
     freq (    3) =       9.311384 [THz] =     310.594326 [cm-1]
     freq (    4) =      12.981623 [THz] =     433.020333 [cm-1]
     freq (    5) =      16.956728 [THz] =     565.615548 [cm-1]
     freq (    6) =      17.060503 [THz] =     569.077115 [cm-1]
     freq (    7) =      19.342487 [THz] =     645.195925 [cm-1]
     freq (    8) =      22.739149 [THz] =     758.496375 [cm-1]
     freq (    9) =      23.649234 [THz] =     788.853522 [cm-1]
 **************************************************************************
 [elph_scdft]  write elph.dat with symmetries (only on Fermi surfaces)
 [elph_scdft]   Lowest band which contains FS :  3
 [elph_scdft]  Highest band which contains FS :  5
 [elph_scdft]    # of bands which contains FS :  3

     Calculation of q =    0.2500000   0.4330127  -0.4363586
     Message from routine kpoint_grid:
     ATTENTION: skip check of k-points equivalence
     [opt_tetra]  Optimized tetrahedron method is used.
     Message from routine divide_et_impera:
     suboptimal parallelization: some nodes have no k-points
 
     G-vector sticks info
     --------------------
     sticks:   dense  smooth     PW     G-vecs:    dense   smooth      PW
     Sum         649     313    121                15395     5449    1287
 
     Using Slab Decomposition
 

     Title: 
     Electron-phonon matrix                                                     


     bravais-lattice index     =            0
     lattice parameter (alat)  =       5.8042  a.u.
     unit-cell volume          =     194.0373 (a.u.)^3
     number of atoms/cell      =            3
     number of atomic types    =            2
     number of electrons       =         8.00
     number of Kohn-Sham states=            8
     kinetic-energy cutoff     =      35.0000  Ry
     charge density cutoff     =     280.0000  Ry
     Exchange-correlation= PBE
                           (   1   4   3   4   0   0   0)

     celldm(1)=   5.804205  celldm(2)=   0.000000  celldm(3)=   0.000000
     celldm(4)=   0.000000  celldm(5)=   0.000000  celldm(6)=   0.000000

     crystal axes: (cart. coord. in units of alat)
               a(1) = (   1.000000   0.000000   0.000000 )  
               a(2) = (  -0.500000   0.866025   0.000000 )  
               a(3) = (   0.000000   0.000000   1.145847 )  

     reciprocal axes: (cart. coord. in units 2 pi/alat)
               b(1) = (  1.000000  0.577350  0.000000 )  
               b(2) = (  0.000000  1.154701  0.000000 )  
               b(3) = (  0.000000  0.000000  0.872717 )  


     PseudoPot. # 1 for B  read from file:
     ./B.pbe-n-kjpaw_psl.0.1.upf
     MD5 check sum: b4345a612e0782cca08559f453f3313f
     Pseudo is Projector augmented-wave + core cor, Zval =  3.0
     Generated using "atomic" code by A. Dal Corso  v.5.0.99 svn rev. 10869
     Shape of augmentation charge: BESSEL
     Using radial grid of 1059 points,  4 beta functions with: 
                l(1) =   0
                l(2) =   0
                l(3) =   1
                l(4) =   1
     Q(r) pseudized with 0 coefficients 


     PseudoPot. # 2 for Mg read from file:
     ./Mg.pbe-n-kjpaw_psl.0.3.0.upf
     MD5 check sum: 9eaefceb6cf3903db1b93e4e5c6adf9a
     Pseudo is Projector augmented-wave + core cor, Zval =  2.0
     Generated using "atomic" code by A. Dal Corso  v.5.0.99 svn rev. 10869
     Shape of augmentation charge: PSQ
     Using radial grid of 1129 points,  4 beta functions with: 
                l(1) =   0
                l(2) =   0
                l(3) =   1
                l(4) =   1
     Q(r) pseudized with 0 coefficients 


     atomic species   valence    mass     pseudopotential
     B                 3.00    10.81100     B ( 1.00)
     Mg                2.00    24.30500     Mg( 1.00)

     24 Sym. Ops., with inversion, found



   Cartesian axes

     site n.     atom                  positions (alat units)
         1        Mg     tau(   1) = (   0.0000000   0.0000000   0.0000000  )
         2        B      tau(   2) = (   0.0000000   0.5773503   0.5729233  )
         3        B      tau(   3) = (   0.5000000   0.2886751   0.5729233  )

     number of k points=    96 (tetrahedron method)
                       cart. coord. in units 2pi/alat
        k(    1) = (   0.0000000   0.0000000   0.0000000), wk =   0.0416667
        k(    2) = (   0.2500000   0.4330127  -0.4363586), wk =   0.0000000
        k(    3) = (   0.0000000   0.0000000   0.2909057), wk =   0.0416667
        k(    4) = (   0.2500000   0.4330127  -0.1454529), wk =   0.0000000
        k(    5) = (   0.0000000   0.0000000  -0.2909057), wk =   0.0416667
        k(    6) = (   0.2500000   0.4330127  -0.7272643), wk =   0.0000000
        k(    7) = (   0.0000000   0.2886751   0.0000000), wk =   0.0416667
        k(    8) = (   0.2500000   0.7216878  -0.4363586), wk =   0.0000000
        k(    9) = (   0.0000000   0.2886751   0.2909057), wk =   0.0416667
        k(   10) = (   0.2500000   0.7216878  -0.1454529), wk =   0.0000000
        k(   11) = (   0.0000000   0.2886751  -0.2909057), wk =   0.0416667
        k(   12) = (   0.2500000   0.7216878  -0.7272643), wk =   0.0000000
        k(   13) = (   0.0000000  -0.5773503   0.0000000), wk =   0.0416667
        k(   14) = (   0.2500000  -0.1443376  -0.4363586), wk =   0.0000000
        k(   15) = (   0.0000000  -0.5773503   0.2909057), wk =   0.0416667
        k(   16) = (   0.2500000  -0.1443376  -0.1454529), wk =   0.0000000
        k(   17) = (   0.0000000  -0.5773503  -0.2909057), wk =   0.0416667
        k(   18) = (   0.2500000  -0.1443376  -0.7272643), wk =   0.0000000
        k(   19) = (   0.0000000  -0.2886751   0.0000000), wk =   0.0416667
        k(   20) = (   0.2500000   0.1443376  -0.4363586), wk =   0.0000000
        k(   21) = (   0.0000000  -0.2886751   0.2909057), wk =   0.0416667
        k(   22) = (   0.2500000   0.1443376  -0.1454529), wk =   0.0000000
        k(   23) = (   0.0000000  -0.2886751  -0.2909057), wk =   0.0416667
        k(   24) = (   0.2500000   0.1443376  -0.7272643), wk =   0.0000000
        k(   25) = (   0.2500000   0.1443376   0.0000000), wk =   0.0416667
        k(   26) = (   0.5000000   0.5773503  -0.4363586), wk =   0.0000000
        k(   27) = (   0.2500000   0.1443376   0.2909057), wk =   0.0416667
        k(   28) = (   0.5000000   0.5773503  -0.1454529), wk =   0.0000000
        k(   29) = (   0.2500000   0.1443376  -0.2909057), wk =   0.0416667
        k(   30) = (   0.5000000   0.5773503  -0.7272643), wk =   0.0000000
        k(   31) = (   0.2500000   0.4330127   0.0000000), wk =   0.0416667
        k(   32) = (   0.5000000   0.8660254  -0.4363586), wk =   0.0000000
        k(   33) = (   0.2500000   0.4330127   0.2909057), wk =   0.0416667
        k(   34) = (   0.5000000   0.8660254  -0.1454529), wk =   0.0000000
        k(   35) = (   0.2500000   0.4330127  -0.2909057), wk =   0.0416667
        k(   36) = (   0.5000000   0.8660254  -0.7272643), wk =   0.0000000
        k(   37) = (   0.2500000  -0.4330127   0.0000000), wk =   0.0416667
        k(   38) = (   0.5000000   0.0000000  -0.4363586), wk =   0.0000000
        k(   39) = (   0.2500000  -0.4330127   0.2909057), wk =   0.0416667
        k(   40) = (   0.5000000   0.0000000  -0.1454529), wk =   0.0000000
        k(   41) = (   0.2500000  -0.4330127  -0.2909057), wk =   0.0416667
        k(   42) = (   0.5000000   0.0000000  -0.7272643), wk =   0.0000000
        k(   43) = (   0.2500000  -0.1443376   0.0000000), wk =   0.0416667
        k(   44) = (   0.5000000   0.2886751  -0.4363586), wk =   0.0000000
        k(   45) = (   0.2500000  -0.1443376   0.2909057), wk =   0.0416667
        k(   46) = (   0.5000000   0.2886751  -0.1454529), wk =   0.0000000
        k(   47) = (   0.2500000  -0.1443376  -0.2909057), wk =   0.0416667
        k(   48) = (   0.5000000   0.2886751  -0.7272643), wk =   0.0000000
        k(   49) = (  -0.5000000  -0.2886751   0.0000000), wk =   0.0416667
        k(   50) = (  -0.2500000   0.1443376  -0.4363586), wk =   0.0000000
        k(   51) = (  -0.5000000  -0.2886751   0.2909057), wk =   0.0416667
        k(   52) = (  -0.2500000   0.1443376  -0.1454529), wk =   0.0000000
        k(   53) = (  -0.5000000  -0.2886751  -0.2909057), wk =   0.0416667
        k(   54) = (  -0.2500000   0.1443376  -0.7272643), wk =   0.0000000
        k(   55) = (  -0.5000000   0.0000000   0.0000000), wk =   0.0416667
        k(   56) = (  -0.2500000   0.4330127  -0.4363586), wk =   0.0000000
        k(   57) = (  -0.5000000   0.0000000   0.2909057), wk =   0.0416667
        k(   58) = (  -0.2500000   0.4330127  -0.1454529), wk =   0.0000000
        k(   59) = (  -0.5000000   0.0000000  -0.2909057), wk =   0.0416667
        k(   60) = (  -0.2500000   0.4330127  -0.7272643), wk =   0.0000000
        k(   61) = (  -0.5000000  -0.8660254   0.0000000), wk =   0.0416667
        k(   62) = (  -0.2500000  -0.4330127  -0.4363586), wk =   0.0000000
        k(   63) = (  -0.5000000  -0.8660254   0.2909057), wk =   0.0416667
        k(   64) = (  -0.2500000  -0.4330127  -0.1454529), wk =   0.0000000
        k(   65) = (  -0.5000000  -0.8660254  -0.2909057), wk =   0.0416667
        k(   66) = (  -0.2500000  -0.4330127  -0.7272643), wk =   0.0000000
        k(   67) = (  -0.5000000  -0.5773503   0.0000000), wk =   0.0416667
        k(   68) = (  -0.2500000  -0.1443376  -0.4363586), wk =   0.0000000
        k(   69) = (  -0.5000000  -0.5773503   0.2909057), wk =   0.0416667
        k(   70) = (  -0.2500000  -0.1443376  -0.1454529), wk =   0.0000000
        k(   71) = (  -0.5000000  -0.5773503  -0.2909057), wk =   0.0416667
        k(   72) = (  -0.2500000  -0.1443376  -0.7272643), wk =   0.0000000
        k(   73) = (  -0.2500000  -0.1443376   0.0000000), wk =   0.0416667
        k(   74) = (   0.0000000   0.2886751  -0.4363586), wk =   0.0000000
        k(   75) = (  -0.2500000  -0.1443376   0.2909057), wk =   0.0416667
        k(   76) = (   0.0000000   0.2886751  -0.1454529), wk =   0.0000000
        k(   77) = (  -0.2500000  -0.1443376  -0.2909057), wk =   0.0416667
        k(   78) = (   0.0000000   0.2886751  -0.7272643), wk =   0.0000000
        k(   79) = (  -0.2500000   0.1443376   0.0000000), wk =   0.0416667
        k(   80) = (   0.0000000   0.5773503  -0.4363586), wk =   0.0000000
        k(   81) = (  -0.2500000   0.1443376   0.2909057), wk =   0.0416667
        k(   82) = (   0.0000000   0.5773503  -0.1454529), wk =   0.0000000
        k(   83) = (  -0.2500000   0.1443376  -0.2909057), wk =   0.0416667
        k(   84) = (   0.0000000   0.5773503  -0.7272643), wk =   0.0000000
        k(   85) = (  -0.2500000  -0.7216878   0.0000000), wk =   0.0416667
        k(   86) = (   0.0000000  -0.2886751  -0.4363586), wk =   0.0000000
        k(   87) = (  -0.2500000  -0.7216878   0.2909057), wk =   0.0416667
        k(   88) = (   0.0000000  -0.2886751  -0.1454529), wk =   0.0000000
        k(   89) = (  -0.2500000  -0.7216878  -0.2909057), wk =   0.0416667
        k(   90) = (   0.0000000  -0.2886751  -0.7272643), wk =   0.0000000
        k(   91) = (  -0.2500000  -0.4330127   0.0000000), wk =   0.0416667
        k(   92) = (   0.0000000   0.0000000  -0.4363586), wk =   0.0000000
        k(   93) = (  -0.2500000  -0.4330127   0.2909057), wk =   0.0416667
        k(   94) = (   0.0000000   0.0000000  -0.1454529), wk =   0.0000000
        k(   95) = (  -0.2500000  -0.4330127  -0.2909057), wk =   0.0416667
        k(   96) = (   0.0000000   0.0000000  -0.7272643), wk =   0.0000000

     Dense  grid:    15395 G-vectors     FFT dimensions: (  32,  32,  36)

     Smooth grid:     5449 G-vectors     FFT dimensions: (  24,  24,  25)

     Estimated max dynamical RAM per process >       7.24 MB

     Estimated total dynamical RAM >       4.07 GB

     Check: negative core charge=   -0.000006

     The potential is recalculated from file :
     ./_ph0/pwscf.q_8/pwscf.save/charge-density

     Starting wfcs are   12 atomic wfcs
     Checking if some PAW data can be deallocated... 

     Band Structure Calculation
     Davidson diagonalization with overlap

     ethr =  1.25E-10,  avg # of iterations = 19.3

     total cpu time spent up to now is        5.6 secs

     End of band structure calculation

          k = 0.0000 0.0000 0.0000 (   709 PWs)   bands (ev):

    -4.7856   4.7169   8.0859   8.0859   9.3182  14.0810  14.0810  15.9413

          k = 0.2500 0.4330-0.4364 (   674 PWs)   bands (ev):

    -0.5748   2.7987   3.7030   3.7188   7.6358  12.4494  17.2204  18.2374

          k = 0.0000 0.0000 0.2909 (   690 PWs)   bands (ev):

    -3.9413   1.1725   8.3605   8.3605  14.3197  14.3197  15.0532  15.8003

          k = 0.2500 0.4330-0.1455 (   684 PWs)   bands (ev):

    -1.3965   2.1623   3.2397   6.3799  10.0624  14.1966  14.9079  16.2485

          k = 0.0000 0.0000-0.2909 (   690 PWs)   bands (ev):

    -3.9413   1.1725   8.3605   8.3605  14.3197  14.3197  15.0532  15.8003

          k = 0.2500 0.4330-0.7273 (   684 PWs)   bands (ev):

    -1.3965   2.1623   3.2397   6.3799  10.0624  14.1966  14.9079  16.2485

          k = 0.0000 0.2887 0.0000 (   681 PWs)   bands (ev):

    -3.6967   4.3221   5.7684   6.5101  10.2984  13.1165  14.5810  17.0309

          k = 0.2500 0.7217-0.4364 (   674 PWs)   bands (ev):

    -0.5748   2.7987   3.7030   3.7188   7.6358  12.4494  17.2204  18.2374

          k = 0.0000 0.2887 0.2909 (   680 PWs)   bands (ev):

    -2.9073   2.3497   4.7869   6.7418  11.5392  13.6809  16.1211  18.0281

          k = 0.2500 0.7217-0.1455 (   684 PWs)   bands (ev):

    -1.3965   2.1623   3.2397   6.3799  10.0624  14.1966  14.9079  16.2485

          k = 0.0000 0.2887-0.2909 (   680 PWs)   bands (ev):

    -2.9073   2.3497   4.7869   6.7418  11.5392  13.6809  16.1211  18.0281

          k = 0.2500 0.7217-0.7273 (   684 PWs)   bands (ev):

    -1.3965   2.1623   3.2397   6.3799  10.0624  14.1966  14.9079  16.2485

          k = 0.0000-0.5774 0.0000 (   676 PWs)   bands (ev):

    -0.8559  -0.1616   5.5309   7.8975  10.7860  11.6276  13.0221  14.8253

          k = 0.2500-0.1443-0.4364 (   690 PWs)   bands (ev):

    -2.5101   1.4487   4.9711   6.8246  10.9392  13.9994  17.7964  18.2336

          k = 0.0000-0.5774 0.2909 (   670 PWs)   bands (ev):

    -0.1967   0.4723   4.9116   5.7426   7.1851  13.0425  17.1668  18.1844

          k = 0.2500-0.1443-0.1455 (   677 PWs)   bands (ev):

    -3.4736   4.2713   4.5113   6.5843  12.0431  13.1161  13.7450  18.2343

          k = 0.0000-0.5774-0.2909 (   670 PWs)   bands (ev):

    -0.1967   0.4723   4.9116   5.7426   7.1851  13.0425  17.1668  18.1844

          k = 0.2500-0.1443-0.7273 (   677 PWs)   bands (ev):

    -3.4736   4.2713   4.5113   6.5843  12.0431  13.1161  13.7450  18.2343

          k = 0.0000-0.2887 0.0000 (   681 PWs)   bands (ev):

    -3.6967   4.3221   5.7684   6.5101  10.2984  13.1165  14.5810  17.0309

          k = 0.2500 0.1443-0.4364 (   690 PWs)   bands (ev):

    -2.5101   1.4487   4.9711   6.8246  10.9392  13.9994  17.7964  18.2336

          k = 0.0000-0.2887 0.2909 (   680 PWs)   bands (ev):

    -2.9073   2.3497   4.7869   6.7418  11.5392  13.6809  16.1211  18.0281

          k = 0.2500 0.1443-0.1455 (   677 PWs)   bands (ev):

    -3.4736   4.2713   4.5113   6.5843  12.0431  13.1161  13.7450  18.2343

          k = 0.0000-0.2887-0.2909 (   680 PWs)   bands (ev):

    -2.9073   2.3497   4.7869   6.7418  11.5392  13.6809  16.1211  18.0281

          k = 0.2500 0.1443-0.7273 (   677 PWs)   bands (ev):

    -3.4736   4.2713   4.5113   6.5843  12.0431  13.1161  13.7450  18.2343

          k = 0.2500 0.1443 0.0000 (   681 PWs)   bands (ev):

    -3.6967   4.3221   5.7684   6.5101  10.2984  13.1165  14.5810  17.0309

          k = 0.5000 0.5774-0.4364 (   674 PWs)   bands (ev):

    -0.5748   2.7987   3.7030   3.7188   7.6358  12.4494  17.2204  18.2374

          k = 0.2500 0.1443 0.2909 (   680 PWs)   bands (ev):

    -2.9073   2.3497   4.7869   6.7418  11.5392  13.6809  16.1211  18.0281

          k = 0.5000 0.5774-0.1455 (   684 PWs)   bands (ev):

    -1.3965   2.1623   3.2397   6.3799  10.0624  14.1966  14.9079  16.2485

          k = 0.2500 0.1443-0.2909 (   680 PWs)   bands (ev):

    -2.9073   2.3497   4.7869   6.7418  11.5392  13.6809  16.1211  18.0281

          k = 0.5000 0.5774-0.7273 (   684 PWs)   bands (ev):

    -1.3965   2.1623   3.2397   6.3799  10.0624  14.1966  14.9079  16.2485

          k = 0.2500 0.4330 0.0000 (   673 PWs)   bands (ev):

    -1.5955   1.9992   3.1104   7.7211  11.4346  12.3899  14.7394  16.0952

          k = 0.5000 0.8660-0.4364 (   676 PWs)   bands (ev):

     0.1220   0.7477   4.1205   5.8185   6.4053  13.4894  16.5345  16.6638

          k = 0.2500 0.4330 0.2909 (   678 PWs)   bands (ev):

    -0.9037   2.5530   3.5246   4.5533   8.3547  13.1327  16.8169  17.8007

          k = 0.5000 0.8660-0.1455 (   662 PWs)   bands (ev):

    -0.6675   0.0267   5.5994   6.6607   9.0584  12.3432  14.8161  16.3850

          k = 0.2500 0.4330-0.2909 (   678 PWs)   bands (ev):

    -0.9037   2.5530   3.5246   4.5533   8.3547  13.1327  16.8169  17.8007

          k = 0.5000 0.8660-0.7273 (   662 PWs)   bands (ev):

    -0.6675   0.0267   5.5994   6.6607   9.0584  12.3432  14.8161  16.3850

          k = 0.2500-0.4330 0.0000 (   673 PWs)   bands (ev):

    -1.5955   1.9992   3.1104   7.7211  11.4346  12.3899  14.7394  16.0952

          k = 0.5000 0.0000-0.4364 (   674 PWs)   bands (ev):

    -0.5748   2.7987   3.7030   3.7188   7.6358  12.4494  17.2204  18.2374

          k = 0.2500-0.4330 0.2909 (   678 PWs)   bands (ev):

    -0.9037   2.5530   3.5246   4.5533   8.3547  13.1327  16.8169  17.8007

          k = 0.5000 0.0000-0.1455 (   684 PWs)   bands (ev):

    -1.3965   2.1623   3.2397   6.3799  10.0624  14.1966  14.9079  16.2485

          k = 0.2500-0.4330-0.2909 (   678 PWs)   bands (ev):

    -0.9037   2.5530   3.5246   4.5533   8.3547  13.1327  16.8169  17.8007

          k = 0.5000 0.0000-0.7273 (   684 PWs)   bands (ev):

    -1.3965   2.1623   3.2397   6.3799  10.0624  14.1966  14.9079  16.2485

          k = 0.2500-0.1443 0.0000 (   681 PWs)   bands (ev):

    -3.6967   4.3221   5.7684   6.5101  10.2984  13.1165  14.5810  17.0309

          k = 0.5000 0.2887-0.4364 (   676 PWs)   bands (ev):

     0.1220   0.7477   4.1205   5.8185   6.4053  13.4894  16.5345  16.6638

          k = 0.2500-0.1443 0.2909 (   680 PWs)   bands (ev):

    -2.9073   2.3497   4.7869   6.7418  11.5392  13.6809  16.1211  18.0281

          k = 0.5000 0.2887-0.1455 (   662 PWs)   bands (ev):

    -0.6675   0.0267   5.5994   6.6607   9.0584  12.3432  14.8161  16.3850

          k = 0.2500-0.1443-0.2909 (   680 PWs)   bands (ev):

    -2.9073   2.3497   4.7869   6.7418  11.5392  13.6809  16.1211  18.0281

          k = 0.5000 0.2887-0.7273 (   662 PWs)   bands (ev):

    -0.6675   0.0267   5.5994   6.6607   9.0584  12.3432  14.8161  16.3850

          k =-0.5000-0.2887 0.0000 (   676 PWs)   bands (ev):

    -0.8559  -0.1616   5.5309   7.8975  10.7860  11.6276  13.0221  14.8253

          k =-0.2500 0.1443-0.4364 (   690 PWs)   bands (ev):

    -2.5101   1.4487   4.9711   6.8246  10.9392  13.9994  17.7964  18.2336

          k =-0.5000-0.2887 0.2909 (   670 PWs)   bands (ev):

    -0.1967   0.4723   4.9116   5.7426   7.1851  13.0425  17.1668  18.1844

          k =-0.2500 0.1443-0.1455 (   677 PWs)   bands (ev):

    -3.4736   4.2713   4.5113   6.5843  12.0431  13.1161  13.7450  18.2343

          k =-0.5000-0.2887-0.2909 (   670 PWs)   bands (ev):

    -0.1967   0.4723   4.9116   5.7426   7.1851  13.0425  17.1668  18.1844

          k =-0.2500 0.1443-0.7273 (   677 PWs)   bands (ev):

    -3.4736   4.2713   4.5113   6.5843  12.0431  13.1161  13.7450  18.2343

          k =-0.5000 0.0000 0.0000 (   673 PWs)   bands (ev):

    -1.5955   1.9992   3.1104   7.7211  11.4346  12.3899  14.7394  16.0952

          k =-0.2500 0.4330-0.4364 (   674 PWs)   bands (ev):

    -0.5748   2.7987   3.7030   3.7188   7.6358  12.4494  17.2204  18.2374

          k =-0.5000 0.0000 0.2909 (   678 PWs)   bands (ev):

    -0.9037   2.5530   3.5246   4.5533   8.3547  13.1327  16.8169  17.8007

          k =-0.2500 0.4330-0.1455 (   684 PWs)   bands (ev):

    -1.3965   2.1623   3.2397   6.3799  10.0624  14.1966  14.9079  16.2485

          k =-0.5000 0.0000-0.2909 (   678 PWs)   bands (ev):

    -0.9037   2.5530   3.5246   4.5533   8.3547  13.1327  16.8169  17.8007

          k =-0.2500 0.4330-0.7273 (   684 PWs)   bands (ev):

    -1.3965   2.1623   3.2397   6.3799  10.0624  14.1966  14.9079  16.2485

          k =-0.5000-0.8660 0.0000 (   676 PWs)   bands (ev):

    -0.8559  -0.1616   5.5309   7.8975  10.7860  11.6276  13.0221  14.8253

          k =-0.2500-0.4330-0.4364 (   674 PWs)   bands (ev):

    -0.5748   2.7987   3.7030   3.7188   7.6358  12.4494  17.2204  18.2374

          k =-0.5000-0.8660 0.2909 (   670 PWs)   bands (ev):

    -0.1967   0.4723   4.9116   5.7426   7.1851  13.0425  17.1668  18.1844

          k =-0.2500-0.4330-0.1455 (   684 PWs)   bands (ev):

    -1.3965   2.1623   3.2397   6.3799  10.0624  14.1966  14.9079  16.2485

          k =-0.5000-0.8660-0.2909 (   670 PWs)   bands (ev):

    -0.1967   0.4723   4.9116   5.7426   7.1851  13.0425  17.1668  18.1844

          k =-0.2500-0.4330-0.7273 (   684 PWs)   bands (ev):

    -1.3965   2.1623   3.2397   6.3799  10.0624  14.1966  14.9079  16.2485

          k =-0.5000-0.5774 0.0000 (   673 PWs)   bands (ev):

    -1.5955   1.9992   3.1104   7.7211  11.4346  12.3899  14.7394  16.0952

          k =-0.2500-0.1443-0.4364 (   690 PWs)   bands (ev):

    -2.5101   1.4487   4.9711   6.8246  10.9392  13.9994  17.7964  18.2336

          k =-0.5000-0.5774 0.2909 (   678 PWs)   bands (ev):

    -0.9037   2.5530   3.5246   4.5533   8.3547  13.1327  16.8169  17.8007

          k =-0.2500-0.1443-0.1455 (   677 PWs)   bands (ev):

    -3.4736   4.2713   4.5113   6.5843  12.0431  13.1161  13.7450  18.2343

          k =-0.5000-0.5774-0.2909 (   678 PWs)   bands (ev):

    -0.9037   2.5530   3.5246   4.5533   8.3547  13.1327  16.8169  17.8007

          k =-0.2500-0.1443-0.7273 (   677 PWs)   bands (ev):

    -3.4736   4.2713   4.5113   6.5843  12.0431  13.1161  13.7450  18.2343

          k =-0.2500-0.1443 0.0000 (   681 PWs)   bands (ev):

    -3.6967   4.3221   5.7684   6.5101  10.2984  13.1165  14.5810  17.0309

          k = 0.0000 0.2887-0.4364 (   690 PWs)   bands (ev):

    -2.5101   1.4487   4.9711   6.8246  10.9392  13.9994  17.7964  18.2336

          k =-0.2500-0.1443 0.2909 (   680 PWs)   bands (ev):

    -2.9073   2.3497   4.7869   6.7418  11.5392  13.6809  16.1211  18.0281

          k = 0.0000 0.2887-0.1455 (   677 PWs)   bands (ev):

    -3.4736   4.2713   4.5113   6.5843  12.0431  13.1161  13.7450  18.2343

          k =-0.2500-0.1443-0.2909 (   680 PWs)   bands (ev):

    -2.9073   2.3497   4.7869   6.7418  11.5392  13.6809  16.1211  18.0281

          k = 0.0000 0.2887-0.7273 (   677 PWs)   bands (ev):

    -3.4736   4.2713   4.5113   6.5843  12.0431  13.1161  13.7450  18.2343

          k =-0.2500 0.1443 0.0000 (   681 PWs)   bands (ev):

    -3.6967   4.3221   5.7684   6.5101  10.2984  13.1165  14.5810  17.0309

          k = 0.0000 0.5774-0.4364 (   676 PWs)   bands (ev):

     0.1220   0.7477   4.1205   5.8185   6.4053  13.4894  16.5345  16.6638

          k =-0.2500 0.1443 0.2909 (   680 PWs)   bands (ev):

    -2.9073   2.3497   4.7869   6.7418  11.5392  13.6809  16.1211  18.0281

          k = 0.0000 0.5774-0.1455 (   662 PWs)   bands (ev):

    -0.6675   0.0267   5.5994   6.6607   9.0584  12.3432  14.8161  16.3850

          k =-0.2500 0.1443-0.2909 (   680 PWs)   bands (ev):

    -2.9073   2.3497   4.7869   6.7418  11.5392  13.6809  16.1211  18.0281

          k = 0.0000 0.5774-0.7273 (   662 PWs)   bands (ev):

    -0.6675   0.0267   5.5994   6.6607   9.0584  12.3432  14.8161  16.3850

          k =-0.2500-0.7217 0.0000 (   673 PWs)   bands (ev):

    -1.5955   1.9992   3.1104   7.7211  11.4346  12.3899  14.7394  16.0952

          k = 0.0000-0.2887-0.4364 (   690 PWs)   bands (ev):

    -2.5101   1.4487   4.9711   6.8246  10.9392  13.9994  17.7964  18.2336

          k =-0.2500-0.7217 0.2909 (   678 PWs)   bands (ev):

    -0.9037   2.5530   3.5246   4.5533   8.3547  13.1327  16.8169  17.8007

          k = 0.0000-0.2887-0.1455 (   677 PWs)   bands (ev):

    -3.4736   4.2713   4.5113   6.5843  12.0431  13.1161  13.7450  18.2343

          k =-0.2500-0.7217-0.2909 (   678 PWs)   bands (ev):

    -0.9037   2.5530   3.5246   4.5533   8.3547  13.1327  16.8169  17.8007

          k = 0.0000-0.2887-0.7273 (   677 PWs)   bands (ev):

    -3.4736   4.2713   4.5113   6.5843  12.0431  13.1161  13.7450  18.2343

          k =-0.2500-0.4330 0.0000 (   673 PWs)   bands (ev):

    -1.5955   1.9992   3.1104   7.7211  11.4346  12.3899  14.7394  16.0952

          k = 0.0000 0.0000-0.4364 (   684 PWs)   bands (ev):

    -3.4999   0.2155   8.4616   8.4616  14.4076  14.4076  15.7557  17.7397

          k =-0.2500-0.4330 0.2909 (   678 PWs)   bands (ev):

    -0.9037   2.5530   3.5246   4.5533   8.3547  13.1327  16.8169  17.8007

          k = 0.0000 0.0000-0.1455 (   697 PWs)   bands (ev):

    -4.5497   3.2122   8.1741   8.1741  11.3828  14.1562  14.1562  15.8936

          k =-0.2500-0.4330-0.2909 (   678 PWs)   bands (ev):

    -0.9037   2.5530   3.5246   4.5533   8.3547  13.1327  16.8169  17.8007

          k = 0.0000 0.0000-0.7273 (   697 PWs)   bands (ev):

    -4.5497   3.2122   8.1741   8.1741  11.3828  14.1562  14.1562  15.8936

     the Fermi energy is     7.7432 ev

     Writing config to output data dir ./_ph0/pwscf.q_8/pwscf.save/ :
     XML data file
 
     [dfpt_tetra]  Dos(E_F)[/Ry] :   0.1053843E+02

     Electron-phonon matrix                                                     

     bravais-lattice index     =            0
     lattice parameter (alat)  =       5.8042  a.u.
     unit-cell volume          =     194.0373 (a.u.)^3
     number of atoms/cell      =            3
     number of atomic types    =            2
     kinetic-energy cut-off    =      35.0000  Ry
     charge density cut-off    =     280.0000  Ry
     convergence threshold     =      1.0E-12
     beta                      =       0.7000
     number of iterations used =            4
     Exchange-correlation= PBE
                           (   1   4   3   4   0   0   0)


     celldm(1)=    5.80420  celldm(2)=    0.00000  celldm(3)=    0.00000
     celldm(4)=    0.00000  celldm(5)=    0.00000  celldm(6)=    0.00000

     crystal axes: (cart. coord. in units of alat)
               a(1) = (  1.0000  0.0000  0.0000 )  
               a(2) = ( -0.5000  0.8660  0.0000 )  
               a(3) = (  0.0000  0.0000  1.1458 )  

     reciprocal axes: (cart. coord. in units 2 pi/alat)
               b(1) = (  1.0000  0.5774  0.0000 )  
               b(2) = (  0.0000  1.1547  0.0000 )  
               b(3) = (  0.0000  0.0000  0.8727 )  


     Atoms inside the unit cell: 

     Cartesian axes

     site n.  atom      mass           positions (alat units)
        1  Mg     24.3050   tau(    1) = (    0.00000    0.00000    0.00000  )
        2  B      10.8110   tau(    2) = (    0.00000    0.57735    0.57292  )
        3  B      10.8110   tau(    3) = (    0.50000    0.28868    0.57292  )

     Computing dynamical matrix for 
                    q = (   0.2500000   0.4330127  -0.4363586 )
 
      4 Sym.Ops. (no q -> -q+G )


     G cutoff =  238.9372  (  15395 G-vectors)     FFT grid: ( 32, 32, 36)
     G cutoff =  119.4686  (   5449 G-vectors)  smooth grid: ( 24, 24, 25)
     number of k points=    96

     PseudoPot. # 1 for B  read from file:
     ./B.pbe-n-kjpaw_psl.0.1.upf
     MD5 check sum: b4345a612e0782cca08559f453f3313f
     Pseudo is Projector augmented-wave + core cor, Zval =  3.0
     Generated using "atomic" code by A. Dal Corso  v.5.0.99 svn rev. 10869
     Shape of augmentation charge: BESSEL
     Using radial grid of 1059 points,  4 beta functions with: 
                l(1) =   0
                l(2) =   0
                l(3) =   1
                l(4) =   1
     Q(r) pseudized with 0 coefficients 


     PseudoPot. # 2 for Mg read from file:
     ./Mg.pbe-n-kjpaw_psl.0.3.0.upf
     MD5 check sum: 9eaefceb6cf3903db1b93e4e5c6adf9a
     Pseudo is Projector augmented-wave + core cor, Zval =  2.0
     Generated using "atomic" code by A. Dal Corso  v.5.0.99 svn rev. 10869
     Shape of augmentation charge: PSQ
     Using radial grid of 1129 points,  4 beta functions with: 
                l(1) =   0
                l(2) =   0
                l(3) =   1
                l(4) =   1
     Q(r) pseudized with 0 coefficients 



     Atomic displacements:
     There are    9 irreducible representations

     Representation     1      1 modes -  To be done

     Representation     2      1 modes -  To be done

     Representation     3      1 modes -  To be done

     Representation     4      1 modes -  To be done

     Representation     5      1 modes -  To be done

     Representation     6      1 modes -  To be done

     Representation     7      1 modes -  To be done

     Representation     8      1 modes -  To be done

     Representation     9      1 modes -  To be done


     PHONON       :     16.45s CPU     19.01s WALL

     Reading dVscf from file dv
     Reading dynamics matrix from file matdyn8

     Diagonalizing the dynamical matrix

     q = (    0.250000000   0.433012702  -0.436358562 ) 

 **************************************************************************
     freq (    1) =       8.190988 [THz] =     273.221949 [cm-1]
     freq (    2) =       8.360844 [THz] =     278.887745 [cm-1]
     freq (    3) =       8.958723 [THz] =     298.830844 [cm-1]
     freq (    4) =      14.173237 [THz] =     472.768312 [cm-1]
     freq (    5) =      16.977459 [THz] =     566.307063 [cm-1]
     freq (    6) =      17.003287 [THz] =     567.168618 [cm-1]
     freq (    7) =      19.424983 [THz] =     647.947702 [cm-1]
     freq (    8) =      21.976842 [THz] =     733.068551 [cm-1]
     freq (    9) =      23.795585 [THz] =     793.735284 [cm-1]
 **************************************************************************
 [elph_scdft]  write elph.dat with symmetries (only on Fermi surfaces)
 [elph_scdft]   Lowest band which contains FS :  3
 [elph_scdft]  Highest band which contains FS :  5
 [elph_scdft]    # of bands which contains FS :  3
 
     init_run     :      2.05s CPU      2.37s WALL (       8 calls)
     electrons    :      2.62s CPU      2.67s WALL (       8 calls)

     Called by init_run:
     wfcinit      :      0.00s CPU      0.19s WALL (       8 calls)
     potinit      :      1.02s CPU      1.14s WALL (       8 calls)
     hinit0       :      0.71s CPU      0.71s WALL (       8 calls)

     Called by electrons:
     c_bands      :      2.49s CPU      2.54s WALL (       8 calls)
     v_of_rho     :      0.43s CPU      0.44s WALL (       9 calls)
     newd         :      0.02s CPU      0.02s WALL (       9 calls)
     PAW_pot      :      0.55s CPU      0.56s WALL (       9 calls)

     Called by c_bands:
     init_us_2    :      0.03s CPU      0.03s WALL (     106 calls)
     cegterg      :      1.34s CPU      1.38s WALL (      17 calls)

     Called by *egterg:
     cdiaghg      :      0.17s CPU      0.17s WALL (     239 calls)
     h_psi        :      1.21s CPU      1.24s WALL (     256 calls)
     s_psi        :      0.01s CPU      0.01s WALL (     256 calls)
     g_psi        :      0.00s CPU      0.01s WALL (     223 calls)

     Called by h_psi:
     h_psi:calbec :      0.06s CPU      0.06s WALL (     256 calls)
     vloc_psi     :      1.13s CPU      1.16s WALL (     256 calls)
     add_vuspsi   :      0.01s CPU      0.01s WALL (     256 calls)

     General routines
     calbec       :      0.09s CPU      0.09s WALL (     392 calls)
     fft          :      0.69s CPU      0.71s WALL (     452 calls)
     ffts         :      0.19s CPU      0.19s WALL (     304 calls)
     fftw         :      1.68s CPU      1.73s WALL (    5674 calls)
     interpolate  :      0.35s CPU      0.35s WALL (     160 calls)
     davcio       :      0.03s CPU      0.06s WALL (     265 calls)
 
     Parallel routines
 
     PHONON       :     17.06s CPU     19.70s WALL

     INITIALIZATION: 
     phq_setup    :      1.35s CPU      1.40s WALL (       8 calls)
     phq_init     :      4.26s CPU      4.29s WALL (       8 calls)
 
     phq_init     :      4.26s CPU      4.29s WALL (       8 calls)
     set_drhoc    :      0.11s CPU      0.11s WALL (       8 calls)
     init_vloc    :      0.21s CPU      0.21s WALL (       9 calls)
     init_us_1    :      0.38s CPU      0.38s WALL (       9 calls)
     init_us_2    :      0.03s CPU      0.03s WALL (     106 calls)
     newd         :      0.02s CPU      0.02s WALL (       9 calls)
     dvanqq       :      4.74s CPU      4.74s WALL (      16 calls)
     drho         :      1.53s CPU      1.56s WALL (       8 calls)
     drhous       :      0.24s CPU      0.25s WALL (       8 calls)
     nldyntot     :      0.01s CPU      0.01s WALL (       8 calls)
     newdq        :      1.08s CPU      1.08s WALL (      66 calls)
     adddvscf     :      0.01s CPU      0.01s WALL (      72 calls)
     com_dvloc    :      0.10s CPU      0.10s WALL (     144 calls)
 
     dvqpsi_us    :      0.48s CPU      0.48s WALL (      72 calls)
     dvqpsi_us_on :      0.05s CPU      0.05s WALL (      72 calls)
 
     add_vuspsi   :      0.01s CPU      0.01s WALL (     256 calls)
     addusdbec    :      0.02s CPU      0.02s WALL (      72 calls)
 
 
      Electron-phonon coupling
     elphon       :      2.04s CPU      2.07s WALL (       8 calls)
     elphel       :      0.65s CPU      0.67s WALL (      66 calls)
 
      General routines
     calbec       :      0.09s CPU      0.09s WALL (     392 calls)
     fft          :      0.69s CPU      0.71s WALL (     452 calls)
     ffts         :      0.19s CPU      0.19s WALL (     304 calls)
     fftw         :      1.68s CPU      1.73s WALL (    5674 calls)
     davcio       :      0.03s CPU      0.06s WALL (     265 calls)
 
      Additional routines
     h_psi_bgrp   :      1.21s CPU      1.24s WALL (     256 calls)
     h_psi        :      1.21s CPU      1.24s WALL (     256 calls)
     h_psi:pot    :      1.20s CPU      1.24s WALL (     256 calls)
     h_psi:calbec :      0.06s CPU      0.06s WALL (     256 calls)
     s_psi_bgrp   :      0.02s CPU      0.02s WALL (     256 calls)
     s_psi        :      0.01s CPU      0.01s WALL (     256 calls)
 
 
     PHONON       :     17.06s CPU     19.70s WALL

 
   This run was terminated on:   1:30:37   1Oct2026            

=------------------------------------------------------------------------------=
   JOB DONE.
=------------------------------------------------------------------------------=
