
     Program PHONON v.7.6 starts on  1Oct2026 at  1:26:18 

     This program is part of the open-source Quantum ESPRESSO suite
     for quantum simulation of materials; please cite
         "P. Giannozzi et al., J. Phys.:Condens. Matter 21 395502 (2009);
         "P. Giannozzi et al., J. Phys.:Condens. Matter 29 465901 (2017);
         "P. Giannozzi et al., J. Chem. Phys. 152 154105 (2020);
          URL http://www.quantum-espresso.org", 
     in publications or presentations arising from this work. More details at
     http://www.quantum-espresso.org/quote

     Parallel version (MPI & OpenMP), running on     576 processor cores
     Number of MPI processes:               576
     Threads/MPI process:                     1

     MPI processes distributed on    12 nodes
     25268 MiB available memory on the printing compute node when the environment starts
 
     Reading input from ph.in

     Reading xml data from directory:

     ./pwscf.save/
 
     K-points division:     npool     =     576
     Subspace diagonalization in iterative solution of the eigenvalue problem:
     a serial algorithm will be used

     file B.pbe-n-kjpaw_psl.0.1.upf: wavefunction(s)  2P renormalized
     file Mg.pbe-n-kjpaw_psl.0.3.0.upf: wavefunction(s)  3S renormalized

     IMPORTANT: XC functional enforced from input :
     Exchange-correlation= PBE
                           (   1   4   3   4   0   0   0)
     Any further DFT definition will be discarded
     Please, verify this is what you really want

 
     G-vector sticks info
     --------------------
     sticks:   dense  smooth     PW     G-vecs:    dense   smooth      PW
     Sum         649     313    109                15395     5449    1011
 
     Using Slab Decomposition
 

     Check: negative core charge=   -0.000006
     Message from routine divide_et_impera:
     suboptimal parallelization: some nodes have no k-points
     Reading collected, re-writing distributed wavefunctions in ./


     Dynamical matrices for ( 4, 4, 3)  uniform grid of q-points
     With a half shift  0  0  1
     (   8 q-points):
       N         xq(1)         xq(2)         xq(3) 
       1   0.000000000   0.000000000   0.145452854
       2   0.000000000   0.000000000  -0.436358562
       3   0.000000000   0.288675135   0.145452854
       4   0.000000000   0.288675135  -0.436358562
       5   0.000000000  -0.577350269   0.145452854
       6   0.000000000  -0.577350269  -0.436358562
       7   0.250000000   0.433012702   0.145452854
       8   0.250000000   0.433012702  -0.436358562
     Because shifted q grid is used, q2r will not work !

     Number and degeneracy of irreps per q-point
       N         xq(1)         xq(2)         xq(3)   N irreps
       1   0.000000000   0.000000000   0.145452854       6
        1   1   1   2   2   2
       2   0.000000000   0.000000000  -0.436358562       6
        1   1   1   2   2   2
       3   0.000000000   0.288675135   0.145452854       9
     No degeneracy
       4   0.000000000   0.288675135  -0.436358562       9
     No degeneracy
       5   0.000000000  -0.577350269   0.145452854       9
     No degeneracy
       6   0.000000000  -0.577350269  -0.436358562       9
     No degeneracy
       7   0.250000000   0.433012702   0.145452854       9
     No degeneracy
       8   0.250000000   0.433012702  -0.436358562       9
     No degeneracy

     Saving dvscf to file. Distribute only q points, not irreducible representations.

     Calculation of q =    0.0000000   0.0000000   0.1454529
     [opt_tetra]  Optimized tetrahedron method is used.
     Message from routine divide_et_impera:
     suboptimal parallelization: some nodes have no k-points
 
     G-vector sticks info
     --------------------
     sticks:   dense  smooth     PW     G-vecs:    dense   smooth      PW
     Sum         649     313    109                15395     5449    1011
 
     Using Slab Decomposition
 

     Title: 
     Phonon                                                                     


     bravais-lattice index     =            0
     lattice parameter (alat)  =       5.8042  a.u.
     unit-cell volume          =     194.0373 (a.u.)^3
     number of atoms/cell      =            3
     number of atomic types    =            2
     number of electrons       =         8.00
     number of Kohn-Sham states=            8
     kinetic-energy cutoff     =      35.0000  Ry
     charge density cutoff     =     280.0000  Ry
     Exchange-correlation= PBE
                           (   1   4   3   4   0   0   0)

     celldm(1)=   5.804205  celldm(2)=   0.000000  celldm(3)=   0.000000
     celldm(4)=   0.000000  celldm(5)=   0.000000  celldm(6)=   0.000000

     crystal axes: (cart. coord. in units of alat)
               a(1) = (   1.000000   0.000000   0.000000 )  
               a(2) = (  -0.500000   0.866025   0.000000 )  
               a(3) = (   0.000000   0.000000   1.145847 )  

     reciprocal axes: (cart. coord. in units 2 pi/alat)
               b(1) = (  1.000000  0.577350  0.000000 )  
               b(2) = (  0.000000  1.154701  0.000000 )  
               b(3) = (  0.000000  0.000000  0.872717 )  


     PseudoPot. # 1 for B  read from file:
     ./B.pbe-n-kjpaw_psl.0.1.upf
     MD5 check sum: b4345a612e0782cca08559f453f3313f
     Pseudo is Projector augmented-wave + core cor, Zval =  3.0
     Generated using "atomic" code by A. Dal Corso  v.5.0.99 svn rev. 10869
     Shape of augmentation charge: BESSEL
     Using radial grid of 1059 points,  4 beta functions with: 
                l(1) =   0
                l(2) =   0
                l(3) =   1
                l(4) =   1
     Q(r) pseudized with 0 coefficients 


     PseudoPot. # 2 for Mg read from file:
     ./Mg.pbe-n-kjpaw_psl.0.3.0.upf
     MD5 check sum: 9eaefceb6cf3903db1b93e4e5c6adf9a
     Pseudo is Projector augmented-wave + core cor, Zval =  2.0
     Generated using "atomic" code by A. Dal Corso  v.5.0.99 svn rev. 10869
     Shape of augmentation charge: PSQ
     Using radial grid of 1129 points,  4 beta functions with: 
                l(1) =   0
                l(2) =   0
                l(3) =   1
                l(4) =   1
     Q(r) pseudized with 0 coefficients 


     atomic species   valence    mass     pseudopotential
     B                 3.00    10.81100     B ( 1.00)
     Mg                2.00    24.30500     Mg( 1.00)

     24 Sym. Ops., with inversion, found



   Cartesian axes

     site n.     atom                  positions (alat units)
         1        Mg     tau(   1) = (   0.0000000   0.0000000   0.0000000  )
         2        B      tau(   2) = (   0.0000000   0.5773503   0.5729233  )
         3        B      tau(   3) = (   0.5000000   0.2886751   0.5729233  )

     number of k points=   120 (tetrahedron method)

     Number of k-points >= 100: set verbosity='high' to print them.

     Dense  grid:    15395 G-vectors     FFT dimensions: (  32,  32,  36)

     Smooth grid:     5449 G-vectors     FFT dimensions: (  24,  24,  25)

     Estimated max dynamical RAM per process >       7.38 MB

     Estimated total dynamical RAM >       4.15 GB

     Check: negative core charge=   -0.000006

     The potential is recalculated from file :
     ./_ph0/pwscf.q_1/pwscf.save/charge-density

     Starting wfcs are   12 atomic wfcs
     Checking if some PAW data can be deallocated... 

     Band Structure Calculation
     Davidson diagonalization with overlap

     ethr =  1.25E-10,  avg # of iterations = 19.2

     total cpu time spent up to now is        1.0 secs

     End of band structure calculation

     Number of k-points >= 100: set verbosity='high' to print the bands.

     the Fermi energy is     7.6604 ev
 
     [dfpt_tetra]  Dos(E_F)[/Ry] :   0.8845642E+01

     Phonon                                                                     

     bravais-lattice index     =            0
     lattice parameter (alat)  =       5.8042  a.u.
     unit-cell volume          =     194.0373 (a.u.)^3
     number of atoms/cell      =            3
     number of atomic types    =            2
     kinetic-energy cut-off    =      35.0000  Ry
     charge density cut-off    =     280.0000  Ry
     convergence threshold     =      1.0E-15
     beta                      =       0.3000
     number of iterations used =            4
     Exchange-correlation= PBE
                           (   1   4   3   4   0   0   0)


     celldm(1)=    5.80420  celldm(2)=    0.00000  celldm(3)=    0.00000
     celldm(4)=    0.00000  celldm(5)=    0.00000  celldm(6)=    0.00000

     crystal axes: (cart. coord. in units of alat)
               a(1) = (  1.0000  0.0000  0.0000 )  
               a(2) = ( -0.5000  0.8660  0.0000 )  
               a(3) = (  0.0000  0.0000  1.1458 )  

     reciprocal axes: (cart. coord. in units 2 pi/alat)
               b(1) = (  1.0000  0.5774  0.0000 )  
               b(2) = (  0.0000  1.1547  0.0000 )  
               b(3) = (  0.0000  0.0000  0.8727 )  


     Atoms inside the unit cell: 

     Cartesian axes

     site n.  atom      mass           positions (alat units)
        1  Mg     24.3050   tau(    1) = (    0.00000    0.00000    0.00000  )
        2  B      10.8110   tau(    2) = (    0.00000    0.57735    0.57292  )
        3  B      10.8110   tau(    3) = (    0.50000    0.28868    0.57292  )

     Computing dynamical matrix for 
                    q = (   0.0000000   0.0000000   0.1454529 )
 
     12 Sym.Ops. (no q -> -q+G )


     G cutoff =  238.9372  (  15395 G-vectors)     FFT grid: ( 32, 32, 36)
     G cutoff =  119.4686  (   5449 G-vectors)  smooth grid: ( 24, 24, 25)
     number of k points=   120

     PseudoPot. # 1 for B  read from file:
     ./B.pbe-n-kjpaw_psl.0.1.upf
     MD5 check sum: b4345a612e0782cca08559f453f3313f
     Pseudo is Projector augmented-wave + core cor, Zval =  3.0
     Generated using "atomic" code by A. Dal Corso  v.5.0.99 svn rev. 10869
     Shape of augmentation charge: BESSEL
     Using radial grid of 1059 points,  4 beta functions with: 
                l(1) =   0
                l(2) =   0
                l(3) =   1
                l(4) =   1
     Q(r) pseudized with 0 coefficients 


     PseudoPot. # 2 for Mg read from file:
     ./Mg.pbe-n-kjpaw_psl.0.3.0.upf
     MD5 check sum: 9eaefceb6cf3903db1b93e4e5c6adf9a
     Pseudo is Projector augmented-wave + core cor, Zval =  2.0
     Generated using "atomic" code by A. Dal Corso  v.5.0.99 svn rev. 10869
     Shape of augmentation charge: PSQ
     Using radial grid of 1129 points,  4 beta functions with: 
                l(1) =   0
                l(2) =   0
                l(3) =   1
                l(4) =   1
     Q(r) pseudized with 0 coefficients 



     Atomic displacements:
     There are    6 irreducible representations

     Representation     1      1 modes -  To be done

     Representation     2      1 modes -  To be done

     Representation     3      1 modes -  To be done

     Representation     4      2 modes -  To be done

     Representation     5      2 modes -  To be done

     Representation     6      2 modes -  To be done


     Message from routine init_vloc:
     Interpolation table for Vloc re-allocated

     Alpha used in Ewald sum =   2.8000
     PHONON       :      3.89s CPU      4.70s WALL



     Representation #   1 mode #   1

     Self-consistent Calculation

      iter #   1 total cpu time :     5.0 secs   av.it.:   3.0
      thresh= 1.000E-02 alpha_mix =  0.300 |ddv_scf|^2 =  3.898E-02

      iter #   2 total cpu time :     5.3 secs   av.it.:   5.0
      thresh= 1.000E-02 alpha_mix =  0.300 |ddv_scf|^2 =  6.948E+00

      iter #   3 total cpu time :     5.6 secs   av.it.:   5.0
      thresh= 1.000E-02 alpha_mix =  0.300 |ddv_scf|^2 =  1.929E-06

      iter #   4 total cpu time :     5.9 secs   av.it.:   4.9
      thresh= 1.389E-04 alpha_mix =  0.300 |ddv_scf|^2 =  6.465E-08

      iter #   5 total cpu time :     6.2 secs   av.it.:   4.8
      thresh= 2.543E-05 alpha_mix =  0.300 |ddv_scf|^2 =  4.048E-08

      iter #   6 total cpu time :     6.6 secs   av.it.:   4.5
      thresh= 2.012E-05 alpha_mix =  0.300 |ddv_scf|^2 =  3.752E-09

      iter #   7 total cpu time :     6.9 secs   av.it.:   4.0
      thresh= 6.125E-06 alpha_mix =  0.300 |ddv_scf|^2 =  1.667E-09

      iter #   8 total cpu time :     7.1 secs   av.it.:   2.9
      thresh= 4.083E-06 alpha_mix =  0.300 |ddv_scf|^2 =  2.705E-09

      iter #   9 total cpu time :     7.4 secs   av.it.:   4.1
      thresh= 4.083E-06 alpha_mix =  0.300 |ddv_scf|^2 =  1.144E-11

      iter #  10 total cpu time :     7.7 secs   av.it.:   4.9
      thresh= 3.383E-07 alpha_mix =  0.300 |ddv_scf|^2 =  3.707E-13

      iter #  11 total cpu time :     8.1 secs   av.it.:   5.8
      thresh= 6.089E-08 alpha_mix =  0.300 |ddv_scf|^2 =  9.940E-13

      iter #  12 total cpu time :     8.4 secs   av.it.:   4.9
      thresh= 6.089E-08 alpha_mix =  0.300 |ddv_scf|^2 =  2.876E-14

      iter #  13 total cpu time :     8.7 secs   av.it.:   5.3
      thresh= 1.696E-08 alpha_mix =  0.300 |ddv_scf|^2 =  1.587E-14

      iter #  14 total cpu time :     9.0 secs   av.it.:   4.3
      thresh= 1.260E-08 alpha_mix =  0.300 |ddv_scf|^2 =  2.204E-13

      iter #  15 total cpu time :     9.3 secs   av.it.:   4.8
      thresh= 1.260E-08 alpha_mix =  0.300 |ddv_scf|^2 =  1.528E-14

      iter #  16 total cpu time :     9.6 secs   av.it.:   4.5
      thresh= 1.236E-08 alpha_mix =  0.300 |ddv_scf|^2 =  1.858E-15

      iter #  17 total cpu time :     9.9 secs   av.it.:   4.6
      thresh= 4.311E-09 alpha_mix =  0.300 |ddv_scf|^2 =  4.900E-17

     End of self-consistent calculation

     Convergence has been achieved 


     Representation #   2 mode #   2

     Self-consistent Calculation

      iter #   1 total cpu time :    10.3 secs   av.it.:   3.9
      thresh= 1.000E-02 alpha_mix =  0.300 |ddv_scf|^2 =  1.730E-01

      iter #   2 total cpu time :    10.6 secs   av.it.:   5.7
      thresh= 1.000E-02 alpha_mix =  0.300 |ddv_scf|^2 =  3.066E+01

      iter #   3 total cpu time :    10.9 secs   av.it.:   5.6
      thresh= 1.000E-02 alpha_mix =  0.300 |ddv_scf|^2 =  2.960E-04

      iter #   4 total cpu time :    11.2 secs   av.it.:   3.3
      thresh= 1.720E-03 alpha_mix =  0.300 |ddv_scf|^2 =  9.015E-07

      iter #   5 total cpu time :    11.5 secs   av.it.:   5.3
      thresh= 9.494E-05 alpha_mix =  0.300 |ddv_scf|^2 =  6.485E-07

      iter #   6 total cpu time :    11.8 secs   av.it.:   4.1
      thresh= 8.053E-05 alpha_mix =  0.300 |ddv_scf|^2 =  2.685E-09

      iter #   7 total cpu time :    12.1 secs   av.it.:   5.7
      thresh= 5.182E-06 alpha_mix =  0.300 |ddv_scf|^2 =  2.547E-08

      iter #   8 total cpu time :    12.4 secs   av.it.:   4.5
      thresh= 5.182E-06 alpha_mix =  0.300 |ddv_scf|^2 =  4.944E-08

      iter #   9 total cpu time :    12.8 secs   av.it.:   4.8
      thresh= 5.182E-06 alpha_mix =  0.300 |ddv_scf|^2 =  3.508E-11

      iter #  10 total cpu time :    13.1 secs   av.it.:   4.1
      thresh= 5.923E-07 alpha_mix =  0.300 |ddv_scf|^2 =  4.408E-12

      iter #  11 total cpu time :    13.4 secs   av.it.:   5.0
      thresh= 2.100E-07 alpha_mix =  0.300 |ddv_scf|^2 =  2.398E-13

      iter #  12 total cpu time :    13.7 secs   av.it.:   4.0
      thresh= 4.897E-08 alpha_mix =  0.300 |ddv_scf|^2 =  6.903E-15

      iter #  13 total cpu time :    14.0 secs   av.it.:   5.4
      thresh= 8.308E-09 alpha_mix =  0.300 |ddv_scf|^2 =  7.840E-16

     End of self-consistent calculation

     Convergence has been achieved 


     Representation #   3 mode #   3

     Self-consistent Calculation

      iter #   1 total cpu time :    14.3 secs   av.it.:   2.2
      thresh= 1.000E-02 alpha_mix =  0.300 |ddv_scf|^2 =  2.382E-07

      iter #   2 total cpu time :    14.6 secs   av.it.:   4.8
      thresh= 4.880E-05 alpha_mix =  0.300 |ddv_scf|^2 =  1.150E-07

      iter #   3 total cpu time :    14.9 secs   av.it.:   4.8
      thresh= 3.391E-05 alpha_mix =  0.300 |ddv_scf|^2 =  9.538E-10

      iter #   4 total cpu time :    15.2 secs   av.it.:   5.7
      thresh= 3.088E-06 alpha_mix =  0.300 |ddv_scf|^2 =  9.792E-11

      iter #   5 total cpu time :    15.6 secs   av.it.:   5.4
      thresh= 9.896E-07 alpha_mix =  0.300 |ddv_scf|^2 =  7.484E-12

      iter #   6 total cpu time :    15.9 secs   av.it.:   5.2
      thresh= 2.736E-07 alpha_mix =  0.300 |ddv_scf|^2 =  2.204E-12

      iter #   7 total cpu time :    16.2 secs   av.it.:   5.7
      thresh= 1.484E-07 alpha_mix =  0.300 |ddv_scf|^2 =  6.005E-16

     End of self-consistent calculation

     Convergence has been achieved 


     Representation #   4 modes #   4   5

     Self-consistent Calculation

      iter #   1 total cpu time :    16.7 secs   av.it.:   2.7
      thresh= 1.000E-02 alpha_mix =  0.300 |ddv_scf|^2 =  2.733E-07

      iter #   2 total cpu time :    17.2 secs   av.it.:   5.9
      thresh= 5.227E-05 alpha_mix =  0.300 |ddv_scf|^2 =  8.345E-08

      iter #   3 total cpu time :    17.8 secs   av.it.:   6.2
      thresh= 2.889E-05 alpha_mix =  0.300 |ddv_scf|^2 =  3.569E-09

      iter #   4 total cpu time :    18.3 secs   av.it.:   5.5
      thresh= 5.974E-06 alpha_mix =  0.300 |ddv_scf|^2 =  5.604E-11

      iter #   5 total cpu time :    18.8 secs   av.it.:   6.4
      thresh= 7.486E-07 alpha_mix =  0.300 |ddv_scf|^2 =  1.508E-11

      iter #   6 total cpu time :    19.3 secs   av.it.:   5.7
      thresh= 3.883E-07 alpha_mix =  0.300 |ddv_scf|^2 =  2.982E-15

      iter #   7 total cpu time :    19.8 secs   av.it.:   6.7
      thresh= 5.460E-09 alpha_mix =  0.300 |ddv_scf|^2 =  8.548E-16

     End of self-consistent calculation

     Convergence has been achieved 


     Representation #   5 modes #   6   7

     Self-consistent Calculation

      iter #   1 total cpu time :    20.4 secs   av.it.:   2.5
      thresh= 1.000E-02 alpha_mix =  0.300 |ddv_scf|^2 =  8.104E-08

      iter #   2 total cpu time :    20.9 secs   av.it.:   5.8
      thresh= 2.847E-05 alpha_mix =  0.300 |ddv_scf|^2 =  3.534E-08

      iter #   3 total cpu time :    21.4 secs   av.it.:   5.9
      thresh= 1.880E-05 alpha_mix =  0.300 |ddv_scf|^2 =  1.091E-09

      iter #   4 total cpu time :    22.0 secs   av.it.:   6.0
      thresh= 3.302E-06 alpha_mix =  0.300 |ddv_scf|^2 =  3.467E-11

      iter #   5 total cpu time :    22.5 secs   av.it.:   6.0
      thresh= 5.888E-07 alpha_mix =  0.300 |ddv_scf|^2 =  7.810E-12

      iter #   6 total cpu time :    23.0 secs   av.it.:   6.0
      thresh= 2.795E-07 alpha_mix =  0.300 |ddv_scf|^2 =  1.921E-15

      iter #   7 total cpu time :    23.5 secs   av.it.:   6.3
      thresh= 4.383E-09 alpha_mix =  0.300 |ddv_scf|^2 =  6.600E-16

     End of self-consistent calculation

     Convergence has been achieved 


     Representation #   6 modes #   8   9

     Self-consistent Calculation

      iter #   1 total cpu time :    24.1 secs   av.it.:   1.8
      thresh= 1.000E-02 alpha_mix =  0.300 |ddv_scf|^2 =  1.900E-08

      iter #   2 total cpu time :    24.6 secs   av.it.:   5.7
      thresh= 1.378E-05 alpha_mix =  0.300 |ddv_scf|^2 =  9.216E-09

      iter #   3 total cpu time :    25.1 secs   av.it.:   5.7
      thresh= 9.600E-06 alpha_mix =  0.300 |ddv_scf|^2 =  1.959E-11

      iter #   4 total cpu time :    25.6 secs   av.it.:   6.3
      thresh= 4.426E-07 alpha_mix =  0.300 |ddv_scf|^2 =  4.283E-12

      iter #   5 total cpu time :    26.2 secs   av.it.:   6.0
      thresh= 2.070E-07 alpha_mix =  0.300 |ddv_scf|^2 =  2.177E-13

      iter #   6 total cpu time :    26.7 secs   av.it.:   6.2
      thresh= 4.666E-08 alpha_mix =  0.300 |ddv_scf|^2 =  1.111E-15

      iter #   7 total cpu time :    27.2 secs   av.it.:   6.2
      thresh= 3.334E-09 alpha_mix =  0.300 |ddv_scf|^2 =  4.001E-16

     End of self-consistent calculation

     Convergence has been achieved 
 
     Number of q in the star =    2
     List of q in the star:
          1   0.000000000   0.000000000   0.145452854
          2   0.000000000   0.000000000  -0.145452854

     Diagonalizing the dynamical matrix

     q = (    0.000000000   0.000000000   0.145452854 ) 

 **************************************************************************
     freq (    1) =       2.789734 [THz] =      93.055498 [cm-1]
     freq (    2) =       2.789734 [THz] =      93.055498 [cm-1]
     freq (    3) =       5.117184 [THz] =     170.690874 [cm-1]
     freq (    4) =       9.711593 [THz] =     323.943878 [cm-1]
     freq (    5) =       9.711593 [THz] =     323.943878 [cm-1]
     freq (    6) =      12.583595 [THz] =     419.743535 [cm-1]
     freq (    7) =      17.386509 [THz] =     579.951514 [cm-1]
     freq (    8) =      17.386509 [THz] =     579.951514 [cm-1]
     freq (    9) =      20.727703 [THz] =     691.401758 [cm-1]
 **************************************************************************

     Calculation of q =    0.0000000   0.0000000  -0.4363586
     [opt_tetra]  Optimized tetrahedron method is used.
     Message from routine divide_et_impera:
     suboptimal parallelization: some nodes have no k-points
 
     G-vector sticks info
     --------------------
     sticks:   dense  smooth     PW     G-vecs:    dense   smooth      PW
     Sum         649     313    121                15395     5449    1167
 
     Using Slab Decomposition
 

     Title: 
     Phonon                                                                     


     bravais-lattice index     =            0
     lattice parameter (alat)  =       5.8042  a.u.
     unit-cell volume          =     194.0373 (a.u.)^3
     number of atoms/cell      =            3
     number of atomic types    =            2
     number of electrons       =         8.00
     number of Kohn-Sham states=            8
     kinetic-energy cutoff     =      35.0000  Ry
     charge density cutoff     =     280.0000  Ry
     Exchange-correlation= PBE
                           (   1   4   3   4   0   0   0)

     celldm(1)=   5.804205  celldm(2)=   0.000000  celldm(3)=   0.000000
     celldm(4)=   0.000000  celldm(5)=   0.000000  celldm(6)=   0.000000

     crystal axes: (cart. coord. in units of alat)
               a(1) = (   1.000000   0.000000   0.000000 )  
               a(2) = (  -0.500000   0.866025   0.000000 )  
               a(3) = (   0.000000   0.000000   1.145847 )  

     reciprocal axes: (cart. coord. in units 2 pi/alat)
               b(1) = (  1.000000  0.577350  0.000000 )  
               b(2) = (  0.000000  1.154701  0.000000 )  
               b(3) = (  0.000000  0.000000  0.872717 )  


     PseudoPot. # 1 for B  read from file:
     ./B.pbe-n-kjpaw_psl.0.1.upf
     MD5 check sum: b4345a612e0782cca08559f453f3313f
     Pseudo is Projector augmented-wave + core cor, Zval =  3.0
     Generated using "atomic" code by A. Dal Corso  v.5.0.99 svn rev. 10869
     Shape of augmentation charge: BESSEL
     Using radial grid of 1059 points,  4 beta functions with: 
                l(1) =   0
                l(2) =   0
                l(3) =   1
                l(4) =   1
     Q(r) pseudized with 0 coefficients 


     PseudoPot. # 2 for Mg read from file:
     ./Mg.pbe-n-kjpaw_psl.0.3.0.upf
     MD5 check sum: 9eaefceb6cf3903db1b93e4e5c6adf9a
     Pseudo is Projector augmented-wave + core cor, Zval =  2.0
     Generated using "atomic" code by A. Dal Corso  v.5.0.99 svn rev. 10869
     Shape of augmentation charge: PSQ
     Using radial grid of 1129 points,  4 beta functions with: 
                l(1) =   0
                l(2) =   0
                l(3) =   1
                l(4) =   1
     Q(r) pseudized with 0 coefficients 


     atomic species   valence    mass     pseudopotential
     B                 3.00    10.81100     B ( 1.00)
     Mg                2.00    24.30500     Mg( 1.00)

     24 Sym. Ops., with inversion, found



   Cartesian axes

     site n.     atom                  positions (alat units)
         1        Mg     tau(   1) = (   0.0000000   0.0000000   0.0000000  )
         2        B      tau(   2) = (   0.0000000   0.5773503   0.5729233  )
         3        B      tau(   3) = (   0.5000000   0.2886751   0.5729233  )

     number of k points=    80 (tetrahedron method)
                       cart. coord. in units 2pi/alat
        k(    1) = (   0.0000000   0.0000000   0.0000000), wk =   0.0052083
        k(    2) = (   0.0000000   0.0000000  -0.4363586), wk =   0.0000000
        k(    3) = (   0.0000000   0.0000000   0.1454529), wk =   0.0104167
        k(    4) = (   0.0000000   0.0000000  -0.2909057), wk =   0.0000000
        k(    5) = (   0.0000000   0.0000000   0.2909057), wk =   0.0104167
        k(    6) = (   0.0000000   0.0000000  -0.1454529), wk =   0.0000000
        k(    7) = (   0.0000000   0.0000000  -0.4363586), wk =   0.0052083
        k(    8) = (   0.0000000   0.0000000  -0.8727171), wk =   0.0000000
        k(    9) = (   0.0000000   0.1443376   0.0000000), wk =   0.0312500
        k(   10) = (   0.0000000   0.1443376  -0.4363586), wk =   0.0000000
        k(   11) = (   0.0000000   0.1443376   0.1454529), wk =   0.0625000
        k(   12) = (   0.0000000   0.1443376  -0.2909057), wk =   0.0000000
        k(   13) = (   0.0000000   0.1443376   0.2909057), wk =   0.0625000
        k(   14) = (   0.0000000   0.1443376  -0.1454529), wk =   0.0000000
        k(   15) = (   0.0000000   0.1443376  -0.4363586), wk =   0.0312500
        k(   16) = (   0.0000000   0.1443376  -0.8727171), wk =   0.0000000
        k(   17) = (   0.0000000   0.2886751   0.0000000), wk =   0.0312500
        k(   18) = (   0.0000000   0.2886751  -0.4363586), wk =   0.0000000
        k(   19) = (   0.0000000   0.2886751   0.1454529), wk =   0.0625000
        k(   20) = (   0.0000000   0.2886751  -0.2909057), wk =   0.0000000
        k(   21) = (   0.0000000   0.2886751   0.2909057), wk =   0.0625000
        k(   22) = (   0.0000000   0.2886751  -0.1454529), wk =   0.0000000
        k(   23) = (   0.0000000   0.2886751  -0.4363586), wk =   0.0312500
        k(   24) = (   0.0000000   0.2886751  -0.8727171), wk =   0.0000000
        k(   25) = (   0.0000000   0.4330127   0.0000000), wk =   0.0312500
        k(   26) = (   0.0000000   0.4330127  -0.4363586), wk =   0.0000000
        k(   27) = (   0.0000000   0.4330127   0.1454529), wk =   0.0625000
        k(   28) = (   0.0000000   0.4330127  -0.2909057), wk =   0.0000000
        k(   29) = (   0.0000000   0.4330127   0.2909057), wk =   0.0625000
        k(   30) = (   0.0000000   0.4330127  -0.1454529), wk =   0.0000000
        k(   31) = (   0.0000000   0.4330127  -0.4363586), wk =   0.0312500
        k(   32) = (   0.0000000   0.4330127  -0.8727171), wk =   0.0000000
        k(   33) = (   0.0000000  -0.5773503   0.0000000), wk =   0.0156250
        k(   34) = (   0.0000000  -0.5773503  -0.4363586), wk =   0.0000000
        k(   35) = (   0.0000000  -0.5773503   0.1454529), wk =   0.0312500
        k(   36) = (   0.0000000  -0.5773503  -0.2909057), wk =   0.0000000
        k(   37) = (   0.0000000  -0.5773503   0.2909057), wk =   0.0312500
        k(   38) = (   0.0000000  -0.5773503  -0.1454529), wk =   0.0000000
        k(   39) = (   0.0000000  -0.5773503  -0.4363586), wk =   0.0156250
        k(   40) = (   0.0000000  -0.5773503  -0.8727171), wk =   0.0000000
        k(   41) = (   0.1250000   0.2165064   0.0000000), wk =   0.0312500
        k(   42) = (   0.1250000   0.2165064  -0.4363586), wk =   0.0000000
        k(   43) = (   0.1250000   0.2165064   0.1454529), wk =   0.0625000
        k(   44) = (   0.1250000   0.2165064  -0.2909057), wk =   0.0000000
        k(   45) = (   0.1250000   0.2165064   0.2909057), wk =   0.0625000
        k(   46) = (   0.1250000   0.2165064  -0.1454529), wk =   0.0000000
        k(   47) = (   0.1250000   0.2165064  -0.4363586), wk =   0.0312500
        k(   48) = (   0.1250000   0.2165064  -0.8727171), wk =   0.0000000
        k(   49) = (   0.1250000   0.3608439   0.0000000), wk =   0.0625000
        k(   50) = (   0.1250000   0.3608439  -0.4363586), wk =   0.0000000
        k(   51) = (   0.1250000   0.3608439   0.1454529), wk =   0.1250000
        k(   52) = (   0.1250000   0.3608439  -0.2909057), wk =   0.0000000
        k(   53) = (   0.1250000   0.3608439   0.2909057), wk =   0.1250000
        k(   54) = (   0.1250000   0.3608439  -0.1454529), wk =   0.0000000
        k(   55) = (   0.1250000   0.3608439  -0.4363586), wk =   0.0625000
        k(   56) = (   0.1250000   0.3608439  -0.8727171), wk =   0.0000000
        k(   57) = (   0.1250000   0.5051815   0.0000000), wk =   0.0625000
        k(   58) = (   0.1250000   0.5051815  -0.4363586), wk =   0.0000000
        k(   59) = (   0.1250000   0.5051815   0.1454529), wk =   0.1250000
        k(   60) = (   0.1250000   0.5051815  -0.2909057), wk =   0.0000000
        k(   61) = (   0.1250000   0.5051815   0.2909057), wk =   0.1250000
        k(   62) = (   0.1250000   0.5051815  -0.1454529), wk =   0.0000000
        k(   63) = (   0.1250000   0.5051815  -0.4363586), wk =   0.0625000
        k(   64) = (   0.1250000   0.5051815  -0.8727171), wk =   0.0000000
        k(   65) = (   0.2500000   0.4330127   0.0000000), wk =   0.0312500
        k(   66) = (   0.2500000   0.4330127  -0.4363586), wk =   0.0000000
        k(   67) = (   0.2500000   0.4330127   0.1454529), wk =   0.0625000
        k(   68) = (   0.2500000   0.4330127  -0.2909057), wk =   0.0000000
        k(   69) = (   0.2500000   0.4330127   0.2909057), wk =   0.0625000
        k(   70) = (   0.2500000   0.4330127  -0.1454529), wk =   0.0000000
        k(   71) = (   0.2500000   0.4330127  -0.4363586), wk =   0.0312500
        k(   72) = (   0.2500000   0.4330127  -0.8727171), wk =   0.0000000
        k(   73) = (   0.2500000   0.5773503   0.0000000), wk =   0.0312500
        k(   74) = (   0.2500000   0.5773503  -0.4363586), wk =   0.0000000
        k(   75) = (   0.2500000   0.5773503   0.1454529), wk =   0.0625000
        k(   76) = (   0.2500000   0.5773503  -0.2909057), wk =   0.0000000
        k(   77) = (   0.2500000   0.5773503   0.2909057), wk =   0.0625000
        k(   78) = (   0.2500000   0.5773503  -0.1454529), wk =   0.0000000
        k(   79) = (   0.2500000   0.5773503  -0.4363586), wk =   0.0312500
        k(   80) = (   0.2500000   0.5773503  -0.8727171), wk =   0.0000000

     Dense  grid:    15395 G-vectors     FFT dimensions: (  32,  32,  36)

     Smooth grid:     5449 G-vectors     FFT dimensions: (  24,  24,  25)

     Estimated max dynamical RAM per process >       7.39 MB

     Estimated total dynamical RAM >       4.16 GB

     Check: negative core charge=   -0.000006

     The potential is recalculated from file :
     ./_ph0/pwscf.q_2/pwscf.save/charge-density

     Starting wfcs are   12 atomic wfcs
     Checking if some PAW data can be deallocated... 

     Band Structure Calculation
     Davidson diagonalization with overlap

     ethr =  1.25E-10,  avg # of iterations = 18.8

     total cpu time spent up to now is        1.7 secs

     End of band structure calculation

          k = 0.0000 0.0000 0.0000 (   709 PWs)   bands (ev):

    -4.7856   4.7169   8.0859   8.0859   9.3182  14.0810  14.0810  15.9413

          k = 0.0000 0.0000-0.4364 (   684 PWs)   bands (ev):

    -3.4999   0.2155   8.4616   8.4616  14.4076  14.4076  15.7557  17.7397

          k = 0.0000 0.0000 0.1455 (   697 PWs)   bands (ev):

    -4.5497   3.2122   8.1741   8.1741  11.3828  14.1562  14.1562  15.8936

          k = 0.0000 0.0000-0.2909 (   690 PWs)   bands (ev):

    -3.9413   1.1725   8.3605   8.3605  14.3197  14.3197  15.0532  15.8003

          k = 0.0000 0.0000 0.2909 (   690 PWs)   bands (ev):

    -3.9413   1.1725   8.3605   8.3605  14.3197  14.3197  15.0532  15.8003

          k = 0.0000 0.0000-0.1455 (   697 PWs)   bands (ev):

    -4.5497   3.2122   8.1741   8.1741  11.3828  14.1562  14.1562  15.8936

          k = 0.0000 0.0000-0.4364 (   684 PWs)   bands (ev):

    -3.4999   0.2155   8.4616   8.4616  14.4076  14.4076  15.7557  17.7397

          k = 0.0000 0.0000-0.8727 (   709 PWs)   bands (ev):

    -4.7856   4.7169   8.0859   8.0859   9.3182  14.0810  14.0810  15.9413

          k = 0.0000 0.1443 0.0000 (   697 PWs)   bands (ev):

    -4.5115   4.9838   6.8158   7.5045   9.5673  13.8332  15.2139  16.5109

          k = 0.0000 0.1443-0.4364 (   682 PWs)   bands (ev):

    -3.2517   0.5286   7.2987   7.8539  13.9292  14.3706  15.5756  17.8725

          k = 0.0000 0.1443 0.1455 (   687 PWs)   bands (ev):

    -4.2788   3.4916   6.9279   7.5863  11.5857  13.9801  15.2971  15.4941

          k = 0.0000 0.1443-0.2909 (   686 PWs)   bands (ev):

    -3.6813   1.4711   7.1666   7.7603  14.0267  14.4676  15.4239  15.4769

          k = 0.0000 0.1443 0.2909 (   686 PWs)   bands (ev):

    -3.6813   1.4711   7.1666   7.7603  14.0267  14.4676  15.4239  15.4769

          k = 0.0000 0.1443-0.1455 (   687 PWs)   bands (ev):

    -4.2788   3.4916   6.9279   7.5863  11.5857  13.9801  15.2971  15.4941

          k = 0.0000 0.1443-0.4364 (   682 PWs)   bands (ev):

    -3.2517   0.5286   7.2987   7.8539  13.9292  14.3706  15.5756  17.8725

          k = 0.0000 0.1443-0.8727 (   697 PWs)   bands (ev):

    -4.5115   4.9838   6.8158   7.5045   9.5673  13.8332  15.2139  16.5109

          k = 0.0000 0.2887 0.0000 (   681 PWs)   bands (ev):

    -3.6967   4.3221   5.7684   6.5101  10.2984  13.1165  14.5810  17.0309

          k = 0.0000 0.2887-0.4364 (   690 PWs)   bands (ev):

    -2.5101   1.4487   4.9711   6.8246  10.9392  13.9994  17.7964  18.2336

          k = 0.0000 0.2887 0.1455 (   677 PWs)   bands (ev):

    -3.4736   4.2713   4.5113   6.5843  12.0431  13.1161  13.7450  18.2343

          k = 0.0000 0.2887-0.2909 (   680 PWs)   bands (ev):

    -2.9073   2.3497   4.7869   6.7418  11.5392  13.6809  16.1211  18.0281

          k = 0.0000 0.2887 0.2909 (   680 PWs)   bands (ev):

    -2.9073   2.3497   4.7869   6.7418  11.5392  13.6809  16.1211  18.0281

          k = 0.0000 0.2887-0.1455 (   677 PWs)   bands (ev):

    -3.4736   4.2713   4.5113   6.5843  12.0431  13.1161  13.7450  18.2343

          k = 0.0000 0.2887-0.4364 (   690 PWs)   bands (ev):

    -2.5101   1.4487   4.9711   6.8246  10.9392  13.9994  17.7964  18.2336

          k = 0.0000 0.2887-0.8727 (   681 PWs)   bands (ev):

    -3.6967   4.3221   5.7684   6.5101  10.2984  13.1165  14.5810  17.0309

          k = 0.0000 0.4330 0.0000 (   680 PWs)   bands (ev):

    -2.3685   1.7785   5.7858   6.9746  11.2589  12.1601  12.7086  15.8905

          k = 0.0000 0.4330-0.4364 (   674 PWs)   bands (ev):

    -1.2898   2.5768   2.8878   6.0801   8.1152  13.6288  16.8835  16.9160

          k = 0.0000 0.4330 0.1455 (   681 PWs)   bands (ev):

    -2.1607   1.9432   5.6074   5.8554  10.5142  12.4970  13.9548  17.4168

          k = 0.0000 0.4330-0.2909 (   677 PWs)   bands (ev):

    -1.6419   2.3315   3.7393   6.0026   8.8274  13.2167  16.9740  18.0048

          k = 0.0000 0.4330 0.2909 (   677 PWs)   bands (ev):

    -1.6419   2.3315   3.7393   6.0026   8.8274  13.2167  16.9740  18.0048

          k = 0.0000 0.4330-0.1455 (   681 PWs)   bands (ev):

    -2.1607   1.9432   5.6074   5.8554  10.5142  12.4970  13.9548  17.4168

          k = 0.0000 0.4330-0.4364 (   674 PWs)   bands (ev):

    -1.2898   2.5768   2.8878   6.0801   8.1152  13.6288  16.8835  16.9160

          k = 0.0000 0.4330-0.8727 (   680 PWs)   bands (ev):

    -2.3685   1.7785   5.7858   6.9746  11.2589  12.1601  12.7086  15.8905

          k = 0.0000-0.5774 0.0000 (   676 PWs)   bands (ev):

    -0.8559  -0.1616   5.5309   7.8975  10.7860  11.6276  13.0221  14.8253

          k = 0.0000-0.5774-0.4364 (   676 PWs)   bands (ev):

     0.1220   0.7477   4.1205   5.8185   6.4053  13.4894  16.5345  16.6638

          k = 0.0000-0.5774 0.1455 (   662 PWs)   bands (ev):

    -0.6675   0.0267   5.5994   6.6607   9.0584  12.3432  14.8161  16.3850

          k = 0.0000-0.5774-0.2909 (   670 PWs)   bands (ev):

    -0.1967   0.4723   4.9116   5.7426   7.1851  13.0425  17.1668  18.1844

          k = 0.0000-0.5774 0.2909 (   670 PWs)   bands (ev):

    -0.1967   0.4723   4.9116   5.7426   7.1851  13.0425  17.1668  18.1844

          k = 0.0000-0.5774-0.1455 (   662 PWs)   bands (ev):

    -0.6675   0.0267   5.5994   6.6607   9.0584  12.3432  14.8161  16.3850

          k = 0.0000-0.5774-0.4364 (   676 PWs)   bands (ev):

     0.1220   0.7477   4.1205   5.8185   6.4053  13.4894  16.5345  16.6638

          k = 0.0000-0.5774-0.8727 (   676 PWs)   bands (ev):

    -0.8559  -0.1616   5.5309   7.8975  10.7860  11.6276  13.0221  14.8253

          k = 0.1250 0.2165 0.0000 (   683 PWs)   bands (ev):

    -3.9670   5.3525   5.5107   6.2399  10.1196  14.3722  15.2175  15.2975

          k = 0.1250 0.2165-0.4364 (   682 PWs)   bands (ev):

    -2.7568   1.1457   5.9356   6.6474  11.8775  14.9549  16.3499  16.4235

          k = 0.1250 0.2165 0.1455 (   679 PWs)   bands (ev):

    -3.7408   4.0413   5.4799   6.3476  12.0822  13.8398  14.5571  15.8796

          k = 0.1250 0.2165-0.2909 (   685 PWs)   bands (ev):

    -3.1643   2.0605   5.7683   6.5431  12.4480  14.5930  15.8917  16.1987

          k = 0.1250 0.2165 0.2909 (   685 PWs)   bands (ev):

    -3.1643   2.0605   5.7683   6.5431  12.4480  14.5930  15.8917  16.1987

          k = 0.1250 0.2165-0.1455 (   679 PWs)   bands (ev):

    -3.7408   4.0413   5.4799   6.3476  12.0822  13.8398  14.5571  15.8796

          k = 0.1250 0.2165-0.4364 (   682 PWs)   bands (ev):

    -2.7568   1.1457   5.9356   6.6474  11.8775  14.9549  16.3499  16.4235

          k = 0.1250 0.2165-0.8727 (   683 PWs)   bands (ev):

    -3.9670   5.3525   5.5107   6.2399  10.1196  14.3722  15.2175  15.2975

          k = 0.1250 0.3608 0.0000 (   678 PWs)   bands (ev):

    -2.8949   3.1145   5.0533   6.5268  11.1381  13.1161  13.9464  16.0830

          k = 0.1250 0.3608-0.4364 (   684 PWs)   bands (ev):

    -1.7752   2.3358   3.8319   5.5062   9.3326  14.6279  15.0106  18.3460

          k = 0.1250 0.3608 0.1455 (   678 PWs)   bands (ev):

    -2.6811   3.2634   5.0257   5.2573  11.6306  13.0288  14.3950  16.9027

          k = 0.1250 0.3608-0.2909 (   681 PWs)   bands (ev):

    -2.1440   3.1892   3.6319   5.3876  10.0070  14.5092  15.3880  17.0386

          k = 0.1250 0.3608 0.2909 (   681 PWs)   bands (ev):

    -2.1440   3.1892   3.6319   5.3876  10.0070  14.5092  15.3880  17.0386

          k = 0.1250 0.3608-0.1455 (   678 PWs)   bands (ev):

    -2.6811   3.2634   5.0257   5.2573  11.6306  13.0288  14.3950  16.9027

          k = 0.1250 0.3608-0.4364 (   684 PWs)   bands (ev):

    -1.7752   2.3358   3.8319   5.5062   9.3326  14.6279  15.0106  18.3460

          k = 0.1250 0.3608-0.8727 (   678 PWs)   bands (ev):

    -2.8949   3.1145   5.0533   6.5268  11.1381  13.1161  13.9464  16.0830

          k = 0.1250 0.5052 0.0000 (   676 PWs)   bands (ev):

    -1.3501   0.7970   4.5022   7.8042  11.0973  12.3783  13.3638  15.3847

          k = 0.1250 0.5052-0.4364 (   678 PWs)   bands (ev):

    -0.3454   1.6501   3.8935   4.9668   6.9904  13.7677  14.7869  19.8646

          k = 0.1250 0.5052 0.1455 (   674 PWs)   bands (ev):

    -1.1540   0.9720   4.6047   6.5055   9.5495  13.5675  14.6325  16.1078

          k = 0.1250 0.5052-0.2909 (   674 PWs)   bands (ev):

    -0.6687   1.3888   4.6816   4.8579   7.7472  13.9772  14.9298  18.0308

          k = 0.1250 0.5052 0.2909 (   674 PWs)   bands (ev):

    -0.6687   1.3888   4.6816   4.8579   7.7472  13.9772  14.9298  18.0308

          k = 0.1250 0.5052-0.1455 (   674 PWs)   bands (ev):

    -1.1540   0.9720   4.6047   6.5055   9.5495  13.5675  14.6325  16.1078

          k = 0.1250 0.5052-0.4364 (   678 PWs)   bands (ev):

    -0.3454   1.6501   3.8935   4.9668   6.9904  13.7677  14.7869  19.8646

          k = 0.1250 0.5052-0.8727 (   676 PWs)   bands (ev):

    -1.3501   0.7970   4.5022   7.8042  11.0973  12.3783  13.3638  15.3847

          k = 0.2500 0.4330 0.0000 (   673 PWs)   bands (ev):

    -1.5955   1.9992   3.1104   7.7211  11.4346  12.3899  14.7394  16.0952

          k = 0.2500 0.4330-0.4364 (   674 PWs)   bands (ev):

    -0.5748   2.7987   3.7030   3.7188   7.6358  12.4494  17.2204  18.2374

          k = 0.2500 0.4330 0.1455 (   684 PWs)   bands (ev):

    -1.3965   2.1623   3.2397   6.3799  10.0624  14.1966  14.9079  16.2485

          k = 0.2500 0.4330-0.2909 (   678 PWs)   bands (ev):

    -0.9037   2.5530   3.5246   4.5533   8.3547  13.1327  16.8169  17.8007

          k = 0.2500 0.4330 0.2909 (   678 PWs)   bands (ev):

    -0.9037   2.5530   3.5246   4.5533   8.3547  13.1327  16.8169  17.8007

          k = 0.2500 0.4330-0.1455 (   684 PWs)   bands (ev):

    -1.3965   2.1623   3.2397   6.3799  10.0624  14.1966  14.9079  16.2485

          k = 0.2500 0.4330-0.4364 (   674 PWs)   bands (ev):

    -0.5748   2.7987   3.7030   3.7188   7.6358  12.4494  17.2204  18.2374

          k = 0.2500 0.4330-0.8727 (   673 PWs)   bands (ev):

    -1.5955   1.9992   3.1104   7.7211  11.4346  12.3899  14.7394  16.0952

          k = 0.2500 0.5774 0.0000 (   680 PWs)   bands (ev):

    -0.1355   0.4820   2.5194   8.8027  10.1696  13.5154  13.9628  16.3914

          k = 0.2500 0.5774-0.4364 (   678 PWs)   bands (ev):

     0.7975   1.3487   3.1679   5.0033   6.2590  11.6945  17.5170  20.5975

          k = 0.2500 0.5774 0.1455 (   675 PWs)   bands (ev):

     0.0469   0.6595   2.6610   7.5259   8.7900  14.3040  15.3094  15.5921

          k = 0.2500 0.5774-0.2909 (   675 PWs)   bands (ev):

     0.4980   1.0833   2.9805   5.7780   7.0195  12.4177  17.1680  18.4886

          k = 0.2500 0.5774 0.2909 (   675 PWs)   bands (ev):

     0.4980   1.0833   2.9805   5.7780   7.0195  12.4177  17.1680  18.4886

          k = 0.2500 0.5774-0.1455 (   675 PWs)   bands (ev):

     0.0469   0.6595   2.6610   7.5259   8.7900  14.3040  15.3094  15.5921

          k = 0.2500 0.5774-0.4364 (   678 PWs)   bands (ev):

     0.7975   1.3487   3.1679   5.0033   6.2590  11.6945  17.5170  20.5975

          k = 0.2500 0.5774-0.8727 (   680 PWs)   bands (ev):

    -0.1355   0.4820   2.5194   8.8027  10.1696  13.5154  13.9628  16.3914

     the Fermi energy is     7.6604 ev
 
     [dfpt_tetra]  Dos(E_F)[/Ry] :   0.8845642E+01

     Phonon                                                                     

     bravais-lattice index     =            0
     lattice parameter (alat)  =       5.8042  a.u.
     unit-cell volume          =     194.0373 (a.u.)^3
     number of atoms/cell      =            3
     number of atomic types    =            2
     kinetic-energy cut-off    =      35.0000  Ry
     charge density cut-off    =     280.0000  Ry
     convergence threshold     =      1.0E-15
     beta                      =       0.3000
     number of iterations used =            4
     Exchange-correlation= PBE
                           (   1   4   3   4   0   0   0)


     celldm(1)=    5.80420  celldm(2)=    0.00000  celldm(3)=    0.00000
     celldm(4)=    0.00000  celldm(5)=    0.00000  celldm(6)=    0.00000

     crystal axes: (cart. coord. in units of alat)
               a(1) = (  1.0000  0.0000  0.0000 )  
               a(2) = ( -0.5000  0.8660  0.0000 )  
               a(3) = (  0.0000  0.0000  1.1458 )  

     reciprocal axes: (cart. coord. in units 2 pi/alat)
               b(1) = (  1.0000  0.5774  0.0000 )  
               b(2) = (  0.0000  1.1547  0.0000 )  
               b(3) = (  0.0000  0.0000  0.8727 )  


     Atoms inside the unit cell: 

     Cartesian axes

     site n.  atom      mass           positions (alat units)
        1  Mg     24.3050   tau(    1) = (    0.00000    0.00000    0.00000  )
        2  B      10.8110   tau(    2) = (    0.00000    0.57735    0.57292  )
        3  B      10.8110   tau(    3) = (    0.50000    0.28868    0.57292  )

     Computing dynamical matrix for 
                    q = (   0.0000000   0.0000000  -0.4363586 )
 
     25 Sym.Ops. (with q -> -q+G )


     G cutoff =  238.9372  (  15395 G-vectors)     FFT grid: ( 32, 32, 36)
     G cutoff =  119.4686  (   5449 G-vectors)  smooth grid: ( 24, 24, 25)
     number of k points=    80

     PseudoPot. # 1 for B  read from file:
     ./B.pbe-n-kjpaw_psl.0.1.upf
     MD5 check sum: b4345a612e0782cca08559f453f3313f
     Pseudo is Projector augmented-wave + core cor, Zval =  3.0
     Generated using "atomic" code by A. Dal Corso  v.5.0.99 svn rev. 10869
     Shape of augmentation charge: BESSEL
     Using radial grid of 1059 points,  4 beta functions with: 
                l(1) =   0
                l(2) =   0
                l(3) =   1
                l(4) =   1
     Q(r) pseudized with 0 coefficients 


     PseudoPot. # 2 for Mg read from file:
     ./Mg.pbe-n-kjpaw_psl.0.3.0.upf
     MD5 check sum: 9eaefceb6cf3903db1b93e4e5c6adf9a
     Pseudo is Projector augmented-wave + core cor, Zval =  2.0
     Generated using "atomic" code by A. Dal Corso  v.5.0.99 svn rev. 10869
     Shape of augmentation charge: PSQ
     Using radial grid of 1129 points,  4 beta functions with: 
                l(1) =   0
                l(2) =   0
                l(3) =   1
                l(4) =   1
     Q(r) pseudized with 0 coefficients 



     Atomic displacements:
     There are    6 irreducible representations

     Representation     1      1 modes -  To be done

     Representation     2      1 modes -  To be done

     Representation     3      1 modes -  To be done

     Representation     4      2 modes -  To be done

     Representation     5      2 modes -  To be done

     Representation     6      2 modes -  To be done



     Alpha used in Ewald sum =   2.8000
     PHONON       :     27.31s CPU     28.80s WALL



     Representation #   1 mode #   1

     Self-consistent Calculation

      iter #   1 total cpu time :    29.2 secs   av.it.:   2.5
      thresh= 1.000E-02 alpha_mix =  0.300 |ddv_scf|^2 =  8.764E-05

      iter #   2 total cpu time :    29.6 secs   av.it.:   4.6
      thresh= 9.362E-04 alpha_mix =  0.300 |ddv_scf|^2 =  1.126E-04

      iter #   3 total cpu time :    30.0 secs   av.it.:   4.5
      thresh= 9.362E-04 alpha_mix =  0.300 |ddv_scf|^2 =  2.245E-08

      iter #   4 total cpu time :    30.4 secs   av.it.:   4.7
      thresh= 1.498E-05 alpha_mix =  0.300 |ddv_scf|^2 =  7.934E-09

      iter #   5 total cpu time :    30.8 secs   av.it.:   4.9
      thresh= 8.907E-06 alpha_mix =  0.300 |ddv_scf|^2 =  2.228E-11

      iter #   6 total cpu time :    31.2 secs   av.it.:   5.1
      thresh= 4.721E-07 alpha_mix =  0.300 |ddv_scf|^2 =  2.326E-12

      iter #   7 total cpu time :    31.6 secs   av.it.:   4.7
      thresh= 1.525E-07 alpha_mix =  0.300 |ddv_scf|^2 =  2.806E-14

      iter #   8 total cpu time :    32.0 secs   av.it.:   4.4
      thresh= 1.675E-08 alpha_mix =  0.300 |ddv_scf|^2 =  1.290E-14

      iter #   9 total cpu time :    32.4 secs   av.it.:   5.0
      thresh= 1.136E-08 alpha_mix =  0.300 |ddv_scf|^2 =  4.682E-16

     End of self-consistent calculation

     Convergence has been achieved 


     Representation #   2 mode #   2

     Self-consistent Calculation

      iter #   1 total cpu time :    32.9 secs   av.it.:   3.4
      thresh= 1.000E-02 alpha_mix =  0.300 |ddv_scf|^2 =  3.076E-04

      iter #   2 total cpu time :    33.3 secs   av.it.:   4.6
      thresh= 1.754E-03 alpha_mix =  0.300 |ddv_scf|^2 =  5.741E-05

      iter #   3 total cpu time :    33.7 secs   av.it.:   4.5
      thresh= 7.577E-04 alpha_mix =  0.300 |ddv_scf|^2 =  7.723E-08

      iter #   4 total cpu time :    34.1 secs   av.it.:   5.0
      thresh= 2.779E-05 alpha_mix =  0.300 |ddv_scf|^2 =  7.675E-09

      iter #   5 total cpu time :    34.5 secs   av.it.:   5.1
      thresh= 8.761E-06 alpha_mix =  0.300 |ddv_scf|^2 =  1.793E-10

      iter #   6 total cpu time :    34.9 secs   av.it.:   5.5
      thresh= 1.339E-06 alpha_mix =  0.300 |ddv_scf|^2 =  2.480E-12

      iter #   7 total cpu time :    35.3 secs   av.it.:   4.4
      thresh= 1.575E-07 alpha_mix =  0.300 |ddv_scf|^2 =  8.965E-13

      iter #   8 total cpu time :    35.7 secs   av.it.:   5.4
      thresh= 9.468E-08 alpha_mix =  0.300 |ddv_scf|^2 =  7.074E-16

     End of self-consistent calculation

     Convergence has been achieved 


     Representation #   3 mode #   3

     Self-consistent Calculation

      iter #   1 total cpu time :    36.1 secs   av.it.:   2.2
      thresh= 1.000E-02 alpha_mix =  0.300 |ddv_scf|^2 =  2.703E-07

      iter #   2 total cpu time :    36.5 secs   av.it.:   4.6
      thresh= 5.199E-05 alpha_mix =  0.300 |ddv_scf|^2 =  1.273E-07

      iter #   3 total cpu time :    36.9 secs   av.it.:   4.7
      thresh= 3.568E-05 alpha_mix =  0.300 |ddv_scf|^2 =  1.708E-09

      iter #   4 total cpu time :    37.3 secs   av.it.:   5.2
      thresh= 4.133E-06 alpha_mix =  0.300 |ddv_scf|^2 =  1.176E-10

      iter #   5 total cpu time :    37.7 secs   av.it.:   5.3
      thresh= 1.084E-06 alpha_mix =  0.300 |ddv_scf|^2 =  1.533E-11

      iter #   6 total cpu time :    38.1 secs   av.it.:   5.2
      thresh= 3.916E-07 alpha_mix =  0.300 |ddv_scf|^2 =  3.165E-14

      iter #   7 total cpu time :    38.5 secs   av.it.:   5.7
      thresh= 1.779E-08 alpha_mix =  0.300 |ddv_scf|^2 =  8.549E-16

     End of self-consistent calculation

     Convergence has been achieved 


     Representation #   4 modes #   4   5

     Self-consistent Calculation

      iter #   1 total cpu time :    39.2 secs   av.it.:   2.7
      thresh= 1.000E-02 alpha_mix =  0.300 |ddv_scf|^2 =  2.555E-07

      iter #   2 total cpu time :    39.9 secs   av.it.:   5.6
      thresh= 5.055E-05 alpha_mix =  0.300 |ddv_scf|^2 =  7.967E-08

      iter #   3 total cpu time :    40.5 secs   av.it.:   5.7
      thresh= 2.823E-05 alpha_mix =  0.300 |ddv_scf|^2 =  3.484E-09

      iter #   4 total cpu time :    41.1 secs   av.it.:   5.2
      thresh= 5.902E-06 alpha_mix =  0.300 |ddv_scf|^2 =  5.064E-11

      iter #   5 total cpu time :    41.8 secs   av.it.:   5.8
      thresh= 7.116E-07 alpha_mix =  0.300 |ddv_scf|^2 =  1.445E-11

      iter #   6 total cpu time :    42.4 secs   av.it.:   5.2
      thresh= 3.801E-07 alpha_mix =  0.300 |ddv_scf|^2 =  1.078E-15

      iter #   7 total cpu time :    43.1 secs   av.it.:   6.5
      thresh= 3.283E-09 alpha_mix =  0.300 |ddv_scf|^2 =  3.116E-16

     End of self-consistent calculation

     Convergence has been achieved 


     Representation #   5 modes #   6   7

     Self-consistent Calculation

      iter #   1 total cpu time :    43.8 secs   av.it.:   2.5
      thresh= 1.000E-02 alpha_mix =  0.300 |ddv_scf|^2 =  7.734E-08

      iter #   2 total cpu time :    44.5 secs   av.it.:   5.4
      thresh= 2.781E-05 alpha_mix =  0.300 |ddv_scf|^2 =  3.427E-08

      iter #   3 total cpu time :    45.1 secs   av.it.:   5.5
      thresh= 1.851E-05 alpha_mix =  0.300 |ddv_scf|^2 =  9.706E-10

      iter #   4 total cpu time :    45.8 secs   av.it.:   5.6
      thresh= 3.115E-06 alpha_mix =  0.300 |ddv_scf|^2 =  3.140E-11

      iter #   5 total cpu time :    46.4 secs   av.it.:   5.5
      thresh= 5.604E-07 alpha_mix =  0.300 |ddv_scf|^2 =  7.350E-12

      iter #   6 total cpu time :    47.1 secs   av.it.:   5.5
      thresh= 2.711E-07 alpha_mix =  0.300 |ddv_scf|^2 =  1.135E-15

      iter #   7 total cpu time :    47.7 secs   av.it.:   6.0
      thresh= 3.369E-09 alpha_mix =  0.300 |ddv_scf|^2 =  3.672E-16

     End of self-consistent calculation

     Convergence has been achieved 


     Representation #   6 modes #   8   9

     Self-consistent Calculation

      iter #   1 total cpu time :    48.4 secs   av.it.:   1.6
      thresh= 1.000E-02 alpha_mix =  0.300 |ddv_scf|^2 =  1.873E-08

      iter #   2 total cpu time :    49.1 secs   av.it.:   5.2
      thresh= 1.369E-05 alpha_mix =  0.300 |ddv_scf|^2 =  9.062E-09

      iter #   3 total cpu time :    49.7 secs   av.it.:   5.0
      thresh= 9.519E-06 alpha_mix =  0.300 |ddv_scf|^2 =  1.795E-11

      iter #   4 total cpu time :    50.4 secs   av.it.:   5.5
      thresh= 4.237E-07 alpha_mix =  0.300 |ddv_scf|^2 =  4.910E-12

      iter #   5 total cpu time :    51.0 secs   av.it.:   5.5
      thresh= 2.216E-07 alpha_mix =  0.300 |ddv_scf|^2 =  4.995E-14

      iter #   6 total cpu time :    51.7 secs   av.it.:   5.7
      thresh= 2.235E-08 alpha_mix =  0.300 |ddv_scf|^2 =  2.913E-16

     End of self-consistent calculation

     Convergence has been achieved 
 
     Number of q in the star =    1
     List of q in the star:
          1   0.000000000   0.000000000  -0.436358562

     Diagonalizing the dynamical matrix

     q = (    0.000000000   0.000000000  -0.436358562 ) 

 **************************************************************************
     freq (    1) =       6.771099 [THz] =     225.859562 [cm-1]
     freq (    2) =       6.771099 [THz] =     225.859562 [cm-1]
     freq (    3) =       7.133843 [THz] =     237.959400 [cm-1]
     freq (    4) =       7.133843 [THz] =     237.959400 [cm-1]
     freq (    5) =       9.591615 [THz] =     319.941825 [cm-1]
     freq (    6) =      12.099974 [THz] =     403.611685 [cm-1]
     freq (    7) =      16.563582 [THz] =     552.501634 [cm-1]
     freq (    8) =      16.563582 [THz] =     552.501634 [cm-1]
     freq (    9) =      19.479162 [THz] =     649.754901 [cm-1]
 **************************************************************************

     Calculation of q =    0.0000000   0.2886751   0.1454529
     [opt_tetra]  Optimized tetrahedron method is used.
     Message from routine divide_et_impera:
     suboptimal parallelization: some nodes have no k-points
 
     G-vector sticks info
     --------------------
     sticks:   dense  smooth     PW     G-vecs:    dense   smooth      PW
     Sum         649     313    121                15395     5449    1131
 
     Using Slab Decomposition
 

     Title: 
     Phonon                                                                     


     bravais-lattice index     =            0
     lattice parameter (alat)  =       5.8042  a.u.
     unit-cell volume          =     194.0373 (a.u.)^3
     number of atoms/cell      =            3
     number of atomic types    =            2
     number of electrons       =         8.00
     number of Kohn-Sham states=            8
     kinetic-energy cutoff     =      35.0000  Ry
     charge density cutoff     =     280.0000  Ry
     Exchange-correlation= PBE
                           (   1   4   3   4   0   0   0)

     celldm(1)=   5.804205  celldm(2)=   0.000000  celldm(3)=   0.000000
     celldm(4)=   0.000000  celldm(5)=   0.000000  celldm(6)=   0.000000

     crystal axes: (cart. coord. in units of alat)
               a(1) = (   1.000000   0.000000   0.000000 )  
               a(2) = (  -0.500000   0.866025   0.000000 )  
               a(3) = (   0.000000   0.000000   1.145847 )  

     reciprocal axes: (cart. coord. in units 2 pi/alat)
               b(1) = (  1.000000  0.577350  0.000000 )  
               b(2) = (  0.000000  1.154701  0.000000 )  
               b(3) = (  0.000000  0.000000  0.872717 )  


     PseudoPot. # 1 for B  read from file:
     ./B.pbe-n-kjpaw_psl.0.1.upf
     MD5 check sum: b4345a612e0782cca08559f453f3313f
     Pseudo is Projector augmented-wave + core cor, Zval =  3.0
     Generated using "atomic" code by A. Dal Corso  v.5.0.99 svn rev. 10869
     Shape of augmentation charge: BESSEL
     Using radial grid of 1059 points,  4 beta functions with: 
                l(1) =   0
                l(2) =   0
                l(3) =   1
                l(4) =   1
     Q(r) pseudized with 0 coefficients 


     PseudoPot. # 2 for Mg read from file:
     ./Mg.pbe-n-kjpaw_psl.0.3.0.upf
     MD5 check sum: 9eaefceb6cf3903db1b93e4e5c6adf9a
     Pseudo is Projector augmented-wave + core cor, Zval =  2.0
     Generated using "atomic" code by A. Dal Corso  v.5.0.99 svn rev. 10869
     Shape of augmentation charge: PSQ
     Using radial grid of 1129 points,  4 beta functions with: 
                l(1) =   0
                l(2) =   0
                l(3) =   1
                l(4) =   1
     Q(r) pseudized with 0 coefficients 


     atomic species   valence    mass     pseudopotential
     B                 3.00    10.81100     B ( 1.00)
     Mg                2.00    24.30500     Mg( 1.00)

     24 Sym. Ops., with inversion, found



   Cartesian axes

     site n.     atom                  positions (alat units)
         1        Mg     tau(   1) = (   0.0000000   0.0000000   0.0000000  )
         2        B      tau(   2) = (   0.0000000   0.5773503   0.5729233  )
         3        B      tau(   3) = (   0.5000000   0.2886751   0.5729233  )

     number of k points=   432 (tetrahedron method)

     Number of k-points >= 100: set verbosity='high' to print them.

     Dense  grid:    15395 G-vectors     FFT dimensions: (  32,  32,  36)

     Smooth grid:     5449 G-vectors     FFT dimensions: (  24,  24,  25)

     Estimated max dynamical RAM per process >       7.39 MB

     Estimated total dynamical RAM >       4.16 GB

     Check: negative core charge=   -0.000006

     The potential is recalculated from file :
     ./_ph0/pwscf.q_3/pwscf.save/charge-density

     Starting wfcs are   12 atomic wfcs
     Checking if some PAW data can be deallocated... 

     Band Structure Calculation
     Davidson diagonalization with overlap

     ethr =  1.25E-10,  avg # of iterations = 20.1

     total cpu time spent up to now is        2.5 secs

     End of band structure calculation

     Number of k-points >= 100: set verbosity='high' to print the bands.

     the Fermi energy is     7.6604 ev
 
     [dfpt_tetra]  Dos(E_F)[/Ry] :   0.8845642E+01

     Phonon                                                                     

     bravais-lattice index     =            0
     lattice parameter (alat)  =       5.8042  a.u.
     unit-cell volume          =     194.0373 (a.u.)^3
     number of atoms/cell      =            3
     number of atomic types    =            2
     kinetic-energy cut-off    =      35.0000  Ry
     charge density cut-off    =     280.0000  Ry
     convergence threshold     =      1.0E-15
     beta                      =       0.3000
     number of iterations used =            4
     Exchange-correlation= PBE
                           (   1   4   3   4   0   0   0)


     celldm(1)=    5.80420  celldm(2)=    0.00000  celldm(3)=    0.00000
     celldm(4)=    0.00000  celldm(5)=    0.00000  celldm(6)=    0.00000

     crystal axes: (cart. coord. in units of alat)
               a(1) = (  1.0000  0.0000  0.0000 )  
               a(2) = ( -0.5000  0.8660  0.0000 )  
               a(3) = (  0.0000  0.0000  1.1458 )  

     reciprocal axes: (cart. coord. in units 2 pi/alat)
               b(1) = (  1.0000  0.5774  0.0000 )  
               b(2) = (  0.0000  1.1547  0.0000 )  
               b(3) = (  0.0000  0.0000  0.8727 )  


     Atoms inside the unit cell: 

     Cartesian axes

     site n.  atom      mass           positions (alat units)
        1  Mg     24.3050   tau(    1) = (    0.00000    0.00000    0.00000  )
        2  B      10.8110   tau(    2) = (    0.00000    0.57735    0.57292  )
        3  B      10.8110   tau(    3) = (    0.50000    0.28868    0.57292  )

     Computing dynamical matrix for 
                    q = (   0.0000000   0.2886751   0.1454529 )
 
      2 Sym.Ops. (no q -> -q+G )


     G cutoff =  238.9372  (  15395 G-vectors)     FFT grid: ( 32, 32, 36)
     G cutoff =  119.4686  (   5449 G-vectors)  smooth grid: ( 24, 24, 25)
     number of k points=   432

     PseudoPot. # 1 for B  read from file:
     ./B.pbe-n-kjpaw_psl.0.1.upf
     MD5 check sum: b4345a612e0782cca08559f453f3313f
     Pseudo is Projector augmented-wave + core cor, Zval =  3.0
     Generated using "atomic" code by A. Dal Corso  v.5.0.99 svn rev. 10869
     Shape of augmentation charge: BESSEL
     Using radial grid of 1059 points,  4 beta functions with: 
                l(1) =   0
                l(2) =   0
                l(3) =   1
                l(4) =   1
     Q(r) pseudized with 0 coefficients 


     PseudoPot. # 2 for Mg read from file:
     ./Mg.pbe-n-kjpaw_psl.0.3.0.upf
     MD5 check sum: 9eaefceb6cf3903db1b93e4e5c6adf9a
     Pseudo is Projector augmented-wave + core cor, Zval =  2.0
     Generated using "atomic" code by A. Dal Corso  v.5.0.99 svn rev. 10869
     Shape of augmentation charge: PSQ
     Using radial grid of 1129 points,  4 beta functions with: 
                l(1) =   0
                l(2) =   0
                l(3) =   1
                l(4) =   1
     Q(r) pseudized with 0 coefficients 



     Atomic displacements:
     There are    9 irreducible representations

     Representation     1      1 modes -  To be done

     Representation     2      1 modes -  To be done

     Representation     3      1 modes -  To be done

     Representation     4      1 modes -  To be done

     Representation     5      1 modes -  To be done

     Representation     6      1 modes -  To be done

     Representation     7      1 modes -  To be done

     Representation     8      1 modes -  To be done

     Representation     9      1 modes -  To be done



     Alpha used in Ewald sum =   2.8000
     PHONON       :     51.35s CPU     53.39s WALL



     Representation #   1 mode #   1

     Self-consistent Calculation

      iter #   1 total cpu time :    53.6 secs   av.it.:   3.3
      thresh= 1.000E-02 alpha_mix =  0.300 |ddv_scf|^2 =  4.496E-04

      iter #   2 total cpu time :    53.9 secs   av.it.:   5.5
      thresh= 2.120E-03 alpha_mix =  0.300 |ddv_scf|^2 =  1.619E-03

      iter #   3 total cpu time :    54.1 secs   av.it.:   5.1
      thresh= 2.120E-03 alpha_mix =  0.300 |ddv_scf|^2 =  2.427E-07

      iter #   4 total cpu time :    54.4 secs   av.it.:   6.8
      thresh= 4.927E-05 alpha_mix =  0.300 |ddv_scf|^2 =  4.222E-08

      iter #   5 total cpu time :    54.6 secs   av.it.:   6.3
      thresh= 2.055E-05 alpha_mix =  0.300 |ddv_scf|^2 =  6.937E-09

      iter #   6 total cpu time :    54.9 secs   av.it.:   6.5
      thresh= 8.329E-06 alpha_mix =  0.300 |ddv_scf|^2 =  8.843E-10

      iter #   7 total cpu time :    55.1 secs   av.it.:   6.5
      thresh= 2.974E-06 alpha_mix =  0.300 |ddv_scf|^2 =  9.335E-10

      iter #   8 total cpu time :    55.4 secs   av.it.:   5.3
      thresh= 2.974E-06 alpha_mix =  0.300 |ddv_scf|^2 =  2.831E-10

      iter #   9 total cpu time :    55.6 secs   av.it.:   5.2
      thresh= 1.683E-06 alpha_mix =  0.300 |ddv_scf|^2 =  1.232E-10

      iter #  10 total cpu time :    55.9 secs   av.it.:   5.8
      thresh= 1.110E-06 alpha_mix =  0.300 |ddv_scf|^2 =  9.760E-12

      iter #  11 total cpu time :    56.1 secs   av.it.:   6.6
      thresh= 3.124E-07 alpha_mix =  0.300 |ddv_scf|^2 =  1.782E-12

      iter #  12 total cpu time :    56.4 secs   av.it.:   5.9
      thresh= 1.335E-07 alpha_mix =  0.300 |ddv_scf|^2 =  3.728E-13

      iter #  13 total cpu time :    56.6 secs   av.it.:   6.7
      thresh= 6.105E-08 alpha_mix =  0.300 |ddv_scf|^2 =  6.924E-14

      iter #  14 total cpu time :    56.9 secs   av.it.:   5.8
      thresh= 2.631E-08 alpha_mix =  0.300 |ddv_scf|^2 =  3.492E-14

      iter #  15 total cpu time :    57.2 secs   av.it.:   6.1
      thresh= 1.869E-08 alpha_mix =  0.300 |ddv_scf|^2 =  8.009E-15

      iter #  16 total cpu time :    57.4 secs   av.it.:   6.0
      thresh= 8.949E-09 alpha_mix =  0.300 |ddv_scf|^2 =  3.450E-16

     End of self-consistent calculation

     Convergence has been achieved 


     Representation #   2 mode #   2

     Self-consistent Calculation

      iter #   1 total cpu time :    57.7 secs   av.it.:   2.4
      thresh= 1.000E-02 alpha_mix =  0.300 |ddv_scf|^2 =  6.135E-05

      iter #   2 total cpu time :    57.9 secs   av.it.:   5.6
      thresh= 7.833E-04 alpha_mix =  0.300 |ddv_scf|^2 =  2.271E-04

      iter #   3 total cpu time :    58.2 secs   av.it.:   5.1
      thresh= 7.833E-04 alpha_mix =  0.300 |ddv_scf|^2 =  3.697E-08

      iter #   4 total cpu time :    58.4 secs   av.it.:   6.4
      thresh= 1.923E-05 alpha_mix =  0.300 |ddv_scf|^2 =  9.441E-09

      iter #   5 total cpu time :    58.7 secs   av.it.:   5.9
      thresh= 9.717E-06 alpha_mix =  0.300 |ddv_scf|^2 =  1.662E-09

      iter #   6 total cpu time :    58.9 secs   av.it.:   6.0
      thresh= 4.077E-06 alpha_mix =  0.300 |ddv_scf|^2 =  9.293E-11

      iter #   7 total cpu time :    59.2 secs   av.it.:   6.4
      thresh= 9.640E-07 alpha_mix =  0.300 |ddv_scf|^2 =  1.396E-11

      iter #   8 total cpu time :    59.4 secs   av.it.:   6.1
      thresh= 3.736E-07 alpha_mix =  0.300 |ddv_scf|^2 =  2.305E-11

      iter #   9 total cpu time :    59.7 secs   av.it.:   5.4
      thresh= 3.736E-07 alpha_mix =  0.300 |ddv_scf|^2 =  8.301E-13

      iter #  10 total cpu time :    59.9 secs   av.it.:   6.4
      thresh= 9.111E-08 alpha_mix =  0.300 |ddv_scf|^2 =  3.031E-13

      iter #  11 total cpu time :    60.2 secs   av.it.:   6.1
      thresh= 5.505E-08 alpha_mix =  0.300 |ddv_scf|^2 =  1.632E-14

      iter #  12 total cpu time :    60.4 secs   av.it.:   6.1
      thresh= 1.277E-08 alpha_mix =  0.300 |ddv_scf|^2 =  7.158E-15

      iter #  13 total cpu time :    60.7 secs   av.it.:   6.3
      thresh= 8.461E-09 alpha_mix =  0.300 |ddv_scf|^2 =  1.122E-15

      iter #  14 total cpu time :    60.9 secs   av.it.:   6.3
      thresh= 3.350E-09 alpha_mix =  0.300 |ddv_scf|^2 =  8.894E-16

     End of self-consistent calculation

     Convergence has been achieved 


     Representation #   3 mode #   3

     Self-consistent Calculation

      iter #   1 total cpu time :    61.2 secs   av.it.:   2.8
      thresh= 1.000E-02 alpha_mix =  0.300 |ddv_scf|^2 =  9.192E-07

      iter #   2 total cpu time :    61.5 secs   av.it.:   5.9
      thresh= 9.587E-05 alpha_mix =  0.300 |ddv_scf|^2 =  2.759E-07

      iter #   3 total cpu time :    61.7 secs   av.it.:   6.1
      thresh= 5.253E-05 alpha_mix =  0.300 |ddv_scf|^2 =  1.564E-08

      iter #   4 total cpu time :    62.0 secs   av.it.:   6.0
      thresh= 1.251E-05 alpha_mix =  0.300 |ddv_scf|^2 =  2.262E-10

      iter #   5 total cpu time :    62.2 secs   av.it.:   6.2
      thresh= 1.504E-06 alpha_mix =  0.300 |ddv_scf|^2 =  6.915E-11

      iter #   6 total cpu time :    62.5 secs   av.it.:   5.9
      thresh= 8.316E-07 alpha_mix =  0.300 |ddv_scf|^2 =  6.555E-13

      iter #   7 total cpu time :    62.7 secs   av.it.:   6.8
      thresh= 8.096E-08 alpha_mix =  0.300 |ddv_scf|^2 =  5.379E-15

      iter #   8 total cpu time :    63.0 secs   av.it.:   6.8
      thresh= 7.334E-09 alpha_mix =  0.300 |ddv_scf|^2 =  3.313E-16

     End of self-consistent calculation

     Convergence has been achieved 


     Representation #   4 mode #   4

     Self-consistent Calculation

      iter #   1 total cpu time :    63.3 secs   av.it.:   2.8
      thresh= 1.000E-02 alpha_mix =  0.300 |ddv_scf|^2 =  9.192E-07

      iter #   2 total cpu time :    63.5 secs   av.it.:   5.9
      thresh= 9.587E-05 alpha_mix =  0.300 |ddv_scf|^2 =  2.759E-07

      iter #   3 total cpu time :    63.8 secs   av.it.:   6.1
      thresh= 5.253E-05 alpha_mix =  0.300 |ddv_scf|^2 =  1.564E-08

      iter #   4 total cpu time :    64.0 secs   av.it.:   6.0
      thresh= 1.251E-05 alpha_mix =  0.300 |ddv_scf|^2 =  2.262E-10

      iter #   5 total cpu time :    64.3 secs   av.it.:   6.2
      thresh= 1.504E-06 alpha_mix =  0.300 |ddv_scf|^2 =  6.915E-11

      iter #   6 total cpu time :    64.5 secs   av.it.:   5.9
      thresh= 8.316E-07 alpha_mix =  0.300 |ddv_scf|^2 =  6.555E-13

      iter #   7 total cpu time :    64.8 secs   av.it.:   6.8
      thresh= 8.096E-08 alpha_mix =  0.300 |ddv_scf|^2 =  5.379E-15

      iter #   8 total cpu time :    65.0 secs   av.it.:   6.8
      thresh= 7.334E-09 alpha_mix =  0.300 |ddv_scf|^2 =  3.313E-16

     End of self-consistent calculation

     Convergence has been achieved 


     Representation #   5 mode #   5

     Self-consistent Calculation

      iter #   1 total cpu time :    65.3 secs   av.it.:   2.8
      thresh= 1.000E-02 alpha_mix =  0.300 |ddv_scf|^2 =  1.543E-04

      iter #   2 total cpu time :    65.6 secs   av.it.:   5.3
      thresh= 1.242E-03 alpha_mix =  0.300 |ddv_scf|^2 =  5.579E-04

      iter #   3 total cpu time :    65.8 secs   av.it.:   5.1
      thresh= 1.242E-03 alpha_mix =  0.300 |ddv_scf|^2 =  3.781E-08

      iter #   4 total cpu time :    66.1 secs   av.it.:   6.4
      thresh= 1.944E-05 alpha_mix =  0.300 |ddv_scf|^2 =  1.142E-08

      iter #   5 total cpu time :    66.3 secs   av.it.:   5.9
      thresh= 1.069E-05 alpha_mix =  0.300 |ddv_scf|^2 =  1.956E-09

      iter #   6 total cpu time :    66.6 secs   av.it.:   6.0
      thresh= 4.423E-06 alpha_mix =  0.300 |ddv_scf|^2 =  1.544E-11

      iter #   7 total cpu time :    66.8 secs   av.it.:   6.9
      thresh= 3.929E-07 alpha_mix =  0.300 |ddv_scf|^2 =  3.620E-12

      iter #   8 total cpu time :    67.1 secs   av.it.:   6.5
      thresh= 1.903E-07 alpha_mix =  0.300 |ddv_scf|^2 =  2.295E-12

      iter #   9 total cpu time :    67.3 secs   av.it.:   5.1
      thresh= 1.515E-07 alpha_mix =  0.300 |ddv_scf|^2 =  5.529E-13

      iter #  10 total cpu time :    67.6 secs   av.it.:   5.8
      thresh= 7.436E-08 alpha_mix =  0.300 |ddv_scf|^2 =  3.339E-13

      iter #  11 total cpu time :    67.8 secs   av.it.:   5.9
      thresh= 5.778E-08 alpha_mix =  0.300 |ddv_scf|^2 =  2.522E-14

      iter #  12 total cpu time :    68.1 secs   av.it.:   6.3
      thresh= 1.588E-08 alpha_mix =  0.300 |ddv_scf|^2 =  2.573E-15

      iter #  13 total cpu time :    68.3 secs   av.it.:   6.3
      thresh= 5.072E-09 alpha_mix =  0.300 |ddv_scf|^2 =  6.632E-16

     End of self-consistent calculation

     Convergence has been achieved 


     Representation #   6 mode #   6

     Self-consistent Calculation

      iter #   1 total cpu time :    68.6 secs   av.it.:   3.1
      thresh= 1.000E-02 alpha_mix =  0.300 |ddv_scf|^2 =  1.519E-04

      iter #   2 total cpu time :    68.9 secs   av.it.:   5.4
      thresh= 1.232E-03 alpha_mix =  0.300 |ddv_scf|^2 =  5.096E-04

      iter #   3 total cpu time :    69.1 secs   av.it.:   5.0
      thresh= 1.232E-03 alpha_mix =  0.300 |ddv_scf|^2 =  6.413E-07

      iter #   4 total cpu time :    69.4 secs   av.it.:   6.2
      thresh= 8.008E-05 alpha_mix =  0.300 |ddv_scf|^2 =  4.521E-08

      iter #   5 total cpu time :    69.6 secs   av.it.:   6.3
      thresh= 2.126E-05 alpha_mix =  0.300 |ddv_scf|^2 =  8.809E-09

      iter #   6 total cpu time :    69.9 secs   av.it.:   6.4
      thresh= 9.385E-06 alpha_mix =  0.300 |ddv_scf|^2 =  1.103E-09

      iter #   7 total cpu time :    70.1 secs   av.it.:   6.3
      thresh= 3.321E-06 alpha_mix =  0.300 |ddv_scf|^2 =  6.392E-10

      iter #   8 total cpu time :    70.4 secs   av.it.:   5.4
      thresh= 2.528E-06 alpha_mix =  0.300 |ddv_scf|^2 =  1.508E-11

      iter #   9 total cpu time :    70.6 secs   av.it.:   6.8
      thresh= 3.884E-07 alpha_mix =  0.300 |ddv_scf|^2 =  4.150E-12

      iter #  10 total cpu time :    70.9 secs   av.it.:   6.5
      thresh= 2.037E-07 alpha_mix =  0.300 |ddv_scf|^2 =  1.545E-12

      iter #  11 total cpu time :    71.1 secs   av.it.:   5.8
      thresh= 1.243E-07 alpha_mix =  0.300 |ddv_scf|^2 =  1.626E-13

      iter #  12 total cpu time :    71.4 secs   av.it.:   6.0
      thresh= 4.032E-08 alpha_mix =  0.300 |ddv_scf|^2 =  5.710E-14

      iter #  13 total cpu time :    71.6 secs   av.it.:   6.4
      thresh= 2.390E-08 alpha_mix =  0.300 |ddv_scf|^2 =  3.344E-14

      iter #  14 total cpu time :    71.9 secs   av.it.:   5.2
      thresh= 1.829E-08 alpha_mix =  0.300 |ddv_scf|^2 =  1.596E-14

      iter #  15 total cpu time :    72.1 secs   av.it.:   5.8
      thresh= 1.263E-08 alpha_mix =  0.300 |ddv_scf|^2 =  1.084E-15

      iter #  16 total cpu time :    72.4 secs   av.it.:   6.3
      thresh= 3.293E-09 alpha_mix =  0.300 |ddv_scf|^2 =  2.311E-16

     End of self-consistent calculation

     Convergence has been achieved 


     Representation #   7 mode #   7

     Self-consistent Calculation

      iter #   1 total cpu time :    72.7 secs   av.it.:   3.1
      thresh= 1.000E-02 alpha_mix =  0.300 |ddv_scf|^2 =  1.844E-04

      iter #   2 total cpu time :    72.9 secs   av.it.:   5.4
      thresh= 1.358E-03 alpha_mix =  0.300 |ddv_scf|^2 =  6.312E-04

      iter #   3 total cpu time :    73.2 secs   av.it.:   5.0
      thresh= 1.358E-03 alpha_mix =  0.300 |ddv_scf|^2 =  5.292E-07

      iter #   4 total cpu time :    73.4 secs   av.it.:   6.3
      thresh= 7.275E-05 alpha_mix =  0.300 |ddv_scf|^2 =  4.257E-08

      iter #   5 total cpu time :    73.7 secs   av.it.:   6.3
      thresh= 2.063E-05 alpha_mix =  0.300 |ddv_scf|^2 =  9.536E-09

      iter #   6 total cpu time :    73.9 secs   av.it.:   6.5
      thresh= 9.765E-06 alpha_mix =  0.300 |ddv_scf|^2 =  1.044E-09

      iter #   7 total cpu time :    74.2 secs   av.it.:   6.2
      thresh= 3.231E-06 alpha_mix =  0.300 |ddv_scf|^2 =  1.065E-09

      iter #   8 total cpu time :    74.4 secs   av.it.:   5.8
      thresh= 3.231E-06 alpha_mix =  0.300 |ddv_scf|^2 =  1.051E-11

      iter #   9 total cpu time :    74.7 secs   av.it.:   6.7
      thresh= 3.243E-07 alpha_mix =  0.300 |ddv_scf|^2 =  3.694E-12

      iter #  10 total cpu time :    74.9 secs   av.it.:   6.4
      thresh= 1.922E-07 alpha_mix =  0.300 |ddv_scf|^2 =  3.948E-13

      iter #  11 total cpu time :    75.2 secs   av.it.:   6.5
      thresh= 6.283E-08 alpha_mix =  0.300 |ddv_scf|^2 =  2.136E-13

      iter #  12 total cpu time :    75.4 secs   av.it.:   5.1
      thresh= 4.622E-08 alpha_mix =  0.300 |ddv_scf|^2 =  3.521E-14

      iter #  13 total cpu time :    75.7 secs   av.it.:   6.4
      thresh= 1.877E-08 alpha_mix =  0.300 |ddv_scf|^2 =  3.799E-14

      iter #  14 total cpu time :    75.9 secs   av.it.:   6.0
      thresh= 1.877E-08 alpha_mix =  0.300 |ddv_scf|^2 =  5.427E-15

      iter #  15 total cpu time :    76.2 secs   av.it.:   6.1
      thresh= 7.367E-09 alpha_mix =  0.300 |ddv_scf|^2 =  1.756E-16

     End of self-consistent calculation

     Convergence has been achieved 


     Representation #   8 mode #   8

     Self-consistent Calculation

      iter #   1 total cpu time :    76.4 secs   av.it.:   1.9
      thresh= 1.000E-02 alpha_mix =  0.300 |ddv_scf|^2 =  7.444E-08

      iter #   2 total cpu time :    76.7 secs   av.it.:   5.9
      thresh= 2.728E-05 alpha_mix =  0.300 |ddv_scf|^2 =  3.551E-08

      iter #   3 total cpu time :    76.9 secs   av.it.:   5.8
      thresh= 1.884E-05 alpha_mix =  0.300 |ddv_scf|^2 =  4.951E-10

      iter #   4 total cpu time :    77.2 secs   av.it.:   6.5
      thresh= 2.225E-06 alpha_mix =  0.300 |ddv_scf|^2 =  1.594E-11

      iter #   5 total cpu time :    77.5 secs   av.it.:   6.1
      thresh= 3.993E-07 alpha_mix =  0.300 |ddv_scf|^2 =  3.843E-12

      iter #   6 total cpu time :    77.7 secs   av.it.:   6.3
      thresh= 1.960E-07 alpha_mix =  0.300 |ddv_scf|^2 =  1.606E-14

      iter #   7 total cpu time :    78.0 secs   av.it.:   6.7
      thresh= 1.267E-08 alpha_mix =  0.300 |ddv_scf|^2 =  2.405E-15

      iter #   8 total cpu time :    78.2 secs   av.it.:   6.7
      thresh= 4.904E-09 alpha_mix =  0.300 |ddv_scf|^2 =  4.454E-17

     End of self-consistent calculation

     Convergence has been achieved 


     Representation #   9 mode #   9

     Self-consistent Calculation

      iter #   1 total cpu time :    78.5 secs   av.it.:   3.3
      thresh= 1.000E-02 alpha_mix =  0.300 |ddv_scf|^2 =  4.822E-04

      iter #   2 total cpu time :    78.8 secs   av.it.:   5.5
      thresh= 2.196E-03 alpha_mix =  0.300 |ddv_scf|^2 =  1.741E-03

      iter #   3 total cpu time :    79.0 secs   av.it.:   5.1
      thresh= 2.196E-03 alpha_mix =  0.300 |ddv_scf|^2 =  2.308E-07

      iter #   4 total cpu time :    79.3 secs   av.it.:   6.7
      thresh= 4.804E-05 alpha_mix =  0.300 |ddv_scf|^2 =  4.264E-08

      iter #   5 total cpu time :    79.5 secs   av.it.:   6.3
      thresh= 2.065E-05 alpha_mix =  0.300 |ddv_scf|^2 =  6.796E-09

      iter #   6 total cpu time :    79.8 secs   av.it.:   6.4
      thresh= 8.244E-06 alpha_mix =  0.300 |ddv_scf|^2 =  8.573E-10

      iter #   7 total cpu time :    80.0 secs   av.it.:   6.7
      thresh= 2.928E-06 alpha_mix =  0.300 |ddv_scf|^2 =  5.897E-10

      iter #   8 total cpu time :    80.3 secs   av.it.:   5.2
      thresh= 2.428E-06 alpha_mix =  0.300 |ddv_scf|^2 =  2.390E-10

      iter #   9 total cpu time :    80.5 secs   av.it.:   5.1
      thresh= 1.546E-06 alpha_mix =  0.300 |ddv_scf|^2 =  1.019E-10

      iter #  10 total cpu time :    80.8 secs   av.it.:   5.6
      thresh= 1.009E-06 alpha_mix =  0.300 |ddv_scf|^2 =  8.896E-12

      iter #  11 total cpu time :    81.0 secs   av.it.:   6.6
      thresh= 2.983E-07 alpha_mix =  0.300 |ddv_scf|^2 =  1.436E-12

      iter #  12 total cpu time :    81.3 secs   av.it.:   6.0
      thresh= 1.198E-07 alpha_mix =  0.300 |ddv_scf|^2 =  2.663E-13

      iter #  13 total cpu time :    81.5 secs   av.it.:   6.6
      thresh= 5.161E-08 alpha_mix =  0.300 |ddv_scf|^2 =  5.713E-14

      iter #  14 total cpu time :    81.8 secs   av.it.:   6.2
      thresh= 2.390E-08 alpha_mix =  0.300 |ddv_scf|^2 =  3.256E-14

      iter #  15 total cpu time :    82.0 secs   av.it.:   6.1
      thresh= 1.804E-08 alpha_mix =  0.300 |ddv_scf|^2 =  6.398E-15

      iter #  16 total cpu time :    82.3 secs   av.it.:   5.8
      thresh= 7.999E-09 alpha_mix =  0.300 |ddv_scf|^2 =  8.845E-16

     End of self-consistent calculation

     Convergence has been achieved 
 
     Number of q in the star =   12
     List of q in the star:
          1   0.000000000   0.288675135   0.145452854
          2   0.000000000  -0.288675135   0.145452854
          3   0.250000000   0.144337567   0.145452854
          4  -0.250000000   0.144337567   0.145452854
          5   0.250000000  -0.144337567   0.145452854
          6  -0.250000000  -0.144337567   0.145452854
          7   0.000000000  -0.288675135  -0.145452854
          8   0.250000000   0.144337567  -0.145452854
          9   0.000000000   0.288675135  -0.145452854
         10   0.250000000  -0.144337567  -0.145452854
         11  -0.250000000  -0.144337567  -0.145452854
         12  -0.250000000   0.144337567  -0.145452854

     Diagonalizing the dynamical matrix

     q = (    0.000000000   0.288675135   0.145452854 ) 

 **************************************************************************
     freq (    1) =       6.366698 [THz] =     212.370175 [cm-1]
     freq (    2) =       6.445089 [THz] =     214.985039 [cm-1]
     freq (    3) =       8.525403 [THz] =     284.376849 [cm-1]
     freq (    4) =      11.905052 [THz] =     397.109774 [cm-1]
     freq (    5) =      12.192616 [THz] =     406.701905 [cm-1]
     freq (    6) =      15.378276 [THz] =     512.964058 [cm-1]
     freq (    7) =      19.667352 [THz] =     656.032238 [cm-1]
     freq (    8) =      21.175198 [THz] =     706.328569 [cm-1]
     freq (    9) =      21.401331 [THz] =     713.871557 [cm-1]
 **************************************************************************

     Calculation of q =    0.0000000   0.2886751  -0.4363586
     [opt_tetra]  Optimized tetrahedron method is used.
     Message from routine divide_et_impera:
     suboptimal parallelization: some nodes have no k-points
 
     G-vector sticks info
     --------------------
     sticks:   dense  smooth     PW     G-vecs:    dense   smooth      PW
     Sum         649     313    121                15395     5449    1287
 
     Using Slab Decomposition
 

     Title: 
     Phonon                                                                     


     bravais-lattice index     =            0
     lattice parameter (alat)  =       5.8042  a.u.
     unit-cell volume          =     194.0373 (a.u.)^3
     number of atoms/cell      =            3
     number of atomic types    =            2
     number of electrons       =         8.00
     number of Kohn-Sham states=            8
     kinetic-energy cutoff     =      35.0000  Ry
     charge density cutoff     =     280.0000  Ry
     Exchange-correlation= PBE
                           (   1   4   3   4   0   0   0)

     celldm(1)=   5.804205  celldm(2)=   0.000000  celldm(3)=   0.000000
     celldm(4)=   0.000000  celldm(5)=   0.000000  celldm(6)=   0.000000

     crystal axes: (cart. coord. in units of alat)
               a(1) = (   1.000000   0.000000   0.000000 )  
               a(2) = (  -0.500000   0.866025   0.000000 )  
               a(3) = (   0.000000   0.000000   1.145847 )  

     reciprocal axes: (cart. coord. in units 2 pi/alat)
               b(1) = (  1.000000  0.577350  0.000000 )  
               b(2) = (  0.000000  1.154701  0.000000 )  
               b(3) = (  0.000000  0.000000  0.872717 )  


     PseudoPot. # 1 for B  read from file:
     ./B.pbe-n-kjpaw_psl.0.1.upf
     MD5 check sum: b4345a612e0782cca08559f453f3313f
     Pseudo is Projector augmented-wave + core cor, Zval =  3.0
     Generated using "atomic" code by A. Dal Corso  v.5.0.99 svn rev. 10869
     Shape of augmentation charge: BESSEL
     Using radial grid of 1059 points,  4 beta functions with: 
                l(1) =   0
                l(2) =   0
                l(3) =   1
                l(4) =   1
     Q(r) pseudized with 0 coefficients 


     PseudoPot. # 2 for Mg read from file:
     ./Mg.pbe-n-kjpaw_psl.0.3.0.upf
     MD5 check sum: 9eaefceb6cf3903db1b93e4e5c6adf9a
     Pseudo is Projector augmented-wave + core cor, Zval =  2.0
     Generated using "atomic" code by A. Dal Corso  v.5.0.99 svn rev. 10869
     Shape of augmentation charge: PSQ
     Using radial grid of 1129 points,  4 beta functions with: 
                l(1) =   0
                l(2) =   0
                l(3) =   1
                l(4) =   1
     Q(r) pseudized with 0 coefficients 


     atomic species   valence    mass     pseudopotential
     B                 3.00    10.81100     B ( 1.00)
     Mg                2.00    24.30500     Mg( 1.00)

     24 Sym. Ops., with inversion, found



   Cartesian axes

     site n.     atom                  positions (alat units)
         1        Mg     tau(   1) = (   0.0000000   0.0000000   0.0000000  )
         2        B      tau(   2) = (   0.0000000   0.5773503   0.5729233  )
         3        B      tau(   3) = (   0.5000000   0.2886751   0.5729233  )

     number of k points=   288 (tetrahedron method)

     Number of k-points >= 100: set verbosity='high' to print them.

     Dense  grid:    15395 G-vectors     FFT dimensions: (  32,  32,  36)

     Smooth grid:     5449 G-vectors     FFT dimensions: (  24,  24,  25)

     Estimated max dynamical RAM per process >       7.40 MB

     Estimated total dynamical RAM >       4.16 GB

     Check: negative core charge=   -0.000006

     The potential is recalculated from file :
     ./_ph0/pwscf.q_4/pwscf.save/charge-density

     Starting wfcs are   12 atomic wfcs
     Checking if some PAW data can be deallocated... 

     Band Structure Calculation
     Davidson diagonalization with overlap

     ethr =  1.25E-10,  avg # of iterations = 19.8

     total cpu time spent up to now is        3.1 secs

     End of band structure calculation

     Number of k-points >= 100: set verbosity='high' to print the bands.

     the Fermi energy is     7.6604 ev
 
     [dfpt_tetra]  Dos(E_F)[/Ry] :   0.8845642E+01

     Phonon                                                                     

     bravais-lattice index     =            0
     lattice parameter (alat)  =       5.8042  a.u.
     unit-cell volume          =     194.0373 (a.u.)^3
     number of atoms/cell      =            3
     number of atomic types    =            2
     kinetic-energy cut-off    =      35.0000  Ry
     charge density cut-off    =     280.0000  Ry
     convergence threshold     =      1.0E-15
     beta                      =       0.3000
     number of iterations used =            4
     Exchange-correlation= PBE
                           (   1   4   3   4   0   0   0)


     celldm(1)=    5.80420  celldm(2)=    0.00000  celldm(3)=    0.00000
     celldm(4)=    0.00000  celldm(5)=    0.00000  celldm(6)=    0.00000

     crystal axes: (cart. coord. in units of alat)
               a(1) = (  1.0000  0.0000  0.0000 )  
               a(2) = ( -0.5000  0.8660  0.0000 )  
               a(3) = (  0.0000  0.0000  1.1458 )  

     reciprocal axes: (cart. coord. in units 2 pi/alat)
               b(1) = (  1.0000  0.5774  0.0000 )  
               b(2) = (  0.0000  1.1547  0.0000 )  
               b(3) = (  0.0000  0.0000  0.8727 )  


     Atoms inside the unit cell: 

     Cartesian axes

     site n.  atom      mass           positions (alat units)
        1  Mg     24.3050   tau(    1) = (    0.00000    0.00000    0.00000  )
        2  B      10.8110   tau(    2) = (    0.00000    0.57735    0.57292  )
        3  B      10.8110   tau(    3) = (    0.50000    0.28868    0.57292  )

     Computing dynamical matrix for 
                    q = (   0.0000000   0.2886751  -0.4363586 )
 
      4 Sym.Ops. (no q -> -q+G )


     G cutoff =  238.9372  (  15395 G-vectors)     FFT grid: ( 32, 32, 36)
     G cutoff =  119.4686  (   5449 G-vectors)  smooth grid: ( 24, 24, 25)
     number of k points=   288

     PseudoPot. # 1 for B  read from file:
     ./B.pbe-n-kjpaw_psl.0.1.upf
     MD5 check sum: b4345a612e0782cca08559f453f3313f
     Pseudo is Projector augmented-wave + core cor, Zval =  3.0
     Generated using "atomic" code by A. Dal Corso  v.5.0.99 svn rev. 10869
     Shape of augmentation charge: BESSEL
     Using radial grid of 1059 points,  4 beta functions with: 
                l(1) =   0
                l(2) =   0
                l(3) =   1
                l(4) =   1
     Q(r) pseudized with 0 coefficients 


     PseudoPot. # 2 for Mg read from file:
     ./Mg.pbe-n-kjpaw_psl.0.3.0.upf
     MD5 check sum: 9eaefceb6cf3903db1b93e4e5c6adf9a
     Pseudo is Projector augmented-wave + core cor, Zval =  2.0
     Generated using "atomic" code by A. Dal Corso  v.5.0.99 svn rev. 10869
     Shape of augmentation charge: PSQ
     Using radial grid of 1129 points,  4 beta functions with: 
                l(1) =   0
                l(2) =   0
                l(3) =   1
                l(4) =   1
     Q(r) pseudized with 0 coefficients 



     Atomic displacements:
     There are    9 irreducible representations

     Representation     1      1 modes -  To be done

     Representation     2      1 modes -  To be done

     Representation     3      1 modes -  To be done

     Representation     4      1 modes -  To be done

     Representation     5      1 modes -  To be done

     Representation     6      1 modes -  To be done

     Representation     7      1 modes -  To be done

     Representation     8      1 modes -  To be done

     Representation     9      1 modes -  To be done



     Alpha used in Ewald sum =   2.8000
     PHONON       :   1m20.77s CPU   1m23.85s WALL



     Representation #   1 mode #   1

     Self-consistent Calculation

      iter #   1 total cpu time :    84.1 secs   av.it.:   3.0
      thresh= 1.000E-02 alpha_mix =  0.300 |ddv_scf|^2 =  3.280E-05

      iter #   2 total cpu time :    84.4 secs   av.it.:   5.5
      thresh= 5.727E-04 alpha_mix =  0.300 |ddv_scf|^2 =  1.031E-05

      iter #   3 total cpu time :    84.6 secs   av.it.:   5.1
      thresh= 3.210E-04 alpha_mix =  0.300 |ddv_scf|^2 =  1.610E-07

      iter #   4 total cpu time :    84.9 secs   av.it.:   5.7
      thresh= 4.013E-05 alpha_mix =  0.300 |ddv_scf|^2 =  2.310E-08

      iter #   5 total cpu time :    85.1 secs   av.it.:   6.0
      thresh= 1.520E-05 alpha_mix =  0.300 |ddv_scf|^2 =  1.837E-09

      iter #   6 total cpu time :    85.4 secs   av.it.:   5.8
      thresh= 4.286E-06 alpha_mix =  0.300 |ddv_scf|^2 =  1.394E-10

      iter #   7 total cpu time :    85.7 secs   av.it.:   6.0
      thresh= 1.181E-06 alpha_mix =  0.300 |ddv_scf|^2 =  2.090E-11

      iter #   8 total cpu time :    85.9 secs   av.it.:   5.8
      thresh= 4.572E-07 alpha_mix =  0.300 |ddv_scf|^2 =  3.422E-12

      iter #   9 total cpu time :    86.2 secs   av.it.:   5.8
      thresh= 1.850E-07 alpha_mix =  0.300 |ddv_scf|^2 =  2.000E-13

      iter #  10 total cpu time :    86.5 secs   av.it.:   5.7
      thresh= 4.473E-08 alpha_mix =  0.300 |ddv_scf|^2 =  6.224E-14

      iter #  11 total cpu time :    86.7 secs   av.it.:   6.0
      thresh= 2.495E-08 alpha_mix =  0.300 |ddv_scf|^2 =  1.247E-14

      iter #  12 total cpu time :    87.0 secs   av.it.:   6.2
      thresh= 1.117E-08 alpha_mix =  0.300 |ddv_scf|^2 =  3.791E-16

     End of self-consistent calculation

     Convergence has been achieved 


     Representation #   2 mode #   2

     Self-consistent Calculation

      iter #   1 total cpu time :    87.3 secs   av.it.:   2.5
      thresh= 1.000E-02 alpha_mix =  0.300 |ddv_scf|^2 =  1.569E-05

      iter #   2 total cpu time :    87.5 secs   av.it.:   5.4
      thresh= 3.961E-04 alpha_mix =  0.300 |ddv_scf|^2 =  5.466E-06

      iter #   3 total cpu time :    87.8 secs   av.it.:   5.1
      thresh= 2.338E-04 alpha_mix =  0.300 |ddv_scf|^2 =  2.139E-08

      iter #   4 total cpu time :    88.1 secs   av.it.:   5.8
      thresh= 1.463E-05 alpha_mix =  0.300 |ddv_scf|^2 =  3.523E-09

      iter #   5 total cpu time :    88.3 secs   av.it.:   5.7
      thresh= 5.935E-06 alpha_mix =  0.300 |ddv_scf|^2 =  1.307E-10

      iter #   6 total cpu time :    88.6 secs   av.it.:   5.7
      thresh= 1.143E-06 alpha_mix =  0.300 |ddv_scf|^2 =  1.353E-11

      iter #   7 total cpu time :    88.9 secs   av.it.:   6.2
      thresh= 3.678E-07 alpha_mix =  0.300 |ddv_scf|^2 =  9.473E-13

      iter #   8 total cpu time :    89.1 secs   av.it.:   5.3
      thresh= 9.733E-08 alpha_mix =  0.300 |ddv_scf|^2 =  3.327E-13

      iter #   9 total cpu time :    89.4 secs   av.it.:   5.7
      thresh= 5.768E-08 alpha_mix =  0.300 |ddv_scf|^2 =  4.471E-14

      iter #  10 total cpu time :    89.7 secs   av.it.:   6.0
      thresh= 2.114E-08 alpha_mix =  0.300 |ddv_scf|^2 =  2.283E-15

      iter #  11 total cpu time :    89.9 secs   av.it.:   5.9
      thresh= 4.778E-09 alpha_mix =  0.300 |ddv_scf|^2 =  3.089E-16

     End of self-consistent calculation

     Convergence has been achieved 


     Representation #   3 mode #   3

     Self-consistent Calculation

      iter #   1 total cpu time :    90.2 secs   av.it.:   2.8
      thresh= 1.000E-02 alpha_mix =  0.300 |ddv_scf|^2 =  8.172E-07

      iter #   2 total cpu time :    90.5 secs   av.it.:   5.5
      thresh= 9.040E-05 alpha_mix =  0.300 |ddv_scf|^2 =  2.573E-07

      iter #   3 total cpu time :    90.7 secs   av.it.:   5.8
      thresh= 5.073E-05 alpha_mix =  0.300 |ddv_scf|^2 =  1.445E-08

      iter #   4 total cpu time :    91.0 secs   av.it.:   5.7
      thresh= 1.202E-05 alpha_mix =  0.300 |ddv_scf|^2 =  2.070E-10

      iter #   5 total cpu time :    91.3 secs   av.it.:   5.7
      thresh= 1.439E-06 alpha_mix =  0.300 |ddv_scf|^2 =  6.438E-11

      iter #   6 total cpu time :    91.5 secs   av.it.:   5.5
      thresh= 8.024E-07 alpha_mix =  0.300 |ddv_scf|^2 =  4.835E-13

      iter #   7 total cpu time :    91.8 secs   av.it.:   6.3
      thresh= 6.954E-08 alpha_mix =  0.300 |ddv_scf|^2 =  5.054E-15

      iter #   8 total cpu time :    92.1 secs   av.it.:   6.4
      thresh= 7.109E-09 alpha_mix =  0.300 |ddv_scf|^2 =  2.150E-16

     End of self-consistent calculation

     Convergence has been achieved 


     Representation #   4 mode #   4

     Self-consistent Calculation

      iter #   1 total cpu time :    92.4 secs   av.it.:   2.8
      thresh= 1.000E-02 alpha_mix =  0.300 |ddv_scf|^2 =  8.172E-07

      iter #   2 total cpu time :    92.6 secs   av.it.:   5.5
      thresh= 9.040E-05 alpha_mix =  0.300 |ddv_scf|^2 =  2.573E-07

      iter #   3 total cpu time :    92.9 secs   av.it.:   5.8
      thresh= 5.073E-05 alpha_mix =  0.300 |ddv_scf|^2 =  1.445E-08

      iter #   4 total cpu time :    93.2 secs   av.it.:   5.7
      thresh= 1.202E-05 alpha_mix =  0.300 |ddv_scf|^2 =  2.070E-10

      iter #   5 total cpu time :    93.4 secs   av.it.:   5.7
      thresh= 1.439E-06 alpha_mix =  0.300 |ddv_scf|^2 =  6.438E-11

      iter #   6 total cpu time :    93.7 secs   av.it.:   5.5
      thresh= 8.024E-07 alpha_mix =  0.300 |ddv_scf|^2 =  4.835E-13

      iter #   7 total cpu time :    94.0 secs   av.it.:   6.3
      thresh= 6.954E-08 alpha_mix =  0.300 |ddv_scf|^2 =  5.054E-15

      iter #   8 total cpu time :    94.2 secs   av.it.:   6.4
      thresh= 7.109E-09 alpha_mix =  0.300 |ddv_scf|^2 =  2.150E-16

     End of self-consistent calculation

     Convergence has been achieved 


     Representation #   5 mode #   5

     Self-consistent Calculation

      iter #   1 total cpu time :    94.5 secs   av.it.:   2.2
      thresh= 1.000E-02 alpha_mix =  0.300 |ddv_scf|^2 =  3.066E-06

      iter #   2 total cpu time :    94.8 secs   av.it.:   5.3
      thresh= 1.751E-04 alpha_mix =  0.300 |ddv_scf|^2 =  4.859E-08

      iter #   3 total cpu time :    95.0 secs   av.it.:   5.2
      thresh= 2.204E-05 alpha_mix =  0.300 |ddv_scf|^2 =  1.709E-08

      iter #   4 total cpu time :    95.3 secs   av.it.:   5.5
      thresh= 1.307E-05 alpha_mix =  0.300 |ddv_scf|^2 =  1.162E-10

      iter #   5 total cpu time :    95.6 secs   av.it.:   6.3
      thresh= 1.078E-06 alpha_mix =  0.300 |ddv_scf|^2 =  1.268E-11

      iter #   6 total cpu time :    95.8 secs   av.it.:   5.7
      thresh= 3.561E-07 alpha_mix =  0.300 |ddv_scf|^2 =  1.177E-12

      iter #   7 total cpu time :    96.1 secs   av.it.:   6.0
      thresh= 1.085E-07 alpha_mix =  0.300 |ddv_scf|^2 =  6.961E-15

      iter #   8 total cpu time :    96.4 secs   av.it.:   5.8
      thresh= 8.343E-09 alpha_mix =  0.300 |ddv_scf|^2 =  2.639E-15

      iter #   9 total cpu time :    96.6 secs   av.it.:   6.1
      thresh= 5.137E-09 alpha_mix =  0.300 |ddv_scf|^2 =  1.284E-17

     End of self-consistent calculation

     Convergence has been achieved 


     Representation #   6 mode #   6

     Self-consistent Calculation

      iter #   1 total cpu time :    96.9 secs   av.it.:   3.0
      thresh= 1.000E-02 alpha_mix =  0.300 |ddv_scf|^2 =  3.554E-05

      iter #   2 total cpu time :    97.2 secs   av.it.:   5.1
      thresh= 5.961E-04 alpha_mix =  0.300 |ddv_scf|^2 =  2.716E-07

      iter #   3 total cpu time :    97.4 secs   av.it.:   5.7
      thresh= 5.211E-05 alpha_mix =  0.300 |ddv_scf|^2 =  7.263E-08

      iter #   4 total cpu time :    97.7 secs   av.it.:   6.0
      thresh= 2.695E-05 alpha_mix =  0.300 |ddv_scf|^2 =  2.584E-09

      iter #   5 total cpu time :    98.0 secs   av.it.:   6.3
      thresh= 5.083E-06 alpha_mix =  0.300 |ddv_scf|^2 =  4.037E-11

      iter #   6 total cpu time :    98.2 secs   av.it.:   6.0
      thresh= 6.354E-07 alpha_mix =  0.300 |ddv_scf|^2 =  1.200E-11

      iter #   7 total cpu time :    98.5 secs   av.it.:   5.8
      thresh= 3.464E-07 alpha_mix =  0.300 |ddv_scf|^2 =  6.865E-14

      iter #   8 total cpu time :    98.8 secs   av.it.:   6.4
      thresh= 2.620E-08 alpha_mix =  0.300 |ddv_scf|^2 =  2.584E-14

      iter #   9 total cpu time :    99.0 secs   av.it.:   6.2
      thresh= 1.608E-08 alpha_mix =  0.300 |ddv_scf|^2 =  1.732E-16

     End of self-consistent calculation

     Convergence has been achieved 


     Representation #   7 mode #   7

     Self-consistent Calculation

      iter #   1 total cpu time :    99.3 secs   av.it.:   3.0
      thresh= 1.000E-02 alpha_mix =  0.300 |ddv_scf|^2 =  3.554E-05

      iter #   2 total cpu time :    99.6 secs   av.it.:   5.1
      thresh= 5.961E-04 alpha_mix =  0.300 |ddv_scf|^2 =  2.716E-07

      iter #   3 total cpu time :    99.8 secs   av.it.:   5.7
      thresh= 5.211E-05 alpha_mix =  0.300 |ddv_scf|^2 =  7.263E-08

      iter #   4 total cpu time :   100.1 secs   av.it.:   6.0
      thresh= 2.695E-05 alpha_mix =  0.300 |ddv_scf|^2 =  2.584E-09

      iter #   5 total cpu time :   100.4 secs   av.it.:   6.3
      thresh= 5.083E-06 alpha_mix =  0.300 |ddv_scf|^2 =  4.037E-11

      iter #   6 total cpu time :   100.7 secs   av.it.:   6.0
      thresh= 6.354E-07 alpha_mix =  0.300 |ddv_scf|^2 =  1.200E-11

      iter #   7 total cpu time :   100.9 secs   av.it.:   5.8
      thresh= 3.464E-07 alpha_mix =  0.300 |ddv_scf|^2 =  6.865E-14

      iter #   8 total cpu time :   101.2 secs   av.it.:   6.4
      thresh= 2.620E-08 alpha_mix =  0.300 |ddv_scf|^2 =  2.584E-14

      iter #   9 total cpu time :   101.4 secs   av.it.:   6.2
      thresh= 1.608E-08 alpha_mix =  0.300 |ddv_scf|^2 =  1.733E-16

     End of self-consistent calculation

     Convergence has been achieved 


     Representation #   8 mode #   8

     Self-consistent Calculation

      iter #   1 total cpu time :   101.7 secs   av.it.:   1.9
      thresh= 1.000E-02 alpha_mix =  0.300 |ddv_scf|^2 =  7.148E-08

      iter #   2 total cpu time :   102.0 secs   av.it.:   5.3
      thresh= 2.674E-05 alpha_mix =  0.300 |ddv_scf|^2 =  3.477E-08

      iter #   3 total cpu time :   102.3 secs   av.it.:   5.2
      thresh= 1.865E-05 alpha_mix =  0.300 |ddv_scf|^2 =  5.449E-11

      iter #   4 total cpu time :   102.5 secs   av.it.:   5.7
      thresh= 7.382E-07 alpha_mix =  0.300 |ddv_scf|^2 =  1.803E-11

      iter #   5 total cpu time :   102.8 secs   av.it.:   5.5
      thresh= 4.246E-07 alpha_mix =  0.300 |ddv_scf|^2 =  8.888E-14

      iter #   6 total cpu time :   103.1 secs   av.it.:   6.0
      thresh= 2.981E-08 alpha_mix =  0.300 |ddv_scf|^2 =  2.114E-15

      iter #   7 total cpu time :   103.3 secs   av.it.:   5.6
      thresh= 4.598E-09 alpha_mix =  0.300 |ddv_scf|^2 =  3.893E-16

     End of self-consistent calculation

     Convergence has been achieved 


     Representation #   9 mode #   9

     Self-consistent Calculation

      iter #   1 total cpu time :   103.6 secs   av.it.:   3.0
      thresh= 1.000E-02 alpha_mix =  0.300 |ddv_scf|^2 =  3.280E-05

      iter #   2 total cpu time :   103.9 secs   av.it.:   5.5
      thresh= 5.727E-04 alpha_mix =  0.300 |ddv_scf|^2 =  1.031E-05

      iter #   3 total cpu time :   104.1 secs   av.it.:   5.1
      thresh= 3.210E-04 alpha_mix =  0.300 |ddv_scf|^2 =  1.610E-07

      iter #   4 total cpu time :   104.4 secs   av.it.:   5.7
      thresh= 4.013E-05 alpha_mix =  0.300 |ddv_scf|^2 =  2.310E-08

      iter #   5 total cpu time :   104.7 secs   av.it.:   6.0
      thresh= 1.520E-05 alpha_mix =  0.300 |ddv_scf|^2 =  1.837E-09

      iter #   6 total cpu time :   104.9 secs   av.it.:   5.8
      thresh= 4.286E-06 alpha_mix =  0.300 |ddv_scf|^2 =  1.394E-10

      iter #   7 total cpu time :   105.2 secs   av.it.:   6.0
      thresh= 1.181E-06 alpha_mix =  0.300 |ddv_scf|^2 =  2.090E-11

      iter #   8 total cpu time :   105.5 secs   av.it.:   5.8
      thresh= 4.572E-07 alpha_mix =  0.300 |ddv_scf|^2 =  3.422E-12

      iter #   9 total cpu time :   105.7 secs   av.it.:   5.8
      thresh= 1.850E-07 alpha_mix =  0.300 |ddv_scf|^2 =  2.000E-13

      iter #  10 total cpu time :   106.0 secs   av.it.:   5.7
      thresh= 4.473E-08 alpha_mix =  0.300 |ddv_scf|^2 =  6.224E-14

      iter #  11 total cpu time :   106.3 secs   av.it.:   6.0
      thresh= 2.495E-08 alpha_mix =  0.300 |ddv_scf|^2 =  1.247E-14

      iter #  12 total cpu time :   106.5 secs   av.it.:   6.2
      thresh= 1.117E-08 alpha_mix =  0.300 |ddv_scf|^2 =  3.791E-16

     End of self-consistent calculation

     Convergence has been achieved 
 
     Number of q in the star =    6
     List of q in the star:
          1   0.000000000   0.288675135  -0.436358562
          2  -0.250000000   0.144337567  -0.436358562
          3   0.250000000  -0.144337567  -0.436358562
          4  -0.250000000  -0.144337567  -0.436358562
          5   0.250000000   0.144337567  -0.436358562
          6   0.000000000  -0.288675135  -0.436358562

     Diagonalizing the dynamical matrix

     q = (    0.000000000   0.288675135  -0.436358562 ) 

 **************************************************************************
     freq (    1) =       7.317816 [THz] =     244.096054 [cm-1]
     freq (    2) =       7.853935 [THz] =     261.979056 [cm-1]
     freq (    3) =       8.599974 [THz] =     286.864246 [cm-1]
     freq (    4) =      11.345504 [THz] =     378.445263 [cm-1]
     freq (    5) =      12.950183 [THz] =     431.971593 [cm-1]
     freq (    6) =      15.407103 [THz] =     513.925636 [cm-1]
     freq (    7) =      19.236026 [THz] =     641.644763 [cm-1]
     freq (    8) =      21.305592 [THz] =     710.678049 [cm-1]
     freq (    9) =      21.530714 [THz] =     718.187326 [cm-1]
 **************************************************************************

     Calculation of q =    0.0000000  -0.5773503   0.1454529
     [opt_tetra]  Optimized tetrahedron method is used.
     Message from routine divide_et_impera:
     suboptimal parallelization: some nodes have no k-points
 
     G-vector sticks info
     --------------------
     sticks:   dense  smooth     PW     G-vecs:    dense   smooth      PW
     Sum         649     313    121                15395     5449    1287
 
     Using Slab Decomposition
 

     Title: 
     Phonon                                                                     


     bravais-lattice index     =            0
     lattice parameter (alat)  =       5.8042  a.u.
     unit-cell volume          =     194.0373 (a.u.)^3
     number of atoms/cell      =            3
     number of atomic types    =            2
     number of electrons       =         8.00
     number of Kohn-Sham states=            8
     kinetic-energy cutoff     =      35.0000  Ry
     charge density cutoff     =     280.0000  Ry
     Exchange-correlation= PBE
                           (   1   4   3   4   0   0   0)

     celldm(1)=   5.804205  celldm(2)=   0.000000  celldm(3)=   0.000000
     celldm(4)=   0.000000  celldm(5)=   0.000000  celldm(6)=   0.000000

     crystal axes: (cart. coord. in units of alat)
               a(1) = (   1.000000   0.000000   0.000000 )  
               a(2) = (  -0.500000   0.866025   0.000000 )  
               a(3) = (   0.000000   0.000000   1.145847 )  

     reciprocal axes: (cart. coord. in units 2 pi/alat)
               b(1) = (  1.000000  0.577350  0.000000 )  
               b(2) = (  0.000000  1.154701  0.000000 )  
               b(3) = (  0.000000  0.000000  0.872717 )  


     PseudoPot. # 1 for B  read from file:
     ./B.pbe-n-kjpaw_psl.0.1.upf
     MD5 check sum: b4345a612e0782cca08559f453f3313f
     Pseudo is Projector augmented-wave + core cor, Zval =  3.0
     Generated using "atomic" code by A. Dal Corso  v.5.0.99 svn rev. 10869
     Shape of augmentation charge: BESSEL
     Using radial grid of 1059 points,  4 beta functions with: 
                l(1) =   0
                l(2) =   0
                l(3) =   1
                l(4) =   1
     Q(r) pseudized with 0 coefficients 


     PseudoPot. # 2 for Mg read from file:
     ./Mg.pbe-n-kjpaw_psl.0.3.0.upf
     MD5 check sum: 9eaefceb6cf3903db1b93e4e5c6adf9a
     Pseudo is Projector augmented-wave + core cor, Zval =  2.0
     Generated using "atomic" code by A. Dal Corso  v.5.0.99 svn rev. 10869
     Shape of augmentation charge: PSQ
     Using radial grid of 1129 points,  4 beta functions with: 
                l(1) =   0
                l(2) =   0
                l(3) =   1
                l(4) =   1
     Q(r) pseudized with 0 coefficients 


     atomic species   valence    mass     pseudopotential
     B                 3.00    10.81100     B ( 1.00)
     Mg                2.00    24.30500     Mg( 1.00)

     24 Sym. Ops., with inversion, found



   Cartesian axes

     site n.     atom                  positions (alat units)
         1        Mg     tau(   1) = (   0.0000000   0.0000000   0.0000000  )
         2        B      tau(   2) = (   0.0000000   0.5773503   0.5729233  )
         3        B      tau(   3) = (   0.5000000   0.2886751   0.5729233  )

     number of k points=   252 (tetrahedron method)

     Number of k-points >= 100: set verbosity='high' to print them.

     Dense  grid:    15395 G-vectors     FFT dimensions: (  32,  32,  36)

     Smooth grid:     5449 G-vectors     FFT dimensions: (  24,  24,  25)

     Estimated max dynamical RAM per process >       7.40 MB

     Estimated total dynamical RAM >       4.16 GB

     Check: negative core charge=   -0.000006

     The potential is recalculated from file :
     ./_ph0/pwscf.q_5/pwscf.save/charge-density

     Starting wfcs are   12 atomic wfcs
     Checking if some PAW data can be deallocated... 

     Band Structure Calculation
     Davidson diagonalization with overlap

     ethr =  1.25E-10,  avg # of iterations = 19.7

     total cpu time spent up to now is        3.8 secs

     End of band structure calculation

     Number of k-points >= 100: set verbosity='high' to print the bands.

     the Fermi energy is     7.6604 ev
 
     [dfpt_tetra]  Dos(E_F)[/Ry] :   0.8845642E+01

     Phonon                                                                     

     bravais-lattice index     =            0
     lattice parameter (alat)  =       5.8042  a.u.
     unit-cell volume          =     194.0373 (a.u.)^3
     number of atoms/cell      =            3
     number of atomic types    =            2
     kinetic-energy cut-off    =      35.0000  Ry
     charge density cut-off    =     280.0000  Ry
     convergence threshold     =      1.0E-15
     beta                      =       0.3000
     number of iterations used =            4
     Exchange-correlation= PBE
                           (   1   4   3   4   0   0   0)


     celldm(1)=    5.80420  celldm(2)=    0.00000  celldm(3)=    0.00000
     celldm(4)=    0.00000  celldm(5)=    0.00000  celldm(6)=    0.00000

     crystal axes: (cart. coord. in units of alat)
               a(1) = (  1.0000  0.0000  0.0000 )  
               a(2) = ( -0.5000  0.8660  0.0000 )  
               a(3) = (  0.0000  0.0000  1.1458 )  

     reciprocal axes: (cart. coord. in units 2 pi/alat)
               b(1) = (  1.0000  0.5774  0.0000 )  
               b(2) = (  0.0000  1.1547  0.0000 )  
               b(3) = (  0.0000  0.0000  0.8727 )  


     Atoms inside the unit cell: 

     Cartesian axes

     site n.  atom      mass           positions (alat units)
        1  Mg     24.3050   tau(    1) = (    0.00000    0.00000    0.00000  )
        2  B      10.8110   tau(    2) = (    0.00000    0.57735    0.57292  )
        3  B      10.8110   tau(    3) = (    0.50000    0.28868    0.57292  )

     Computing dynamical matrix for 
                    q = (   0.0000000  -0.5773503   0.1454529 )
 
      4 Sym.Ops. (no q -> -q+G )


     G cutoff =  238.9372  (  15395 G-vectors)     FFT grid: ( 32, 32, 36)
     G cutoff =  119.4686  (   5449 G-vectors)  smooth grid: ( 24, 24, 25)
     number of k points=   252

     PseudoPot. # 1 for B  read from file:
     ./B.pbe-n-kjpaw_psl.0.1.upf
     MD5 check sum: b4345a612e0782cca08559f453f3313f
     Pseudo is Projector augmented-wave + core cor, Zval =  3.0
     Generated using "atomic" code by A. Dal Corso  v.5.0.99 svn rev. 10869
     Shape of augmentation charge: BESSEL
     Using radial grid of 1059 points,  4 beta functions with: 
                l(1) =   0
                l(2) =   0
                l(3) =   1
                l(4) =   1
     Q(r) pseudized with 0 coefficients 


     PseudoPot. # 2 for Mg read from file:
     ./Mg.pbe-n-kjpaw_psl.0.3.0.upf
     MD5 check sum: 9eaefceb6cf3903db1b93e4e5c6adf9a
     Pseudo is Projector augmented-wave + core cor, Zval =  2.0
     Generated using "atomic" code by A. Dal Corso  v.5.0.99 svn rev. 10869
     Shape of augmentation charge: PSQ
     Using radial grid of 1129 points,  4 beta functions with: 
                l(1) =   0
                l(2) =   0
                l(3) =   1
                l(4) =   1
     Q(r) pseudized with 0 coefficients 



     Atomic displacements:
     There are    9 irreducible representations

     Representation     1      1 modes -  To be done

     Representation     2      1 modes -  To be done

     Representation     3      1 modes -  To be done

     Representation     4      1 modes -  To be done

     Representation     5      1 modes -  To be done

     Representation     6      1 modes -  To be done

     Representation     7      1 modes -  To be done

     Representation     8      1 modes -  To be done

     Representation     9      1 modes -  To be done



     Alpha used in Ewald sum =   2.8000
     PHONON       :   1m44.28s CPU   1m48.11s WALL



     Representation #   1 mode #   1

     Self-consistent Calculation

      iter #   1 total cpu time :   108.4 secs   av.it.:   3.0
      thresh= 1.000E-02 alpha_mix =  0.300 |ddv_scf|^2 =  1.411E-05

      iter #   2 total cpu time :   108.6 secs   av.it.:   5.4
      thresh= 3.756E-04 alpha_mix =  0.300 |ddv_scf|^2 =  8.220E-07

      iter #   3 total cpu time :   108.9 secs   av.it.:   5.8
      thresh= 9.066E-05 alpha_mix =  0.300 |ddv_scf|^2 =  1.250E-07

      iter #   4 total cpu time :   109.1 secs   av.it.:   6.0
      thresh= 3.536E-05 alpha_mix =  0.300 |ddv_scf|^2 =  1.244E-08

      iter #   5 total cpu time :   109.4 secs   av.it.:   6.0
      thresh= 1.115E-05 alpha_mix =  0.300 |ddv_scf|^2 =  1.901E-10

      iter #   6 total cpu time :   109.7 secs   av.it.:   6.0
      thresh= 1.379E-06 alpha_mix =  0.300 |ddv_scf|^2 =  5.002E-11

      iter #   7 total cpu time :   109.9 secs   av.it.:   6.2
      thresh= 7.073E-07 alpha_mix =  0.300 |ddv_scf|^2 =  2.248E-12

      iter #   8 total cpu time :   110.2 secs   av.it.:   5.5
      thresh= 1.499E-07 alpha_mix =  0.300 |ddv_scf|^2 =  8.201E-13

      iter #   9 total cpu time :   110.5 secs   av.it.:   6.2
      thresh= 9.056E-08 alpha_mix =  0.300 |ddv_scf|^2 =  9.155E-15

      iter #  10 total cpu time :   110.7 secs   av.it.:   6.5
      thresh= 9.568E-09 alpha_mix =  0.300 |ddv_scf|^2 =  2.785E-15

      iter #  11 total cpu time :   111.0 secs   av.it.:   5.7
      thresh= 5.277E-09 alpha_mix =  0.300 |ddv_scf|^2 =  1.015E-15

      iter #  12 total cpu time :   111.3 secs   av.it.:   5.9
      thresh= 3.185E-09 alpha_mix =  0.300 |ddv_scf|^2 =  6.139E-17

     End of self-consistent calculation

     Convergence has been achieved 


     Representation #   2 mode #   2

     Self-consistent Calculation

      iter #   1 total cpu time :   111.5 secs   av.it.:   2.0
      thresh= 1.000E-02 alpha_mix =  0.300 |ddv_scf|^2 =  4.016E-07

      iter #   2 total cpu time :   111.8 secs   av.it.:   6.0
      thresh= 6.338E-05 alpha_mix =  0.300 |ddv_scf|^2 =  3.309E-08

      iter #   3 total cpu time :   112.1 secs   av.it.:   5.4
      thresh= 1.819E-05 alpha_mix =  0.300 |ddv_scf|^2 =  1.529E-08

      iter #   4 total cpu time :   112.3 secs   av.it.:   6.0
      thresh= 1.236E-05 alpha_mix =  0.300 |ddv_scf|^2 =  4.808E-10

      iter #   5 total cpu time :   112.6 secs   av.it.:   6.5
      thresh= 2.193E-06 alpha_mix =  0.300 |ddv_scf|^2 =  5.830E-12

      iter #   6 total cpu time :   112.9 secs   av.it.:   6.2
      thresh= 2.414E-07 alpha_mix =  0.300 |ddv_scf|^2 =  1.343E-12

      iter #   7 total cpu time :   113.1 secs   av.it.:   6.3
      thresh= 1.159E-07 alpha_mix =  0.300 |ddv_scf|^2 =  7.043E-14

      iter #   8 total cpu time :   113.4 secs   av.it.:   6.2
      thresh= 2.654E-08 alpha_mix =  0.300 |ddv_scf|^2 =  1.371E-14

      iter #   9 total cpu time :   113.7 secs   av.it.:   6.6
      thresh= 1.171E-08 alpha_mix =  0.300 |ddv_scf|^2 =  4.823E-16

     End of self-consistent calculation

     Convergence has been achieved 


     Representation #   3 mode #   3

     Self-consistent Calculation

      iter #   1 total cpu time :   114.0 secs   av.it.:   3.0
      thresh= 1.000E-02 alpha_mix =  0.300 |ddv_scf|^2 =  1.591E-05

      iter #   2 total cpu time :   114.2 secs   av.it.:   5.6
      thresh= 3.989E-04 alpha_mix =  0.300 |ddv_scf|^2 =  2.946E-07

      iter #   3 total cpu time :   114.5 secs   av.it.:   6.3
      thresh= 5.428E-05 alpha_mix =  0.300 |ddv_scf|^2 =  9.631E-08

      iter #   4 total cpu time :   114.8 secs   av.it.:   6.5
      thresh= 3.103E-05 alpha_mix =  0.300 |ddv_scf|^2 =  7.663E-09

      iter #   5 total cpu time :   115.0 secs   av.it.:   6.6
      thresh= 8.754E-06 alpha_mix =  0.300 |ddv_scf|^2 =  1.537E-10

      iter #   6 total cpu time :   115.3 secs   av.it.:   6.8
      thresh= 1.240E-06 alpha_mix =  0.300 |ddv_scf|^2 =  2.091E-11

      iter #   7 total cpu time :   115.6 secs   av.it.:   6.4
      thresh= 4.573E-07 alpha_mix =  0.300 |ddv_scf|^2 =  4.080E-12

      iter #   8 total cpu time :   115.8 secs   av.it.:   6.2
      thresh= 2.020E-07 alpha_mix =  0.300 |ddv_scf|^2 =  8.167E-14

      iter #   9 total cpu time :   116.1 secs   av.it.:   6.9
      thresh= 2.858E-08 alpha_mix =  0.300 |ddv_scf|^2 =  9.929E-15

      iter #  10 total cpu time :   116.4 secs   av.it.:   6.5
      thresh= 9.964E-09 alpha_mix =  0.300 |ddv_scf|^2 =  1.692E-15

      iter #  11 total cpu time :   116.6 secs   av.it.:   6.6
      thresh= 4.113E-09 alpha_mix =  0.300 |ddv_scf|^2 =  2.403E-16

     End of self-consistent calculation

     Convergence has been achieved 


     Representation #   4 mode #   4

     Self-consistent Calculation

      iter #   1 total cpu time :   116.9 secs   av.it.:   2.8
      thresh= 1.000E-02 alpha_mix =  0.300 |ddv_scf|^2 =  2.157E-06

      iter #   2 total cpu time :   117.2 secs   av.it.:   5.6
      thresh= 1.469E-04 alpha_mix =  0.300 |ddv_scf|^2 =  5.402E-07

      iter #   3 total cpu time :   117.5 secs   av.it.:   5.9
      thresh= 7.350E-05 alpha_mix =  0.300 |ddv_scf|^2 =  1.898E-08

      iter #   4 total cpu time :   117.7 secs   av.it.:   5.2
      thresh= 1.378E-05 alpha_mix =  0.300 |ddv_scf|^2 =  2.266E-10

      iter #   5 total cpu time :   118.0 secs   av.it.:   5.6
      thresh= 1.505E-06 alpha_mix =  0.300 |ddv_scf|^2 =  8.214E-11

      iter #   6 total cpu time :   118.2 secs   av.it.:   4.9
      thresh= 9.063E-07 alpha_mix =  0.300 |ddv_scf|^2 =  5.137E-14

      iter #   7 total cpu time :   118.5 secs   av.it.:   6.5
      thresh= 2.266E-08 alpha_mix =  0.300 |ddv_scf|^2 =  1.074E-14

      iter #   8 total cpu time :   118.8 secs   av.it.:   6.3
      thresh= 1.036E-08 alpha_mix =  0.300 |ddv_scf|^2 =  1.922E-16

     End of self-consistent calculation

     Convergence has been achieved 


     Representation #   5 mode #   5

     Self-consistent Calculation

      iter #   1 total cpu time :   119.1 secs   av.it.:   2.5
      thresh= 1.000E-02 alpha_mix =  0.300 |ddv_scf|^2 =  5.989E-06

      iter #   2 total cpu time :   119.3 secs   av.it.:   5.7
      thresh= 2.447E-04 alpha_mix =  0.300 |ddv_scf|^2 =  3.108E-07

      iter #   3 total cpu time :   119.6 secs   av.it.:   5.6
      thresh= 5.575E-05 alpha_mix =  0.300 |ddv_scf|^2 =  1.918E-08

      iter #   4 total cpu time :   119.9 secs   av.it.:   6.0
      thresh= 1.385E-05 alpha_mix =  0.300 |ddv_scf|^2 =  2.599E-09

      iter #   5 total cpu time :   120.1 secs   av.it.:   5.6
      thresh= 5.098E-06 alpha_mix =  0.300 |ddv_scf|^2 =  1.352E-11

      iter #   6 total cpu time :   120.4 secs   av.it.:   6.4
      thresh= 3.676E-07 alpha_mix =  0.300 |ddv_scf|^2 =  2.940E-12

      iter #   7 total cpu time :   120.7 secs   av.it.:   6.4
      thresh= 1.715E-07 alpha_mix =  0.300 |ddv_scf|^2 =  6.122E-14

      iter #   8 total cpu time :   120.9 secs   av.it.:   5.8
      thresh= 2.474E-08 alpha_mix =  0.300 |ddv_scf|^2 =  2.276E-14

      iter #   9 total cpu time :   121.2 secs   av.it.:   6.4
      thresh= 1.509E-08 alpha_mix =  0.300 |ddv_scf|^2 =  2.074E-16

     End of self-consistent calculation

     Convergence has been achieved 


     Representation #   6 mode #   6

     Self-consistent Calculation

      iter #   1 total cpu time :   121.5 secs   av.it.:   2.3
      thresh= 1.000E-02 alpha_mix =  0.300 |ddv_scf|^2 =  2.131E-07

      iter #   2 total cpu time :   121.8 secs   av.it.:   5.1
      thresh= 4.617E-05 alpha_mix =  0.300 |ddv_scf|^2 =  1.037E-07

      iter #   3 total cpu time :   122.0 secs   av.it.:   4.9
      thresh= 3.220E-05 alpha_mix =  0.300 |ddv_scf|^2 =  9.558E-10

      iter #   4 total cpu time :   122.3 secs   av.it.:   4.7
      thresh= 3.092E-06 alpha_mix =  0.300 |ddv_scf|^2 =  3.346E-11

      iter #   5 total cpu time :   122.5 secs   av.it.:   4.5
      thresh= 5.785E-07 alpha_mix =  0.300 |ddv_scf|^2 =  1.170E-13

      iter #   6 total cpu time :   122.8 secs   av.it.:   6.4
      thresh= 3.421E-08 alpha_mix =  0.300 |ddv_scf|^2 =  2.790E-15

      iter #   7 total cpu time :   123.1 secs   av.it.:   6.0
      thresh= 5.282E-09 alpha_mix =  0.300 |ddv_scf|^2 =  2.453E-16

     End of self-consistent calculation

     Convergence has been achieved 


     Representation #   7 mode #   7

     Self-consistent Calculation

      iter #   1 total cpu time :   123.4 secs   av.it.:   3.1
      thresh= 1.000E-02 alpha_mix =  0.300 |ddv_scf|^2 =  3.070E-05

      iter #   2 total cpu time :   123.6 secs   av.it.:   5.4
      thresh= 5.541E-04 alpha_mix =  0.300 |ddv_scf|^2 =  2.644E-07

      iter #   3 total cpu time :   123.9 secs   av.it.:   6.3
      thresh= 5.142E-05 alpha_mix =  0.300 |ddv_scf|^2 =  8.390E-08

      iter #   4 total cpu time :   124.1 secs   av.it.:   6.6
      thresh= 2.897E-05 alpha_mix =  0.300 |ddv_scf|^2 =  8.821E-09

      iter #   5 total cpu time :   124.4 secs   av.it.:   6.4
      thresh= 9.392E-06 alpha_mix =  0.300 |ddv_scf|^2 =  1.938E-10

      iter #   6 total cpu time :   124.7 secs   av.it.:   6.7
      thresh= 1.392E-06 alpha_mix =  0.300 |ddv_scf|^2 =  2.910E-11

      iter #   7 total cpu time :   125.0 secs   av.it.:   6.5
      thresh= 5.394E-07 alpha_mix =  0.300 |ddv_scf|^2 =  3.856E-12

      iter #   8 total cpu time :   125.2 secs   av.it.:   6.3
      thresh= 1.964E-07 alpha_mix =  0.300 |ddv_scf|^2 =  1.096E-13

      iter #   9 total cpu time :   125.5 secs   av.it.:   6.8
      thresh= 3.310E-08 alpha_mix =  0.300 |ddv_scf|^2 =  2.099E-14

      iter #  10 total cpu time :   125.8 secs   av.it.:   6.6
      thresh= 1.449E-08 alpha_mix =  0.300 |ddv_scf|^2 =  2.171E-15

      iter #  11 total cpu time :   126.0 secs   av.it.:   6.9
      thresh= 4.660E-09 alpha_mix =  0.300 |ddv_scf|^2 =  7.449E-17

     End of self-consistent calculation

     Convergence has been achieved 


     Representation #   8 mode #   8

     Self-consistent Calculation

      iter #   1 total cpu time :   126.3 secs   av.it.:   1.9
      thresh= 1.000E-02 alpha_mix =  0.300 |ddv_scf|^2 =  7.422E-08

      iter #   2 total cpu time :   126.6 secs   av.it.:   5.7
      thresh= 2.724E-05 alpha_mix =  0.300 |ddv_scf|^2 =  3.444E-08

      iter #   3 total cpu time :   126.8 secs   av.it.:   5.7
      thresh= 1.856E-05 alpha_mix =  0.300 |ddv_scf|^2 =  1.150E-09

      iter #   4 total cpu time :   127.1 secs   av.it.:   6.1
      thresh= 3.391E-06 alpha_mix =  0.300 |ddv_scf|^2 =  1.652E-11

      iter #   5 total cpu time :   127.4 secs   av.it.:   5.9
      thresh= 4.065E-07 alpha_mix =  0.300 |ddv_scf|^2 =  4.255E-12

      iter #   6 total cpu time :   127.6 secs   av.it.:   6.2
      thresh= 2.063E-07 alpha_mix =  0.300 |ddv_scf|^2 =  1.999E-14

      iter #   7 total cpu time :   127.9 secs   av.it.:   6.4
      thresh= 1.414E-08 alpha_mix =  0.300 |ddv_scf|^2 =  2.592E-15

      iter #   8 total cpu time :   128.2 secs   av.it.:   6.4
      thresh= 5.091E-09 alpha_mix =  0.300 |ddv_scf|^2 =  4.410E-17

     End of self-consistent calculation

     Convergence has been achieved 


     Representation #   9 mode #   9

     Self-consistent Calculation

      iter #   1 total cpu time :   128.5 secs   av.it.:   3.0
      thresh= 1.000E-02 alpha_mix =  0.300 |ddv_scf|^2 =  1.290E-05

      iter #   2 total cpu time :   128.7 secs   av.it.:   5.4
      thresh= 3.592E-04 alpha_mix =  0.300 |ddv_scf|^2 =  9.652E-07

      iter #   3 total cpu time :   129.0 secs   av.it.:   5.6
      thresh= 9.825E-05 alpha_mix =  0.300 |ddv_scf|^2 =  9.892E-08

      iter #   4 total cpu time :   129.3 secs   av.it.:   6.0
      thresh= 3.145E-05 alpha_mix =  0.300 |ddv_scf|^2 =  1.061E-08

      iter #   5 total cpu time :   129.5 secs   av.it.:   5.9
      thresh= 1.030E-05 alpha_mix =  0.300 |ddv_scf|^2 =  1.601E-10

      iter #   6 total cpu time :   129.8 secs   av.it.:   6.0
      thresh= 1.265E-06 alpha_mix =  0.300 |ddv_scf|^2 =  5.688E-11

      iter #   7 total cpu time :   130.1 secs   av.it.:   5.8
      thresh= 7.542E-07 alpha_mix =  0.300 |ddv_scf|^2 =  7.558E-13

      iter #   8 total cpu time :   130.3 secs   av.it.:   6.0
      thresh= 8.693E-08 alpha_mix =  0.300 |ddv_scf|^2 =  2.771E-13

      iter #   9 total cpu time :   130.6 secs   av.it.:   6.2
      thresh= 5.264E-08 alpha_mix =  0.300 |ddv_scf|^2 =  4.755E-15

      iter #  10 total cpu time :   130.9 secs   av.it.:   6.3
      thresh= 6.896E-09 alpha_mix =  0.300 |ddv_scf|^2 =  1.577E-15

      iter #  11 total cpu time :   131.1 secs   av.it.:   6.0
      thresh= 3.972E-09 alpha_mix =  0.300 |ddv_scf|^2 =  2.140E-16

     End of self-consistent calculation

     Convergence has been achieved 
 
     Number of q in the star =    6
     List of q in the star:
          1   0.000000000  -0.577350269   0.145452854
          2   0.500000000  -0.288675135   0.145452854
          3   0.500000000   0.288675135   0.145452854
          4   0.000000000  -0.577350269  -0.145452854
          5  -0.500000000  -0.288675135  -0.145452854
          6  -0.500000000   0.288675135  -0.145452854

     Diagonalizing the dynamical matrix

     q = (    0.000000000  -0.577350269   0.145452854 ) 

 **************************************************************************
     freq (    1) =       7.647996 [THz] =     255.109680 [cm-1]
     freq (    2) =       7.972155 [THz] =     265.922479 [cm-1]
     freq (    3) =       9.800761 [THz] =     326.918199 [cm-1]
     freq (    4) =      13.806030 [THz] =     460.519583 [cm-1]
     freq (    5) =      13.867772 [THz] =     462.579081 [cm-1]
     freq (    6) =      15.582635 [THz] =     519.780750 [cm-1]
     freq (    7) =      22.003050 [THz] =     733.942754 [cm-1]
     freq (    8) =      22.072464 [THz] =     736.258158 [cm-1]
     freq (    9) =      22.607009 [THz] =     754.088651 [cm-1]
 **************************************************************************

     Calculation of q =    0.0000000  -0.5773503  -0.4363586
     [opt_tetra]  Optimized tetrahedron method is used.
     Message from routine divide_et_impera:
     suboptimal parallelization: some nodes have no k-points
 
     G-vector sticks info
     --------------------
     sticks:   dense  smooth     PW     G-vecs:    dense   smooth      PW
     Sum         649     313    121                15395     5449    1347
 
     Using Slab Decomposition
 

     Title: 
     Phonon                                                                     


     bravais-lattice index     =            0
     lattice parameter (alat)  =       5.8042  a.u.
     unit-cell volume          =     194.0373 (a.u.)^3
     number of atoms/cell      =            3
     number of atomic types    =            2
     number of electrons       =         8.00
     number of Kohn-Sham states=            8
     kinetic-energy cutoff     =      35.0000  Ry
     charge density cutoff     =     280.0000  Ry
     Exchange-correlation= PBE
                           (   1   4   3   4   0   0   0)

     celldm(1)=   5.804205  celldm(2)=   0.000000  celldm(3)=   0.000000
     celldm(4)=   0.000000  celldm(5)=   0.000000  celldm(6)=   0.000000

     crystal axes: (cart. coord. in units of alat)
               a(1) = (   1.000000   0.000000   0.000000 )  
               a(2) = (  -0.500000   0.866025   0.000000 )  
               a(3) = (   0.000000   0.000000   1.145847 )  

     reciprocal axes: (cart. coord. in units 2 pi/alat)
               b(1) = (  1.000000  0.577350  0.000000 )  
               b(2) = (  0.000000  1.154701  0.000000 )  
               b(3) = (  0.000000  0.000000  0.872717 )  


     PseudoPot. # 1 for B  read from file:
     ./B.pbe-n-kjpaw_psl.0.1.upf
     MD5 check sum: b4345a612e0782cca08559f453f3313f
     Pseudo is Projector augmented-wave + core cor, Zval =  3.0
     Generated using "atomic" code by A. Dal Corso  v.5.0.99 svn rev. 10869
     Shape of augmentation charge: BESSEL
     Using radial grid of 1059 points,  4 beta functions with: 
                l(1) =   0
                l(2) =   0
                l(3) =   1
                l(4) =   1
     Q(r) pseudized with 0 coefficients 


     PseudoPot. # 2 for Mg read from file:
     ./Mg.pbe-n-kjpaw_psl.0.3.0.upf
     MD5 check sum: 9eaefceb6cf3903db1b93e4e5c6adf9a
     Pseudo is Projector augmented-wave + core cor, Zval =  2.0
     Generated using "atomic" code by A. Dal Corso  v.5.0.99 svn rev. 10869
     Shape of augmentation charge: PSQ
     Using radial grid of 1129 points,  4 beta functions with: 
                l(1) =   0
                l(2) =   0
                l(3) =   1
                l(4) =   1
     Q(r) pseudized with 0 coefficients 


     atomic species   valence    mass     pseudopotential
     B                 3.00    10.81100     B ( 1.00)
     Mg                2.00    24.30500     Mg( 1.00)

     24 Sym. Ops., with inversion, found



   Cartesian axes

     site n.     atom                  positions (alat units)
         1        Mg     tau(   1) = (   0.0000000   0.0000000   0.0000000  )
         2        B      tau(   2) = (   0.0000000   0.5773503   0.5729233  )
         3        B      tau(   3) = (   0.5000000   0.2886751   0.5729233  )

     number of k points=   168 (tetrahedron method)

     Number of k-points >= 100: set verbosity='high' to print them.

     Dense  grid:    15395 G-vectors     FFT dimensions: (  32,  32,  36)

     Smooth grid:     5449 G-vectors     FFT dimensions: (  24,  24,  25)

     Estimated max dynamical RAM per process >       7.41 MB

     Estimated total dynamical RAM >       4.17 GB

     Check: negative core charge=   -0.000006

     The potential is recalculated from file :
     ./_ph0/pwscf.q_6/pwscf.save/charge-density

     Starting wfcs are   12 atomic wfcs
     Checking if some PAW data can be deallocated... 

     Band Structure Calculation
     Davidson diagonalization with overlap

     ethr =  1.25E-10,  avg # of iterations = 19.4

     total cpu time spent up to now is        4.4 secs

     End of band structure calculation

     Number of k-points >= 100: set verbosity='high' to print the bands.

     the Fermi energy is     7.6604 ev
 
     [dfpt_tetra]  Dos(E_F)[/Ry] :   0.8845642E+01

     Phonon                                                                     

     bravais-lattice index     =            0
     lattice parameter (alat)  =       5.8042  a.u.
     unit-cell volume          =     194.0373 (a.u.)^3
     number of atoms/cell      =            3
     number of atomic types    =            2
     kinetic-energy cut-off    =      35.0000  Ry
     charge density cut-off    =     280.0000  Ry
     convergence threshold     =      1.0E-15
     beta                      =       0.3000
     number of iterations used =            4
     Exchange-correlation= PBE
                           (   1   4   3   4   0   0   0)


     celldm(1)=    5.80420  celldm(2)=    0.00000  celldm(3)=    0.00000
     celldm(4)=    0.00000  celldm(5)=    0.00000  celldm(6)=    0.00000

     crystal axes: (cart. coord. in units of alat)
               a(1) = (  1.0000  0.0000  0.0000 )  
               a(2) = ( -0.5000  0.8660  0.0000 )  
               a(3) = (  0.0000  0.0000  1.1458 )  

     reciprocal axes: (cart. coord. in units 2 pi/alat)
               b(1) = (  1.0000  0.5774  0.0000 )  
               b(2) = (  0.0000  1.1547  0.0000 )  
               b(3) = (  0.0000  0.0000  0.8727 )  


     Atoms inside the unit cell: 

     Cartesian axes

     site n.  atom      mass           positions (alat units)
        1  Mg     24.3050   tau(    1) = (    0.00000    0.00000    0.00000  )
        2  B      10.8110   tau(    2) = (    0.00000    0.57735    0.57292  )
        3  B      10.8110   tau(    3) = (    0.50000    0.28868    0.57292  )

     Computing dynamical matrix for 
                    q = (   0.0000000  -0.5773503  -0.4363586 )
 
      9 Sym.Ops. (with q -> -q+G )


     G cutoff =  238.9372  (  15395 G-vectors)     FFT grid: ( 32, 32, 36)
     G cutoff =  119.4686  (   5449 G-vectors)  smooth grid: ( 24, 24, 25)
     number of k points=   168

     PseudoPot. # 1 for B  read from file:
     ./B.pbe-n-kjpaw_psl.0.1.upf
     MD5 check sum: b4345a612e0782cca08559f453f3313f
     Pseudo is Projector augmented-wave + core cor, Zval =  3.0
     Generated using "atomic" code by A. Dal Corso  v.5.0.99 svn rev. 10869
     Shape of augmentation charge: BESSEL
     Using radial grid of 1059 points,  4 beta functions with: 
                l(1) =   0
                l(2) =   0
                l(3) =   1
                l(4) =   1
     Q(r) pseudized with 0 coefficients 


     PseudoPot. # 2 for Mg read from file:
     ./Mg.pbe-n-kjpaw_psl.0.3.0.upf
     MD5 check sum: 9eaefceb6cf3903db1b93e4e5c6adf9a
     Pseudo is Projector augmented-wave + core cor, Zval =  2.0
     Generated using "atomic" code by A. Dal Corso  v.5.0.99 svn rev. 10869
     Shape of augmentation charge: PSQ
     Using radial grid of 1129 points,  4 beta functions with: 
                l(1) =   0
                l(2) =   0
                l(3) =   1
                l(4) =   1
     Q(r) pseudized with 0 coefficients 



     Atomic displacements:
     There are    9 irreducible representations

     Representation     1      1 modes -  To be done

     Representation     2      1 modes -  To be done

     Representation     3      1 modes -  To be done

     Representation     4      1 modes -  To be done

     Representation     5      1 modes -  To be done

     Representation     6      1 modes -  To be done

     Representation     7      1 modes -  To be done

     Representation     8      1 modes -  To be done

     Representation     9      1 modes -  To be done



     Alpha used in Ewald sum =   2.8000
     PHONON       :   2m 8.05s CPU   2m12.71s WALL



     Representation #   1 mode #   1

     Self-consistent Calculation

      iter #   1 total cpu time :   133.0 secs   av.it.:   2.1
      thresh= 1.000E-02 alpha_mix =  0.300 |ddv_scf|^2 =  8.250E-07

      iter #   2 total cpu time :   133.3 secs   av.it.:   5.5
      thresh= 9.083E-05 alpha_mix =  0.300 |ddv_scf|^2 =  4.000E-08

      iter #   3 total cpu time :   133.6 secs   av.it.:   5.2
      thresh= 2.000E-05 alpha_mix =  0.300 |ddv_scf|^2 =  1.424E-08

      iter #   4 total cpu time :   133.9 secs   av.it.:   5.7
      thresh= 1.193E-05 alpha_mix =  0.300 |ddv_scf|^2 =  5.690E-10

      iter #   5 total cpu time :   134.2 secs   av.it.:   5.8
      thresh= 2.385E-06 alpha_mix =  0.300 |ddv_scf|^2 =  4.291E-12

      iter #   6 total cpu time :   134.5 secs   av.it.:   5.6
      thresh= 2.072E-07 alpha_mix =  0.300 |ddv_scf|^2 =  1.714E-12

      iter #   7 total cpu time :   134.8 secs   av.it.:   5.7
      thresh= 1.309E-07 alpha_mix =  0.300 |ddv_scf|^2 =  7.277E-15

      iter #   8 total cpu time :   135.1 secs   av.it.:   5.5
      thresh= 8.530E-09 alpha_mix =  0.300 |ddv_scf|^2 =  3.219E-15

      iter #   9 total cpu time :   135.4 secs   av.it.:   6.0
      thresh= 5.674E-09 alpha_mix =  0.300 |ddv_scf|^2 =  2.453E-17

     End of self-consistent calculation

     Convergence has been achieved 


     Representation #   2 mode #   2

     Self-consistent Calculation

      iter #   1 total cpu time :   135.7 secs   av.it.:   2.8
      thresh= 1.000E-02 alpha_mix =  0.300 |ddv_scf|^2 =  7.553E-06

      iter #   2 total cpu time :   136.0 secs   av.it.:   5.1
      thresh= 2.748E-04 alpha_mix =  0.300 |ddv_scf|^2 =  8.054E-07

      iter #   3 total cpu time :   136.3 secs   av.it.:   5.4
      thresh= 8.974E-05 alpha_mix =  0.300 |ddv_scf|^2 =  3.715E-08

      iter #   4 total cpu time :   136.6 secs   av.it.:   4.8
      thresh= 1.928E-05 alpha_mix =  0.300 |ddv_scf|^2 =  3.434E-10

      iter #   5 total cpu time :   136.9 secs   av.it.:   5.5
      thresh= 1.853E-06 alpha_mix =  0.300 |ddv_scf|^2 =  6.029E-11

      iter #   6 total cpu time :   137.2 secs   av.it.:   5.0
      thresh= 7.765E-07 alpha_mix =  0.300 |ddv_scf|^2 =  1.165E-13

      iter #   7 total cpu time :   137.5 secs   av.it.:   6.1
      thresh= 3.414E-08 alpha_mix =  0.300 |ddv_scf|^2 =  3.447E-14

      iter #   8 total cpu time :   137.8 secs   av.it.:   5.6
      thresh= 1.857E-08 alpha_mix =  0.300 |ddv_scf|^2 =  1.188E-16

     End of self-consistent calculation

     Convergence has been achieved 


     Representation #   3 mode #   3

     Self-consistent Calculation

      iter #   1 total cpu time :   138.1 secs   av.it.:   2.8
      thresh= 1.000E-02 alpha_mix =  0.300 |ddv_scf|^2 =  1.832E-06

      iter #   2 total cpu time :   138.4 secs   av.it.:   5.3
      thresh= 1.353E-04 alpha_mix =  0.300 |ddv_scf|^2 =  4.876E-07

      iter #   3 total cpu time :   138.7 secs   av.it.:   5.4
      thresh= 6.983E-05 alpha_mix =  0.300 |ddv_scf|^2 =  1.774E-08

      iter #   4 total cpu time :   139.0 secs   av.it.:   5.0
      thresh= 1.332E-05 alpha_mix =  0.300 |ddv_scf|^2 =  2.132E-10

      iter #   5 total cpu time :   139.3 secs   av.it.:   5.1
      thresh= 1.460E-06 alpha_mix =  0.300 |ddv_scf|^2 =  7.614E-11

      iter #   6 total cpu time :   139.6 secs   av.it.:   4.6
      thresh= 8.726E-07 alpha_mix =  0.300 |ddv_scf|^2 =  9.768E-15

      iter #   7 total cpu time :   139.9 secs   av.it.:   6.1
      thresh= 9.883E-09 alpha_mix =  0.300 |ddv_scf|^2 =  3.884E-15

      iter #   8 total cpu time :   140.2 secs   av.it.:   5.7
      thresh= 6.232E-09 alpha_mix =  0.300 |ddv_scf|^2 =  3.235E-17

     End of self-consistent calculation

     Convergence has been achieved 


     Representation #   4 mode #   4

     Self-consistent Calculation

      iter #   1 total cpu time :   140.6 secs   av.it.:   2.7
      thresh= 1.000E-02 alpha_mix =  0.300 |ddv_scf|^2 =  2.476E-06

      iter #   2 total cpu time :   140.9 secs   av.it.:   5.4
      thresh= 1.574E-04 alpha_mix =  0.300 |ddv_scf|^2 =  4.500E-07

      iter #   3 total cpu time :   141.2 secs   av.it.:   5.4
      thresh= 6.708E-05 alpha_mix =  0.300 |ddv_scf|^2 =  3.162E-08

      iter #   4 total cpu time :   141.5 secs   av.it.:   5.8
      thresh= 1.778E-05 alpha_mix =  0.300 |ddv_scf|^2 =  3.935E-10

      iter #   5 total cpu time :   141.8 secs   av.it.:   5.8
      thresh= 1.984E-06 alpha_mix =  0.300 |ddv_scf|^2 =  9.416E-11

      iter #   6 total cpu time :   142.1 secs   av.it.:   5.8
      thresh= 9.703E-07 alpha_mix =  0.300 |ddv_scf|^2 =  1.950E-12

      iter #   7 total cpu time :   142.4 secs   av.it.:   5.9
      thresh= 1.396E-07 alpha_mix =  0.300 |ddv_scf|^2 =  3.696E-14

      iter #   8 total cpu time :   142.7 secs   av.it.:   6.2
      thresh= 1.923E-08 alpha_mix =  0.300 |ddv_scf|^2 =  7.076E-16

     End of self-consistent calculation

     Convergence has been achieved 


     Representation #   5 mode #   5

     Self-consistent Calculation

      iter #   1 total cpu time :   143.0 secs   av.it.:   2.2
      thresh= 1.000E-02 alpha_mix =  0.300 |ddv_scf|^2 =  7.593E-07

      iter #   2 total cpu time :   143.3 secs   av.it.:   5.3
      thresh= 8.714E-05 alpha_mix =  0.300 |ddv_scf|^2 =  8.706E-08

      iter #   3 total cpu time :   143.6 secs   av.it.:   5.5
      thresh= 2.951E-05 alpha_mix =  0.300 |ddv_scf|^2 =  1.054E-08

      iter #   4 total cpu time :   143.9 secs   av.it.:   5.3
      thresh= 1.027E-05 alpha_mix =  0.300 |ddv_scf|^2 =  7.586E-11

      iter #   5 total cpu time :   144.2 secs   av.it.:   5.9
      thresh= 8.710E-07 alpha_mix =  0.300 |ddv_scf|^2 =  8.577E-12

      iter #   6 total cpu time :   144.5 secs   av.it.:   5.8
      thresh= 2.929E-07 alpha_mix =  0.300 |ddv_scf|^2 =  6.225E-14

      iter #   7 total cpu time :   144.8 secs   av.it.:   5.4
      thresh= 2.495E-08 alpha_mix =  0.300 |ddv_scf|^2 =  1.747E-14

      iter #   8 total cpu time :   145.1 secs   av.it.:   5.8
      thresh= 1.322E-08 alpha_mix =  0.300 |ddv_scf|^2 =  2.639E-17

     End of self-consistent calculation

     Convergence has been achieved 


     Representation #   6 mode #   6

     Self-consistent Calculation

      iter #   1 total cpu time :   145.5 secs   av.it.:   2.3
      thresh= 1.000E-02 alpha_mix =  0.300 |ddv_scf|^2 =  2.135E-07

      iter #   2 total cpu time :   145.7 secs   av.it.:   4.7
      thresh= 4.621E-05 alpha_mix =  0.300 |ddv_scf|^2 =  1.039E-07

      iter #   3 total cpu time :   146.0 secs   av.it.:   4.4
      thresh= 3.223E-05 alpha_mix =  0.300 |ddv_scf|^2 =  9.555E-10

      iter #   4 total cpu time :   146.3 secs   av.it.:   4.4
      thresh= 3.091E-06 alpha_mix =  0.300 |ddv_scf|^2 =  3.235E-11

      iter #   5 total cpu time :   146.6 secs   av.it.:   4.0
      thresh= 5.687E-07 alpha_mix =  0.300 |ddv_scf|^2 =  1.357E-13

      iter #   6 total cpu time :   146.9 secs   av.it.:   5.9
      thresh= 3.684E-08 alpha_mix =  0.300 |ddv_scf|^2 =  2.438E-15

      iter #   7 total cpu time :   147.2 secs   av.it.:   5.8
      thresh= 4.938E-09 alpha_mix =  0.300 |ddv_scf|^2 =  2.421E-16

     End of self-consistent calculation

     Convergence has been achieved 


     Representation #   7 mode #   7

     Self-consistent Calculation

      iter #   1 total cpu time :   147.5 secs   av.it.:   3.0
      thresh= 1.000E-02 alpha_mix =  0.300 |ddv_scf|^2 =  2.060E-05

      iter #   2 total cpu time :   147.8 secs   av.it.:   4.9
      thresh= 4.538E-04 alpha_mix =  0.300 |ddv_scf|^2 =  4.378E-07

      iter #   3 total cpu time :   148.1 secs   av.it.:   5.2
      thresh= 6.617E-05 alpha_mix =  0.300 |ddv_scf|^2 =  7.088E-08

      iter #   4 total cpu time :   148.4 secs   av.it.:   5.7
      thresh= 2.662E-05 alpha_mix =  0.300 |ddv_scf|^2 =  6.344E-09

      iter #   5 total cpu time :   148.7 secs   av.it.:   5.4
      thresh= 7.965E-06 alpha_mix =  0.300 |ddv_scf|^2 =  8.966E-11

      iter #   6 total cpu time :   149.0 secs   av.it.:   4.5
      thresh= 9.469E-07 alpha_mix =  0.300 |ddv_scf|^2 =  3.377E-11

      iter #   7 total cpu time :   149.3 secs   av.it.:   4.2
      thresh= 5.811E-07 alpha_mix =  0.300 |ddv_scf|^2 =  1.432E-14

      iter #   8 total cpu time :   149.6 secs   av.it.:   6.1
      thresh= 1.196E-08 alpha_mix =  0.300 |ddv_scf|^2 =  6.367E-15

      iter #   9 total cpu time :   149.9 secs   av.it.:   5.0
      thresh= 7.980E-09 alpha_mix =  0.300 |ddv_scf|^2 =  1.084E-17

     End of self-consistent calculation

     Convergence has been achieved 


     Representation #   8 mode #   8

     Self-consistent Calculation

      iter #   1 total cpu time :   150.3 secs   av.it.:   3.0
      thresh= 1.000E-02 alpha_mix =  0.300 |ddv_scf|^2 =  1.147E-05

      iter #   2 total cpu time :   150.5 secs   av.it.:   4.9
      thresh= 3.387E-04 alpha_mix =  0.300 |ddv_scf|^2 =  1.577E-07

      iter #   3 total cpu time :   150.8 secs   av.it.:   5.2
      thresh= 3.971E-05 alpha_mix =  0.300 |ddv_scf|^2 =  5.399E-08

      iter #   4 total cpu time :   151.1 secs   av.it.:   4.9
      thresh= 2.324E-05 alpha_mix =  0.300 |ddv_scf|^2 =  5.599E-10

      iter #   5 total cpu time :   151.4 secs   av.it.:   4.8
      thresh= 2.366E-06 alpha_mix =  0.300 |ddv_scf|^2 =  5.210E-11

      iter #   6 total cpu time :   151.7 secs   av.it.:   5.1
      thresh= 7.218E-07 alpha_mix =  0.300 |ddv_scf|^2 =  3.985E-13

      iter #   7 total cpu time :   152.0 secs   av.it.:   6.2
      thresh= 6.312E-08 alpha_mix =  0.300 |ddv_scf|^2 =  3.536E-15

      iter #   8 total cpu time :   152.3 secs   av.it.:   5.3
      thresh= 5.947E-09 alpha_mix =  0.300 |ddv_scf|^2 =  3.969E-16

     End of self-consistent calculation

     Convergence has been achieved 


     Representation #   9 mode #   9

     Self-consistent Calculation

      iter #   1 total cpu time :   152.7 secs   av.it.:   1.9
      thresh= 1.000E-02 alpha_mix =  0.300 |ddv_scf|^2 =  6.812E-08

      iter #   2 total cpu time :   153.0 secs   av.it.:   5.1
      thresh= 2.610E-05 alpha_mix =  0.300 |ddv_scf|^2 =  3.342E-08

      iter #   3 total cpu time :   153.3 secs   av.it.:   5.1
      thresh= 1.828E-05 alpha_mix =  0.300 |ddv_scf|^2 =  5.257E-11

      iter #   4 total cpu time :   153.6 secs   av.it.:   5.5
      thresh= 7.250E-07 alpha_mix =  0.300 |ddv_scf|^2 =  1.688E-11

      iter #   5 total cpu time :   153.9 secs   av.it.:   5.3
      thresh= 4.108E-07 alpha_mix =  0.300 |ddv_scf|^2 =  3.196E-13

      iter #   6 total cpu time :   154.2 secs   av.it.:   5.5
      thresh= 5.654E-08 alpha_mix =  0.300 |ddv_scf|^2 =  1.041E-15

      iter #   7 total cpu time :   154.5 secs   av.it.:   5.6
      thresh= 3.226E-09 alpha_mix =  0.300 |ddv_scf|^2 =  3.701E-16

     End of self-consistent calculation

     Convergence has been achieved 
 
     Number of q in the star =    3
     List of q in the star:
          1   0.000000000  -0.577350269  -0.436358562
          2   0.500000000  -0.288675135  -0.436358562
          3  -0.500000000  -0.288675135  -0.436358562

     Diagonalizing the dynamical matrix

     q = (    0.000000000  -0.577350269  -0.436358562 ) 

 **************************************************************************
     freq (    1) =       7.729403 [THz] =     257.825120 [cm-1]
     freq (    2) =       8.128054 [THz] =     271.122682 [cm-1]
     freq (    3) =       9.328925 [THz] =     311.179427 [cm-1]
     freq (    4) =      13.887801 [THz] =     463.247189 [cm-1]
     freq (    5) =      14.938556 [THz] =     498.296598 [cm-1]
     freq (    6) =      16.056218 [THz] =     535.577795 [cm-1]
     freq (    7) =      22.204385 [THz] =     740.658548 [cm-1]
     freq (    8) =      22.530144 [THz] =     751.524695 [cm-1]
     freq (    9) =      22.572358 [THz] =     752.932829 [cm-1]
 **************************************************************************

     Calculation of q =    0.2500000   0.4330127   0.1454529
     [opt_tetra]  Optimized tetrahedron method is used.
     Message from routine divide_et_impera:
     suboptimal parallelization: some nodes have no k-points
 
     G-vector sticks info
     --------------------
     sticks:   dense  smooth     PW     G-vecs:    dense   smooth      PW
     Sum         649     313    121                15395     5449    1263
 
     Using Slab Decomposition
 

     Title: 
     Phonon                                                                     


     bravais-lattice index     =            0
     lattice parameter (alat)  =       5.8042  a.u.
     unit-cell volume          =     194.0373 (a.u.)^3
     number of atoms/cell      =            3
     number of atomic types    =            2
     number of electrons       =         8.00
     number of Kohn-Sham states=            8
     kinetic-energy cutoff     =      35.0000  Ry
     charge density cutoff     =     280.0000  Ry
     Exchange-correlation= PBE
                           (   1   4   3   4   0   0   0)

     celldm(1)=   5.804205  celldm(2)=   0.000000  celldm(3)=   0.000000
     celldm(4)=   0.000000  celldm(5)=   0.000000  celldm(6)=   0.000000

     crystal axes: (cart. coord. in units of alat)
               a(1) = (   1.000000   0.000000   0.000000 )  
               a(2) = (  -0.500000   0.866025   0.000000 )  
               a(3) = (   0.000000   0.000000   1.145847 )  

     reciprocal axes: (cart. coord. in units 2 pi/alat)
               b(1) = (  1.000000  0.577350  0.000000 )  
               b(2) = (  0.000000  1.154701  0.000000 )  
               b(3) = (  0.000000  0.000000  0.872717 )  


     PseudoPot. # 1 for B  read from file:
     ./B.pbe-n-kjpaw_psl.0.1.upf
     MD5 check sum: b4345a612e0782cca08559f453f3313f
     Pseudo is Projector augmented-wave + core cor, Zval =  3.0
     Generated using "atomic" code by A. Dal Corso  v.5.0.99 svn rev. 10869
     Shape of augmentation charge: BESSEL
     Using radial grid of 1059 points,  4 beta functions with: 
                l(1) =   0
                l(2) =   0
                l(3) =   1
                l(4) =   1
     Q(r) pseudized with 0 coefficients 


     PseudoPot. # 2 for Mg read from file:
     ./Mg.pbe-n-kjpaw_psl.0.3.0.upf
     MD5 check sum: 9eaefceb6cf3903db1b93e4e5c6adf9a
     Pseudo is Projector augmented-wave + core cor, Zval =  2.0
     Generated using "atomic" code by A. Dal Corso  v.5.0.99 svn rev. 10869
     Shape of augmentation charge: PSQ
     Using radial grid of 1129 points,  4 beta functions with: 
                l(1) =   0
                l(2) =   0
                l(3) =   1
                l(4) =   1
     Q(r) pseudized with 0 coefficients 


     atomic species   valence    mass     pseudopotential
     B                 3.00    10.81100     B ( 1.00)
     Mg                2.00    24.30500     Mg( 1.00)

     24 Sym. Ops., with inversion, found



   Cartesian axes

     site n.     atom                  positions (alat units)
         1        Mg     tau(   1) = (   0.0000000   0.0000000   0.0000000  )
         2        B      tau(   2) = (   0.0000000   0.5773503   0.5729233  )
         3        B      tau(   3) = (   0.5000000   0.2886751   0.5729233  )

     number of k points=   432 (tetrahedron method)

     Number of k-points >= 100: set verbosity='high' to print them.

     Dense  grid:    15395 G-vectors     FFT dimensions: (  32,  32,  36)

     Smooth grid:     5449 G-vectors     FFT dimensions: (  24,  24,  25)

     Estimated max dynamical RAM per process >       7.40 MB

     Estimated total dynamical RAM >       4.16 GB

     Check: negative core charge=   -0.000006

     The potential is recalculated from file :
     ./_ph0/pwscf.q_7/pwscf.save/charge-density

     Starting wfcs are   12 atomic wfcs
     Checking if some PAW data can be deallocated... 

     Band Structure Calculation
     Davidson diagonalization with overlap

     ethr =  1.25E-10,  avg # of iterations = 20.1

     total cpu time spent up to now is        5.1 secs

     End of band structure calculation

     Number of k-points >= 100: set verbosity='high' to print the bands.

     the Fermi energy is     7.6604 ev
 
     [dfpt_tetra]  Dos(E_F)[/Ry] :   0.8845642E+01

     Phonon                                                                     

     bravais-lattice index     =            0
     lattice parameter (alat)  =       5.8042  a.u.
     unit-cell volume          =     194.0373 (a.u.)^3
     number of atoms/cell      =            3
     number of atomic types    =            2
     kinetic-energy cut-off    =      35.0000  Ry
     charge density cut-off    =     280.0000  Ry
     convergence threshold     =      1.0E-15
     beta                      =       0.3000
     number of iterations used =            4
     Exchange-correlation= PBE
                           (   1   4   3   4   0   0   0)


     celldm(1)=    5.80420  celldm(2)=    0.00000  celldm(3)=    0.00000
     celldm(4)=    0.00000  celldm(5)=    0.00000  celldm(6)=    0.00000

     crystal axes: (cart. coord. in units of alat)
               a(1) = (  1.0000  0.0000  0.0000 )  
               a(2) = ( -0.5000  0.8660  0.0000 )  
               a(3) = (  0.0000  0.0000  1.1458 )  

     reciprocal axes: (cart. coord. in units 2 pi/alat)
               b(1) = (  1.0000  0.5774  0.0000 )  
               b(2) = (  0.0000  1.1547  0.0000 )  
               b(3) = (  0.0000  0.0000  0.8727 )  


     Atoms inside the unit cell: 

     Cartesian axes

     site n.  atom      mass           positions (alat units)
        1  Mg     24.3050   tau(    1) = (    0.00000    0.00000    0.00000  )
        2  B      10.8110   tau(    2) = (    0.00000    0.57735    0.57292  )
        3  B      10.8110   tau(    3) = (    0.50000    0.28868    0.57292  )

     Computing dynamical matrix for 
                    q = (   0.2500000   0.4330127   0.1454529 )
 
      2 Sym.Ops. (no q -> -q+G )


     G cutoff =  238.9372  (  15395 G-vectors)     FFT grid: ( 32, 32, 36)
     G cutoff =  119.4686  (   5449 G-vectors)  smooth grid: ( 24, 24, 25)
     number of k points=   432

     PseudoPot. # 1 for B  read from file:
     ./B.pbe-n-kjpaw_psl.0.1.upf
     MD5 check sum: b4345a612e0782cca08559f453f3313f
     Pseudo is Projector augmented-wave + core cor, Zval =  3.0
     Generated using "atomic" code by A. Dal Corso  v.5.0.99 svn rev. 10869
     Shape of augmentation charge: BESSEL
     Using radial grid of 1059 points,  4 beta functions with: 
                l(1) =   0
                l(2) =   0
                l(3) =   1
                l(4) =   1
     Q(r) pseudized with 0 coefficients 


     PseudoPot. # 2 for Mg read from file:
     ./Mg.pbe-n-kjpaw_psl.0.3.0.upf
     MD5 check sum: 9eaefceb6cf3903db1b93e4e5c6adf9a
     Pseudo is Projector augmented-wave + core cor, Zval =  2.0
     Generated using "atomic" code by A. Dal Corso  v.5.0.99 svn rev. 10869
     Shape of augmentation charge: PSQ
     Using radial grid of 1129 points,  4 beta functions with: 
                l(1) =   0
                l(2) =   0
                l(3) =   1
                l(4) =   1
     Q(r) pseudized with 0 coefficients 



     Atomic displacements:
     There are    9 irreducible representations

     Representation     1      1 modes -  To be done

     Representation     2      1 modes -  To be done

     Representation     3      1 modes -  To be done

     Representation     4      1 modes -  To be done

     Representation     5      1 modes -  To be done

     Representation     6      1 modes -  To be done

     Representation     7      1 modes -  To be done

     Representation     8      1 modes -  To be done

     Representation     9      1 modes -  To be done



     Alpha used in Ewald sum =   2.8000
     PHONON       :   2m30.71s CPU   2m36.07s WALL



     Representation #   1 mode #   1

     Self-consistent Calculation

      iter #   1 total cpu time :   156.3 secs   av.it.:   3.1
      thresh= 1.000E-02 alpha_mix =  0.300 |ddv_scf|^2 =  2.216E-05

      iter #   2 total cpu time :   156.5 secs   av.it.:   5.7
      thresh= 4.707E-04 alpha_mix =  0.300 |ddv_scf|^2 =  2.722E-06

      iter #   3 total cpu time :   156.8 secs   av.it.:   5.8
      thresh= 1.650E-04 alpha_mix =  0.300 |ddv_scf|^2 =  1.536E-07

      iter #   4 total cpu time :   157.0 secs   av.it.:   6.6
      thresh= 3.920E-05 alpha_mix =  0.300 |ddv_scf|^2 =  1.884E-08

      iter #   5 total cpu time :   157.3 secs   av.it.:   6.7
      thresh= 1.373E-05 alpha_mix =  0.300 |ddv_scf|^2 =  8.285E-10

      iter #   6 total cpu time :   157.6 secs   av.it.:   6.7
      thresh= 2.878E-06 alpha_mix =  0.300 |ddv_scf|^2 =  9.301E-11

      iter #   7 total cpu time :   157.8 secs   av.it.:   6.7
      thresh= 9.644E-07 alpha_mix =  0.300 |ddv_scf|^2 =  1.721E-11

      iter #   8 total cpu time :   158.1 secs   av.it.:   6.7
      thresh= 4.149E-07 alpha_mix =  0.300 |ddv_scf|^2 =  1.675E-12

      iter #   9 total cpu time :   158.3 secs   av.it.:   6.4
      thresh= 1.294E-07 alpha_mix =  0.300 |ddv_scf|^2 =  3.175E-13

      iter #  10 total cpu time :   158.6 secs   av.it.:   6.6
      thresh= 5.635E-08 alpha_mix =  0.300 |ddv_scf|^2 =  6.931E-14

      iter #  11 total cpu time :   158.8 secs   av.it.:   6.7
      thresh= 2.633E-08 alpha_mix =  0.300 |ddv_scf|^2 =  9.151E-15

      iter #  12 total cpu time :   159.1 secs   av.it.:   6.8
      thresh= 9.566E-09 alpha_mix =  0.300 |ddv_scf|^2 =  6.167E-16

     End of self-consistent calculation

     Convergence has been achieved 


     Representation #   2 mode #   2

     Self-consistent Calculation

      iter #   1 total cpu time :   159.4 secs   av.it.:   2.9
      thresh= 1.000E-02 alpha_mix =  0.300 |ddv_scf|^2 =  9.298E-07

      iter #   2 total cpu time :   159.6 secs   av.it.:   6.2
      thresh= 9.643E-05 alpha_mix =  0.300 |ddv_scf|^2 =  1.526E-07

      iter #   3 total cpu time :   159.9 secs   av.it.:   5.8
      thresh= 3.907E-05 alpha_mix =  0.300 |ddv_scf|^2 =  4.400E-08

      iter #   4 total cpu time :   160.1 secs   av.it.:   6.4
      thresh= 2.098E-05 alpha_mix =  0.300 |ddv_scf|^2 =  2.186E-09

      iter #   5 total cpu time :   160.4 secs   av.it.:   6.8
      thresh= 4.675E-06 alpha_mix =  0.300 |ddv_scf|^2 =  5.042E-11

      iter #   6 total cpu time :   160.7 secs   av.it.:   6.0
      thresh= 7.101E-07 alpha_mix =  0.300 |ddv_scf|^2 =  1.472E-11

      iter #   7 total cpu time :   160.9 secs   av.it.:   5.9
      thresh= 3.836E-07 alpha_mix =  0.300 |ddv_scf|^2 =  1.306E-13

      iter #   8 total cpu time :   161.2 secs   av.it.:   6.5
      thresh= 3.614E-08 alpha_mix =  0.300 |ddv_scf|^2 =  4.309E-14

      iter #   9 total cpu time :   161.4 secs   av.it.:   6.8
      thresh= 2.076E-08 alpha_mix =  0.300 |ddv_scf|^2 =  4.308E-16

     End of self-consistent calculation

     Convergence has been achieved 


     Representation #   3 mode #   3

     Self-consistent Calculation

      iter #   1 total cpu time :   161.7 secs   av.it.:   2.0
      thresh= 1.000E-02 alpha_mix =  0.300 |ddv_scf|^2 =  1.423E-07

      iter #   2 total cpu time :   162.0 secs   av.it.:   6.4
      thresh= 3.772E-05 alpha_mix =  0.300 |ddv_scf|^2 =  4.012E-08

      iter #   3 total cpu time :   162.2 secs   av.it.:   6.0
      thresh= 2.003E-05 alpha_mix =  0.300 |ddv_scf|^2 =  1.245E-08

      iter #   4 total cpu time :   162.5 secs   av.it.:   6.0
      thresh= 1.116E-05 alpha_mix =  0.300 |ddv_scf|^2 =  2.792E-09

      iter #   5 total cpu time :   162.7 secs   av.it.:   6.0
      thresh= 5.284E-06 alpha_mix =  0.300 |ddv_scf|^2 =  4.297E-11

      iter #   6 total cpu time :   163.0 secs   av.it.:   6.8
      thresh= 6.555E-07 alpha_mix =  0.300 |ddv_scf|^2 =  4.173E-12

      iter #   7 total cpu time :   163.2 secs   av.it.:   6.3
      thresh= 2.043E-07 alpha_mix =  0.300 |ddv_scf|^2 =  8.164E-13

      iter #   8 total cpu time :   163.5 secs   av.it.:   6.2
      thresh= 9.036E-08 alpha_mix =  0.300 |ddv_scf|^2 =  2.014E-13

      iter #   9 total cpu time :   163.7 secs   av.it.:   6.7
      thresh= 4.487E-08 alpha_mix =  0.300 |ddv_scf|^2 =  8.476E-15

      iter #  10 total cpu time :   164.0 secs   av.it.:   6.6
      thresh= 9.206E-09 alpha_mix =  0.300 |ddv_scf|^2 =  2.178E-15

      iter #  11 total cpu time :   164.2 secs   av.it.:   6.2
      thresh= 4.666E-09 alpha_mix =  0.300 |ddv_scf|^2 =  7.375E-16

     End of self-consistent calculation

     Convergence has been achieved 


     Representation #   4 mode #   4

     Self-consistent Calculation

      iter #   1 total cpu time :   164.5 secs   av.it.:   3.0
      thresh= 1.000E-02 alpha_mix =  0.300 |ddv_scf|^2 =  8.727E-06

      iter #   2 total cpu time :   164.8 secs   av.it.:   6.0
      thresh= 2.954E-04 alpha_mix =  0.300 |ddv_scf|^2 =  8.785E-07

      iter #   3 total cpu time :   165.0 secs   av.it.:   6.1
      thresh= 9.373E-05 alpha_mix =  0.300 |ddv_scf|^2 =  1.776E-07

      iter #   4 total cpu time :   165.3 secs   av.it.:   6.3
      thresh= 4.214E-05 alpha_mix =  0.300 |ddv_scf|^2 =  2.204E-08

      iter #   5 total cpu time :   165.5 secs   av.it.:   6.7
      thresh= 1.485E-05 alpha_mix =  0.300 |ddv_scf|^2 =  8.775E-10

      iter #   6 total cpu time :   165.8 secs   av.it.:   6.8
      thresh= 2.962E-06 alpha_mix =  0.300 |ddv_scf|^2 =  6.966E-11

      iter #   7 total cpu time :   166.0 secs   av.it.:   6.4
      thresh= 8.346E-07 alpha_mix =  0.300 |ddv_scf|^2 =  1.604E-11

      iter #   8 total cpu time :   166.3 secs   av.it.:   6.7
      thresh= 4.005E-07 alpha_mix =  0.300 |ddv_scf|^2 =  1.466E-12

      iter #   9 total cpu time :   166.5 secs   av.it.:   6.4
      thresh= 1.211E-07 alpha_mix =  0.300 |ddv_scf|^2 =  3.327E-13

      iter #  10 total cpu time :   166.8 secs   av.it.:   6.4
      thresh= 5.768E-08 alpha_mix =  0.300 |ddv_scf|^2 =  4.791E-14

      iter #  11 total cpu time :   167.0 secs   av.it.:   6.9
      thresh= 2.189E-08 alpha_mix =  0.300 |ddv_scf|^2 =  8.483E-15

      iter #  12 total cpu time :   167.3 secs   av.it.:   6.0
      thresh= 9.210E-09 alpha_mix =  0.300 |ddv_scf|^2 =  3.035E-15

      iter #  13 total cpu time :   167.6 secs   av.it.:   6.8
      thresh= 5.509E-09 alpha_mix =  0.300 |ddv_scf|^2 =  3.039E-16

     End of self-consistent calculation

     Convergence has been achieved 


     Representation #   5 mode #   5

     Self-consistent Calculation

      iter #   1 total cpu time :   167.8 secs   av.it.:   2.4
      thresh= 1.000E-02 alpha_mix =  0.300 |ddv_scf|^2 =  8.274E-06

      iter #   2 total cpu time :   168.1 secs   av.it.:   5.9
      thresh= 2.877E-04 alpha_mix =  0.300 |ddv_scf|^2 =  1.020E-06

      iter #   3 total cpu time :   168.3 secs   av.it.:   5.6
      thresh= 1.010E-04 alpha_mix =  0.300 |ddv_scf|^2 =  1.994E-08

      iter #   4 total cpu time :   168.6 secs   av.it.:   6.3
      thresh= 1.412E-05 alpha_mix =  0.300 |ddv_scf|^2 =  2.512E-09

      iter #   5 total cpu time :   168.8 secs   av.it.:   6.0
      thresh= 5.012E-06 alpha_mix =  0.300 |ddv_scf|^2 =  4.452E-11

      iter #   6 total cpu time :   169.1 secs   av.it.:   6.6
      thresh= 6.673E-07 alpha_mix =  0.300 |ddv_scf|^2 =  4.870E-12

      iter #   7 total cpu time :   169.4 secs   av.it.:   6.4
      thresh= 2.207E-07 alpha_mix =  0.300 |ddv_scf|^2 =  5.809E-13

      iter #   8 total cpu time :   169.6 secs   av.it.:   6.1
      thresh= 7.622E-08 alpha_mix =  0.300 |ddv_scf|^2 =  1.571E-13

      iter #   9 total cpu time :   169.9 secs   av.it.:   6.5
      thresh= 3.964E-08 alpha_mix =  0.300 |ddv_scf|^2 =  9.081E-15

      iter #  10 total cpu time :   170.1 secs   av.it.:   6.3
      thresh= 9.530E-09 alpha_mix =  0.300 |ddv_scf|^2 =  1.945E-15

      iter #  11 total cpu time :   170.4 secs   av.it.:   6.5
      thresh= 4.410E-09 alpha_mix =  0.300 |ddv_scf|^2 =  1.965E-16

     End of self-consistent calculation

     Convergence has been achieved 


     Representation #   6 mode #   6

     Self-consistent Calculation

      iter #   1 total cpu time :   170.7 secs   av.it.:   2.9
      thresh= 1.000E-02 alpha_mix =  0.300 |ddv_scf|^2 =  3.008E-06

      iter #   2 total cpu time :   170.9 secs   av.it.:   6.1
      thresh= 1.734E-04 alpha_mix =  0.300 |ddv_scf|^2 =  2.237E-07

      iter #   3 total cpu time :   171.2 secs   av.it.:   6.0
      thresh= 4.730E-05 alpha_mix =  0.300 |ddv_scf|^2 =  6.353E-08

      iter #   4 total cpu time :   171.4 secs   av.it.:   6.6
      thresh= 2.520E-05 alpha_mix =  0.300 |ddv_scf|^2 =  3.477E-09

      iter #   5 total cpu time :   171.7 secs   av.it.:   6.6
      thresh= 5.896E-06 alpha_mix =  0.300 |ddv_scf|^2 =  5.908E-11

      iter #   6 total cpu time :   171.9 secs   av.it.:   6.2
      thresh= 7.687E-07 alpha_mix =  0.300 |ddv_scf|^2 =  1.844E-11

      iter #   7 total cpu time :   172.2 secs   av.it.:   6.4
      thresh= 4.294E-07 alpha_mix =  0.300 |ddv_scf|^2 =  5.298E-13

      iter #   8 total cpu time :   172.4 secs   av.it.:   5.9
      thresh= 7.279E-08 alpha_mix =  0.300 |ddv_scf|^2 =  1.640E-13

      iter #   9 total cpu time :   172.7 secs   av.it.:   6.6
      thresh= 4.050E-08 alpha_mix =  0.300 |ddv_scf|^2 =  3.997E-16

     End of self-consistent calculation

     Convergence has been achieved 


     Representation #   7 mode #   7

     Self-consistent Calculation

      iter #   1 total cpu time :   173.0 secs   av.it.:   2.0
      thresh= 1.000E-02 alpha_mix =  0.300 |ddv_scf|^2 =  3.615E-07

      iter #   2 total cpu time :   173.2 secs   av.it.:   6.3
      thresh= 6.012E-05 alpha_mix =  0.300 |ddv_scf|^2 =  3.591E-08

      iter #   3 total cpu time :   173.5 secs   av.it.:   5.6
      thresh= 1.895E-05 alpha_mix =  0.300 |ddv_scf|^2 =  1.378E-08

      iter #   4 total cpu time :   173.7 secs   av.it.:   6.2
      thresh= 1.174E-05 alpha_mix =  0.300 |ddv_scf|^2 =  1.441E-10

      iter #   5 total cpu time :   174.0 secs   av.it.:   7.0
      thresh= 1.201E-06 alpha_mix =  0.300 |ddv_scf|^2 =  3.741E-12

      iter #   6 total cpu time :   174.2 secs   av.it.:   6.2
      thresh= 1.934E-07 alpha_mix =  0.300 |ddv_scf|^2 =  1.290E-12

      iter #   7 total cpu time :   174.5 secs   av.it.:   6.1
      thresh= 1.136E-07 alpha_mix =  0.300 |ddv_scf|^2 =  7.437E-15

      iter #   8 total cpu time :   174.8 secs   av.it.:   6.1
      thresh= 8.624E-09 alpha_mix =  0.300 |ddv_scf|^2 =  3.031E-15

      iter #   9 total cpu time :   175.0 secs   av.it.:   6.4
      thresh= 5.505E-09 alpha_mix =  0.300 |ddv_scf|^2 =  6.705E-17

     End of self-consistent calculation

     Convergence has been achieved 


     Representation #   8 mode #   8

     Self-consistent Calculation

      iter #   1 total cpu time :   175.3 secs   av.it.:   3.0
      thresh= 1.000E-02 alpha_mix =  0.300 |ddv_scf|^2 =  5.562E-06

      iter #   2 total cpu time :   175.5 secs   av.it.:   5.8
      thresh= 2.358E-04 alpha_mix =  0.300 |ddv_scf|^2 =  2.190E-07

      iter #   3 total cpu time :   175.8 secs   av.it.:   6.0
      thresh= 4.680E-05 alpha_mix =  0.300 |ddv_scf|^2 =  5.567E-08

      iter #   4 total cpu time :   176.1 secs   av.it.:   6.5
      thresh= 2.360E-05 alpha_mix =  0.300 |ddv_scf|^2 =  2.378E-09

      iter #   5 total cpu time :   176.3 secs   av.it.:   6.9
      thresh= 4.876E-06 alpha_mix =  0.300 |ddv_scf|^2 =  6.089E-11

      iter #   6 total cpu time :   176.6 secs   av.it.:   5.9
      thresh= 7.803E-07 alpha_mix =  0.300 |ddv_scf|^2 =  2.050E-11

      iter #   7 total cpu time :   176.8 secs   av.it.:   6.2
      thresh= 4.527E-07 alpha_mix =  0.300 |ddv_scf|^2 =  4.537E-13

      iter #   8 total cpu time :   177.1 secs   av.it.:   6.1
      thresh= 6.735E-08 alpha_mix =  0.300 |ddv_scf|^2 =  1.406E-13

      iter #   9 total cpu time :   177.3 secs   av.it.:   6.7
      thresh= 3.749E-08 alpha_mix =  0.300 |ddv_scf|^2 =  4.705E-16

     End of self-consistent calculation

     Convergence has been achieved 


     Representation #   9 mode #   9

     Self-consistent Calculation

      iter #   1 total cpu time :   177.6 secs   av.it.:   3.2
      thresh= 1.000E-02 alpha_mix =  0.300 |ddv_scf|^2 =  5.400E-05

      iter #   2 total cpu time :   177.9 secs   av.it.:   5.4
      thresh= 7.349E-04 alpha_mix =  0.300 |ddv_scf|^2 =  6.260E-06

      iter #   3 total cpu time :   178.1 secs   av.it.:   5.7
      thresh= 2.502E-04 alpha_mix =  0.300 |ddv_scf|^2 =  1.886E-07

      iter #   4 total cpu time :   178.4 secs   av.it.:   6.3
      thresh= 4.343E-05 alpha_mix =  0.300 |ddv_scf|^2 =  1.847E-08

      iter #   5 total cpu time :   178.6 secs   av.it.:   6.4
      thresh= 1.359E-05 alpha_mix =  0.300 |ddv_scf|^2 =  1.071E-09

      iter #   6 total cpu time :   178.9 secs   av.it.:   5.9
      thresh= 3.272E-06 alpha_mix =  0.300 |ddv_scf|^2 =  1.148E-10

      iter #   7 total cpu time :   179.1 secs   av.it.:   6.3
      thresh= 1.071E-06 alpha_mix =  0.300 |ddv_scf|^2 =  1.838E-11

      iter #   8 total cpu time :   179.4 secs   av.it.:   6.3
      thresh= 4.287E-07 alpha_mix =  0.300 |ddv_scf|^2 =  4.561E-13

      iter #   9 total cpu time :   179.6 secs   av.it.:   6.7
      thresh= 6.753E-08 alpha_mix =  0.300 |ddv_scf|^2 =  5.967E-14

      iter #  10 total cpu time :   179.9 secs   av.it.:   6.2
      thresh= 2.443E-08 alpha_mix =  0.300 |ddv_scf|^2 =  1.650E-14

      iter #  11 total cpu time :   180.2 secs   av.it.:   7.0
      thresh= 1.285E-08 alpha_mix =  0.300 |ddv_scf|^2 =  7.204E-16

     End of self-consistent calculation

     Convergence has been achieved 
 
     Number of q in the star =   12
     List of q in the star:
          1   0.250000000   0.433012702   0.145452854
          2  -0.250000000  -0.433012702   0.145452854
          3   0.250000000  -0.433012702   0.145452854
          4   0.250000000   0.433012702  -0.145452854
          5   0.250000000  -0.433012702  -0.145452854
          6  -0.250000000   0.433012702  -0.145452854
          7  -0.250000000  -0.433012702  -0.145452854
          8  -0.250000000   0.433012702   0.145452854
          9   0.500000000   0.000000000   0.145452854
         10  -0.500000000   0.000000000   0.145452854
         11  -0.500000000   0.000000000  -0.145452854
         12   0.500000000   0.000000000  -0.145452854

     Diagonalizing the dynamical matrix

     q = (    0.250000000   0.433012702   0.145452854 ) 

 **************************************************************************
     freq (    1) =       7.875981 [THz] =     262.714454 [cm-1]
     freq (    2) =       8.070793 [THz] =     269.212686 [cm-1]
     freq (    3) =       9.311384 [THz] =     310.594327 [cm-1]
     freq (    4) =      12.981623 [THz] =     433.020333 [cm-1]
     freq (    5) =      16.956727 [THz] =     565.615545 [cm-1]
     freq (    6) =      17.060503 [THz] =     569.077112 [cm-1]
     freq (    7) =      19.342487 [THz] =     645.195922 [cm-1]
     freq (    8) =      22.739149 [THz] =     758.496371 [cm-1]
     freq (    9) =      23.649234 [THz] =     788.853529 [cm-1]
 **************************************************************************

     Calculation of q =    0.2500000   0.4330127  -0.4363586
     [opt_tetra]  Optimized tetrahedron method is used.
     Message from routine divide_et_impera:
     suboptimal parallelization: some nodes have no k-points
 
     G-vector sticks info
     --------------------
     sticks:   dense  smooth     PW     G-vecs:    dense   smooth      PW
     Sum         649     313    121                15395     5449    1347
 
     Using Slab Decomposition
 

     Title: 
     Phonon                                                                     


     bravais-lattice index     =            0
     lattice parameter (alat)  =       5.8042  a.u.
     unit-cell volume          =     194.0373 (a.u.)^3
     number of atoms/cell      =            3
     number of atomic types    =            2
     number of electrons       =         8.00
     number of Kohn-Sham states=            8
     kinetic-energy cutoff     =      35.0000  Ry
     charge density cutoff     =     280.0000  Ry
     Exchange-correlation= PBE
                           (   1   4   3   4   0   0   0)

     celldm(1)=   5.804205  celldm(2)=   0.000000  celldm(3)=   0.000000
     celldm(4)=   0.000000  celldm(5)=   0.000000  celldm(6)=   0.000000

     crystal axes: (cart. coord. in units of alat)
               a(1) = (   1.000000   0.000000   0.000000 )  
               a(2) = (  -0.500000   0.866025   0.000000 )  
               a(3) = (   0.000000   0.000000   1.145847 )  

     reciprocal axes: (cart. coord. in units 2 pi/alat)
               b(1) = (  1.000000  0.577350  0.000000 )  
               b(2) = (  0.000000  1.154701  0.000000 )  
               b(3) = (  0.000000  0.000000  0.872717 )  


     PseudoPot. # 1 for B  read from file:
     ./B.pbe-n-kjpaw_psl.0.1.upf
     MD5 check sum: b4345a612e0782cca08559f453f3313f
     Pseudo is Projector augmented-wave + core cor, Zval =  3.0
     Generated using "atomic" code by A. Dal Corso  v.5.0.99 svn rev. 10869
     Shape of augmentation charge: BESSEL
     Using radial grid of 1059 points,  4 beta functions with: 
                l(1) =   0
                l(2) =   0
                l(3) =   1
                l(4) =   1
     Q(r) pseudized with 0 coefficients 


     PseudoPot. # 2 for Mg read from file:
     ./Mg.pbe-n-kjpaw_psl.0.3.0.upf
     MD5 check sum: 9eaefceb6cf3903db1b93e4e5c6adf9a
     Pseudo is Projector augmented-wave + core cor, Zval =  2.0
     Generated using "atomic" code by A. Dal Corso  v.5.0.99 svn rev. 10869
     Shape of augmentation charge: PSQ
     Using radial grid of 1129 points,  4 beta functions with: 
                l(1) =   0
                l(2) =   0
                l(3) =   1
                l(4) =   1
     Q(r) pseudized with 0 coefficients 


     atomic species   valence    mass     pseudopotential
     B                 3.00    10.81100     B ( 1.00)
     Mg                2.00    24.30500     Mg( 1.00)

     24 Sym. Ops., with inversion, found



   Cartesian axes

     site n.     atom                  positions (alat units)
         1        Mg     tau(   1) = (   0.0000000   0.0000000   0.0000000  )
         2        B      tau(   2) = (   0.0000000   0.5773503   0.5729233  )
         3        B      tau(   3) = (   0.5000000   0.2886751   0.5729233  )

     number of k points=   288 (tetrahedron method)

     Number of k-points >= 100: set verbosity='high' to print them.

     Dense  grid:    15395 G-vectors     FFT dimensions: (  32,  32,  36)

     Smooth grid:     5449 G-vectors     FFT dimensions: (  24,  24,  25)

     Estimated max dynamical RAM per process >       7.40 MB

     Estimated total dynamical RAM >       4.16 GB

     Check: negative core charge=   -0.000006

     The potential is recalculated from file :
     ./_ph0/pwscf.q_8/pwscf.save/charge-density

     Starting wfcs are   12 atomic wfcs
     Checking if some PAW data can be deallocated... 

     Band Structure Calculation
     Davidson diagonalization with overlap

     ethr =  1.25E-10,  avg # of iterations = 19.7

     total cpu time spent up to now is        5.7 secs

     End of band structure calculation

     Number of k-points >= 100: set verbosity='high' to print the bands.

     the Fermi energy is     7.6604 ev
 
     [dfpt_tetra]  Dos(E_F)[/Ry] :   0.8845642E+01

     Phonon                                                                     

     bravais-lattice index     =            0
     lattice parameter (alat)  =       5.8042  a.u.
     unit-cell volume          =     194.0373 (a.u.)^3
     number of atoms/cell      =            3
     number of atomic types    =            2
     kinetic-energy cut-off    =      35.0000  Ry
     charge density cut-off    =     280.0000  Ry
     convergence threshold     =      1.0E-15
     beta                      =       0.3000
     number of iterations used =            4
     Exchange-correlation= PBE
                           (   1   4   3   4   0   0   0)


     celldm(1)=    5.80420  celldm(2)=    0.00000  celldm(3)=    0.00000
     celldm(4)=    0.00000  celldm(5)=    0.00000  celldm(6)=    0.00000

     crystal axes: (cart. coord. in units of alat)
               a(1) = (  1.0000  0.0000  0.0000 )  
               a(2) = ( -0.5000  0.8660  0.0000 )  
               a(3) = (  0.0000  0.0000  1.1458 )  

     reciprocal axes: (cart. coord. in units 2 pi/alat)
               b(1) = (  1.0000  0.5774  0.0000 )  
               b(2) = (  0.0000  1.1547  0.0000 )  
               b(3) = (  0.0000  0.0000  0.8727 )  


     Atoms inside the unit cell: 

     Cartesian axes

     site n.  atom      mass           positions (alat units)
        1  Mg     24.3050   tau(    1) = (    0.00000    0.00000    0.00000  )
        2  B      10.8110   tau(    2) = (    0.00000    0.57735    0.57292  )
        3  B      10.8110   tau(    3) = (    0.50000    0.28868    0.57292  )

     Computing dynamical matrix for 
                    q = (   0.2500000   0.4330127  -0.4363586 )
 
      4 Sym.Ops. (no q -> -q+G )


     G cutoff =  238.9372  (  15395 G-vectors)     FFT grid: ( 32, 32, 36)
     G cutoff =  119.4686  (   5449 G-vectors)  smooth grid: ( 24, 24, 25)
     number of k points=   288

     PseudoPot. # 1 for B  read from file:
     ./B.pbe-n-kjpaw_psl.0.1.upf
     MD5 check sum: b4345a612e0782cca08559f453f3313f
     Pseudo is Projector augmented-wave + core cor, Zval =  3.0
     Generated using "atomic" code by A. Dal Corso  v.5.0.99 svn rev. 10869
     Shape of augmentation charge: BESSEL
     Using radial grid of 1059 points,  4 beta functions with: 
                l(1) =   0
                l(2) =   0
                l(3) =   1
                l(4) =   1
     Q(r) pseudized with 0 coefficients 


     PseudoPot. # 2 for Mg read from file:
     ./Mg.pbe-n-kjpaw_psl.0.3.0.upf
     MD5 check sum: 9eaefceb6cf3903db1b93e4e5c6adf9a
     Pseudo is Projector augmented-wave + core cor, Zval =  2.0
     Generated using "atomic" code by A. Dal Corso  v.5.0.99 svn rev. 10869
     Shape of augmentation charge: PSQ
     Using radial grid of 1129 points,  4 beta functions with: 
                l(1) =   0
                l(2) =   0
                l(3) =   1
                l(4) =   1
     Q(r) pseudized with 0 coefficients 



     Atomic displacements:
     There are    9 irreducible representations

     Representation     1      1 modes -  To be done

     Representation     2      1 modes -  To be done

     Representation     3      1 modes -  To be done

     Representation     4      1 modes -  To be done

     Representation     5      1 modes -  To be done

     Representation     6      1 modes -  To be done

     Representation     7      1 modes -  To be done

     Representation     8      1 modes -  To be done

     Representation     9      1 modes -  To be done



     Alpha used in Ewald sum =   2.8000
     PHONON       :   2m55.51s CPU   3m 1.77s WALL



     Representation #   1 mode #   1

     Self-consistent Calculation

      iter #   1 total cpu time :   182.0 secs   av.it.:   3.0
      thresh= 1.000E-02 alpha_mix =  0.300 |ddv_scf|^2 =  5.899E-06

      iter #   2 total cpu time :   182.3 secs   av.it.:   5.6
      thresh= 2.429E-04 alpha_mix =  0.300 |ddv_scf|^2 =  5.296E-07

      iter #   3 total cpu time :   182.5 secs   av.it.:   5.5
      thresh= 7.277E-05 alpha_mix =  0.300 |ddv_scf|^2 =  1.013E-07

      iter #   4 total cpu time :   182.8 secs   av.it.:   5.6
      thresh= 3.183E-05 alpha_mix =  0.300 |ddv_scf|^2 =  1.447E-08

      iter #   5 total cpu time :   183.1 secs   av.it.:   5.7
      thresh= 1.203E-05 alpha_mix =  0.300 |ddv_scf|^2 =  2.628E-10

      iter #   6 total cpu time :   183.3 secs   av.it.:   6.0
      thresh= 1.621E-06 alpha_mix =  0.300 |ddv_scf|^2 =  3.783E-11

      iter #   7 total cpu time :   183.6 secs   av.it.:   5.9
      thresh= 6.150E-07 alpha_mix =  0.300 |ddv_scf|^2 =  2.519E-12

      iter #   8 total cpu time :   183.9 secs   av.it.:   5.2
      thresh= 1.587E-07 alpha_mix =  0.300 |ddv_scf|^2 =  9.590E-13

      iter #   9 total cpu time :   184.1 secs   av.it.:   5.9
      thresh= 9.793E-08 alpha_mix =  0.300 |ddv_scf|^2 =  6.015E-16

     End of self-consistent calculation

     Convergence has been achieved 


     Representation #   2 mode #   2

     Self-consistent Calculation

      iter #   1 total cpu time :   184.4 secs   av.it.:   2.7
      thresh= 1.000E-02 alpha_mix =  0.300 |ddv_scf|^2 =  9.375E-07

      iter #   2 total cpu time :   184.7 secs   av.it.:   5.5
      thresh= 9.683E-05 alpha_mix =  0.300 |ddv_scf|^2 =  1.363E-07

      iter #   3 total cpu time :   185.0 secs   av.it.:   5.1
      thresh= 3.692E-05 alpha_mix =  0.300 |ddv_scf|^2 =  4.038E-08

      iter #   4 total cpu time :   185.2 secs   av.it.:   5.6
      thresh= 2.010E-05 alpha_mix =  0.300 |ddv_scf|^2 =  8.582E-10

      iter #   5 total cpu time :   185.5 secs   av.it.:   6.0
      thresh= 2.929E-06 alpha_mix =  0.300 |ddv_scf|^2 =  4.016E-11

      iter #   6 total cpu time :   185.7 secs   av.it.:   5.6
      thresh= 6.337E-07 alpha_mix =  0.300 |ddv_scf|^2 =  1.053E-11

      iter #   7 total cpu time :   186.0 secs   av.it.:   5.5
      thresh= 3.245E-07 alpha_mix =  0.300 |ddv_scf|^2 =  7.444E-15

      iter #   8 total cpu time :   186.3 secs   av.it.:   6.3
      thresh= 8.628E-09 alpha_mix =  0.300 |ddv_scf|^2 =  3.304E-15

      iter #   9 total cpu time :   186.5 secs   av.it.:   6.0
      thresh= 5.748E-09 alpha_mix =  0.300 |ddv_scf|^2 =  1.247E-17

     End of self-consistent calculation

     Convergence has been achieved 


     Representation #   3 mode #   3

     Self-consistent Calculation

      iter #   1 total cpu time :   186.8 secs   av.it.:   2.2
      thresh= 1.000E-02 alpha_mix =  0.300 |ddv_scf|^2 =  1.210E-06

      iter #   2 total cpu time :   187.1 secs   av.it.:   5.6
      thresh= 1.100E-04 alpha_mix =  0.300 |ddv_scf|^2 =  5.077E-08

      iter #   3 total cpu time :   187.4 secs   av.it.:   5.5
      thresh= 2.253E-05 alpha_mix =  0.300 |ddv_scf|^2 =  1.765E-08

      iter #   4 total cpu time :   187.6 secs   av.it.:   5.6
      thresh= 1.329E-05 alpha_mix =  0.300 |ddv_scf|^2 =  2.913E-09

      iter #   5 total cpu time :   187.9 secs   av.it.:   5.6
      thresh= 5.398E-06 alpha_mix =  0.300 |ddv_scf|^2 =  7.707E-12

      iter #   6 total cpu time :   188.2 secs   av.it.:   6.0
      thresh= 2.776E-07 alpha_mix =  0.300 |ddv_scf|^2 =  2.526E-12

      iter #   7 total cpu time :   188.4 secs   av.it.:   5.9
      thresh= 1.589E-07 alpha_mix =  0.300 |ddv_scf|^2 =  1.604E-14

      iter #   8 total cpu time :   188.7 secs   av.it.:   5.5
      thresh= 1.266E-08 alpha_mix =  0.300 |ddv_scf|^2 =  6.698E-15

      iter #   9 total cpu time :   189.0 secs   av.it.:   6.0
      thresh= 8.184E-09 alpha_mix =  0.300 |ddv_scf|^2 =  1.049E-16

     End of self-consistent calculation

     Convergence has been achieved 


     Representation #   4 mode #   4

     Self-consistent Calculation

      iter #   1 total cpu time :   189.3 secs   av.it.:   2.9
      thresh= 1.000E-02 alpha_mix =  0.300 |ddv_scf|^2 =  1.061E-05

      iter #   2 total cpu time :   189.5 secs   av.it.:   5.2
      thresh= 3.258E-04 alpha_mix =  0.300 |ddv_scf|^2 =  7.991E-07

      iter #   3 total cpu time :   189.8 secs   av.it.:   5.6
      thresh= 8.939E-05 alpha_mix =  0.300 |ddv_scf|^2 =  4.368E-08

      iter #   4 total cpu time :   190.1 secs   av.it.:   5.8
      thresh= 2.090E-05 alpha_mix =  0.300 |ddv_scf|^2 =  7.675E-10

      iter #   5 total cpu time :   190.3 secs   av.it.:   6.0
      thresh= 2.770E-06 alpha_mix =  0.300 |ddv_scf|^2 =  1.387E-10

      iter #   6 total cpu time :   190.6 secs   av.it.:   5.9
      thresh= 1.178E-06 alpha_mix =  0.300 |ddv_scf|^2 =  7.115E-12

      iter #   7 total cpu time :   190.9 secs   av.it.:   5.6
      thresh= 2.667E-07 alpha_mix =  0.300 |ddv_scf|^2 =  1.056E-14

      iter #   8 total cpu time :   191.1 secs   av.it.:   6.1
      thresh= 1.028E-08 alpha_mix =  0.300 |ddv_scf|^2 =  2.450E-15

      iter #   9 total cpu time :   191.4 secs   av.it.:   6.2
      thresh= 4.949E-09 alpha_mix =  0.300 |ddv_scf|^2 =  4.562E-17

     End of self-consistent calculation

     Convergence has been achieved 


     Representation #   5 mode #   5

     Self-consistent Calculation

      iter #   1 total cpu time :   191.7 secs   av.it.:   2.7
      thresh= 1.000E-02 alpha_mix =  0.300 |ddv_scf|^2 =  1.387E-06

      iter #   2 total cpu time :   192.0 secs   av.it.:   5.5
      thresh= 1.178E-04 alpha_mix =  0.300 |ddv_scf|^2 =  3.627E-07

      iter #   3 total cpu time :   192.2 secs   av.it.:   5.6
      thresh= 6.022E-05 alpha_mix =  0.300 |ddv_scf|^2 =  2.058E-08

      iter #   4 total cpu time :   192.5 secs   av.it.:   4.9
      thresh= 1.434E-05 alpha_mix =  0.300 |ddv_scf|^2 =  3.096E-10

      iter #   5 total cpu time :   192.8 secs   av.it.:   6.0
      thresh= 1.760E-06 alpha_mix =  0.300 |ddv_scf|^2 =  3.701E-11

      iter #   6 total cpu time :   193.0 secs   av.it.:   5.6
      thresh= 6.084E-07 alpha_mix =  0.300 |ddv_scf|^2 =  1.321E-13

      iter #   7 total cpu time :   193.3 secs   av.it.:   5.8
      thresh= 3.635E-08 alpha_mix =  0.300 |ddv_scf|^2 =  3.249E-14

      iter #   8 total cpu time :   193.6 secs   av.it.:   5.9
      thresh= 1.803E-08 alpha_mix =  0.300 |ddv_scf|^2 =  7.664E-17

     End of self-consistent calculation

     Convergence has been achieved 


     Representation #   6 mode #   6

     Self-consistent Calculation

      iter #   1 total cpu time :   193.8 secs   av.it.:   2.1
      thresh= 1.000E-02 alpha_mix =  0.300 |ddv_scf|^2 =  8.138E-07

      iter #   2 total cpu time :   194.1 secs   av.it.:   5.5
      thresh= 9.021E-05 alpha_mix =  0.300 |ddv_scf|^2 =  7.231E-08

      iter #   3 total cpu time :   194.4 secs   av.it.:   5.6
      thresh= 2.689E-05 alpha_mix =  0.300 |ddv_scf|^2 =  1.166E-08

      iter #   4 total cpu time :   194.6 secs   av.it.:   5.6
      thresh= 1.080E-05 alpha_mix =  0.300 |ddv_scf|^2 =  1.244E-10

      iter #   5 total cpu time :   194.9 secs   av.it.:   6.3
      thresh= 1.115E-06 alpha_mix =  0.300 |ddv_scf|^2 =  2.881E-11

      iter #   6 total cpu time :   195.2 secs   av.it.:   5.8
      thresh= 5.368E-07 alpha_mix =  0.300 |ddv_scf|^2 =  9.089E-13

      iter #   7 total cpu time :   195.5 secs   av.it.:   6.0
      thresh= 9.533E-08 alpha_mix =  0.300 |ddv_scf|^2 =  7.182E-15

      iter #   8 total cpu time :   195.7 secs   av.it.:   5.8
      thresh= 8.474E-09 alpha_mix =  0.300 |ddv_scf|^2 =  1.878E-15

      iter #   9 total cpu time :   196.0 secs   av.it.:   6.1
      thresh= 4.333E-09 alpha_mix =  0.300 |ddv_scf|^2 =  1.035E-17

     End of self-consistent calculation

     Convergence has been achieved 


     Representation #   7 mode #   7

     Self-consistent Calculation

      iter #   1 total cpu time :   196.3 secs   av.it.:   2.0
      thresh= 1.000E-02 alpha_mix =  0.300 |ddv_scf|^2 =  9.754E-08

      iter #   2 total cpu time :   196.5 secs   av.it.:   5.7
      thresh= 3.123E-05 alpha_mix =  0.300 |ddv_scf|^2 =  3.800E-08

      iter #   3 total cpu time :   196.8 secs   av.it.:   5.7
      thresh= 1.949E-05 alpha_mix =  0.300 |ddv_scf|^2 =  4.114E-09

      iter #   4 total cpu time :   197.1 secs   av.it.:   5.3
      thresh= 6.414E-06 alpha_mix =  0.300 |ddv_scf|^2 =  3.656E-11

      iter #   5 total cpu time :   197.3 secs   av.it.:   6.1
      thresh= 6.046E-07 alpha_mix =  0.300 |ddv_scf|^2 =  5.152E-12

      iter #   6 total cpu time :   197.6 secs   av.it.:   5.9
      thresh= 2.270E-07 alpha_mix =  0.300 |ddv_scf|^2 =  2.095E-14

      iter #   7 total cpu time :   197.9 secs   av.it.:   5.7
      thresh= 1.447E-08 alpha_mix =  0.300 |ddv_scf|^2 =  7.213E-15

      iter #   8 total cpu time :   198.2 secs   av.it.:   6.0
      thresh= 8.493E-09 alpha_mix =  0.300 |ddv_scf|^2 =  2.712E-17

     End of self-consistent calculation

     Convergence has been achieved 


     Representation #   8 mode #   8

     Self-consistent Calculation

      iter #   1 total cpu time :   198.5 secs   av.it.:   3.0
      thresh= 1.000E-02 alpha_mix =  0.300 |ddv_scf|^2 =  5.390E-06

      iter #   2 total cpu time :   198.7 secs   av.it.:   5.5
      thresh= 2.322E-04 alpha_mix =  0.300 |ddv_scf|^2 =  2.718E-07

      iter #   3 total cpu time :   199.0 secs   av.it.:   5.5
      thresh= 5.214E-05 alpha_mix =  0.300 |ddv_scf|^2 =  5.083E-08

      iter #   4 total cpu time :   199.2 secs   av.it.:   5.8
      thresh= 2.255E-05 alpha_mix =  0.300 |ddv_scf|^2 =  1.689E-09

      iter #   5 total cpu time :   199.5 secs   av.it.:   6.0
      thresh= 4.110E-06 alpha_mix =  0.300 |ddv_scf|^2 =  5.970E-11

      iter #   6 total cpu time :   199.8 secs   av.it.:   5.6
      thresh= 7.726E-07 alpha_mix =  0.300 |ddv_scf|^2 =  1.553E-11

      iter #   7 total cpu time :   200.0 secs   av.it.:   5.3
      thresh= 3.941E-07 alpha_mix =  0.300 |ddv_scf|^2 =  6.170E-15

      iter #   8 total cpu time :   200.3 secs   av.it.:   5.8
      thresh= 7.855E-09 alpha_mix =  0.300 |ddv_scf|^2 =  2.902E-15

      iter #   9 total cpu time :   200.6 secs   av.it.:   5.5
      thresh= 5.387E-09 alpha_mix =  0.300 |ddv_scf|^2 =  5.230E-18

     End of self-consistent calculation

     Convergence has been achieved 


     Representation #   9 mode #   9

     Self-consistent Calculation

      iter #   1 total cpu time :   200.9 secs   av.it.:   3.1
      thresh= 1.000E-02 alpha_mix =  0.300 |ddv_scf|^2 =  2.263E-05

      iter #   2 total cpu time :   201.1 secs   av.it.:   5.2
      thresh= 4.757E-04 alpha_mix =  0.300 |ddv_scf|^2 =  6.371E-07

      iter #   3 total cpu time :   201.4 secs   av.it.:   5.7
      thresh= 7.982E-05 alpha_mix =  0.300 |ddv_scf|^2 =  1.288E-07

      iter #   4 total cpu time :   201.7 secs   av.it.:   5.7
      thresh= 3.588E-05 alpha_mix =  0.300 |ddv_scf|^2 =  1.370E-08

      iter #   5 total cpu time :   201.9 secs   av.it.:   5.4
      thresh= 1.171E-05 alpha_mix =  0.300 |ddv_scf|^2 =  1.536E-10

      iter #   6 total cpu time :   202.2 secs   av.it.:   5.2
      thresh= 1.239E-06 alpha_mix =  0.300 |ddv_scf|^2 =  5.088E-11

      iter #   7 total cpu time :   202.4 secs   av.it.:   5.2
      thresh= 7.133E-07 alpha_mix =  0.300 |ddv_scf|^2 =  2.483E-13

      iter #   8 total cpu time :   202.7 secs   av.it.:   6.5
      thresh= 4.983E-08 alpha_mix =  0.300 |ddv_scf|^2 =  7.962E-14

      iter #   9 total cpu time :   203.0 secs   av.it.:   6.3
      thresh= 2.822E-08 alpha_mix =  0.300 |ddv_scf|^2 =  8.814E-16

     End of self-consistent calculation

     Convergence has been achieved 
 
     Number of q in the star =    6
     List of q in the star:
          1   0.250000000   0.433012702  -0.436358562
          2  -0.250000000  -0.433012702  -0.436358562
          3   0.250000000  -0.433012702   0.436358562
          4  -0.250000000   0.433012702   0.436358562
          5   0.500000000   0.000000000  -0.436358562
          6  -0.500000000   0.000000000  -0.436358562

     Diagonalizing the dynamical matrix

     q = (    0.250000000   0.433012702  -0.436358562 ) 

 **************************************************************************
     freq (    1) =       8.190988 [THz] =     273.221948 [cm-1]
     freq (    2) =       8.360844 [THz] =     278.887746 [cm-1]
     freq (    3) =       8.958723 [THz] =     298.830839 [cm-1]
     freq (    4) =      14.173237 [THz] =     472.768302 [cm-1]
     freq (    5) =      16.977459 [THz] =     566.307064 [cm-1]
     freq (    6) =      17.003287 [THz] =     567.168616 [cm-1]
     freq (    7) =      19.424983 [THz] =     647.947699 [cm-1]
     freq (    8) =      21.976842 [THz] =     733.068555 [cm-1]
     freq (    9) =      23.795585 [THz] =     793.735288 [cm-1]
 **************************************************************************
 
     init_run     :      2.02s CPU      2.21s WALL (       8 calls)
     electrons    :      2.91s CPU      2.99s WALL (       8 calls)

     Called by init_run:
     wfcinit      :      0.00s CPU      0.05s WALL (       8 calls)
     potinit      :      1.17s CPU      1.30s WALL (       8 calls)
     hinit0       :      0.71s CPU      0.71s WALL (       8 calls)

     Called by electrons:
     c_bands      :      2.67s CPU      2.74s WALL (       8 calls)
     v_of_rho     :      0.43s CPU      0.45s WALL (       9 calls)
     newd         :      0.02s CPU      0.02s WALL (       9 calls)
     PAW_pot      :      0.57s CPU      0.60s WALL (       9 calls)

     Called by c_bands:
     init_us_2    :      0.24s CPU      0.26s WALL (     812 calls)
     cegterg      :      1.32s CPU      1.35s WALL (      17 calls)

     Called by *egterg:
     cdiaghg      :      0.17s CPU      0.19s WALL (     239 calls)
     h_psi        :     17.49s CPU     18.29s WALL (    6600 calls)
     s_psi        :      0.50s CPU      0.54s WALL (   13617 calls)
     g_psi        :      0.00s CPU      0.01s WALL (     223 calls)

     Called by h_psi:
     h_psi:calbec :      1.29s CPU      1.36s WALL (    6600 calls)
     vloc_psi     :     15.77s CPU     16.43s WALL (    6600 calls)
     add_vuspsi   :      0.25s CPU      0.28s WALL (    6600 calls)

     General routines
     calbec       :      2.70s CPU      2.84s WALL (   14762 calls)
     fft          :     14.65s CPU     14.83s WALL (   11835 calls)
     ffts         :      1.00s CPU      1.01s WALL (    2172 calls)
     fftw         :     20.75s CPU     21.58s WALL (   72508 calls)
     interpolate  :      2.79s CPU      2.80s WALL (    1434 calls)
     davcio       :      0.02s CPU      0.03s WALL (     144 calls)
 
     Parallel routines
 
     PHONON       :   3m16.21s CPU   3m23.12s WALL

     INITIALIZATION: 
     phq_setup    :      1.39s CPU      1.44s WALL (       8 calls)
     phq_init     :      4.91s CPU      4.97s WALL (       8 calls)
 
     phq_init     :      4.91s CPU      4.97s WALL (       8 calls)
     set_drhoc    :      0.11s CPU      0.11s WALL (      24 calls)
     init_vloc    :      0.21s CPU      0.23s WALL (       9 calls)
     init_us_1    :      0.38s CPU      0.41s WALL (       9 calls)
     init_us_2    :      0.24s CPU      0.26s WALL (     812 calls)
     newd         :      0.02s CPU      0.02s WALL (       9 calls)
     dvanqq       :      2.36s CPU      2.36s WALL (       8 calls)
     drho         :      1.52s CPU      1.55s WALL (       8 calls)
     drhous       :      0.24s CPU      0.25s WALL (       8 calls)
     nldyntot     :      0.01s CPU      0.01s WALL (       8 calls)
 
     DYNAMICAL MATRIX:
     dynmat0      :      0.67s CPU      0.71s WALL (       8 calls)
     dynmat_us    :      0.07s CPU      0.07s WALL (       8 calls)
     addusdynmat  :      0.00s CPU      0.00s WALL (       8 calls)
     d2ionq       :      0.15s CPU      0.15s WALL (       8 calls)
     dynmatcc     :      0.44s CPU      0.44s WALL (       8 calls)
     phqscf       :    182.66s CPU    187.55s WALL (       8 calls)
     dynmatrix    :      0.02s CPU      0.04s WALL (       8 calls)
 
     phqscf       :    182.66s CPU    187.55s WALL (       8 calls)
     solve_linter :    181.96s CPU    186.41s WALL (      66 calls)
     dfpt_kernel  :    178.48s CPU    182.81s WALL (      66 calls)
     sth_kernel   :     40.34s CPU     41.79s WALL (     632 calls)
     h_prec       :      0.01s CPU      0.02s WALL (     632 calls)
     apply_dpot_b :      2.89s CPU      3.12s WALL (     601 calls)
     ortho        :      0.29s CPU      0.32s WALL (     673 calls)
     cgsolve      :     19.29s CPU     20.32s WALL (     673 calls)
     incdrhoscf   :      3.54s CPU      3.66s WALL (     673 calls)
     addusddens_p :      0.98s CPU      0.98s WALL (      14 calls)
     dv_of_drho   :     13.21s CPU     13.32s WALL (     673 calls)
     mix_pot      :      0.36s CPU      0.38s WALL (     632 calls)
     drhodv       :      0.56s CPU      0.58s WALL (      66 calls)
     psymdvscf    :     25.80s CPU     25.81s WALL (    1264 calls)
     newdq        :      9.87s CPU     10.04s WALL (     632 calls)
     adddvscf     :      0.08s CPU      0.09s WALL (     601 calls)
     com_dvloc    :      0.49s CPU      0.51s WALL (     738 calls)
     addcore      :      1.63s CPU      1.66s WALL (     792 calls)
     drhodvus     :      0.12s CPU      0.13s WALL (      66 calls)
 
     dvqpsi_us    :      0.46s CPU      0.48s WALL (      72 calls)
     dvqpsi_us_on :      0.05s CPU      0.05s WALL (      72 calls)
 
     add_vuspsi   :      0.25s CPU      0.28s WALL (    6600 calls)
     addusdbec    :      0.19s CPU      0.20s WALL (     745 calls)
 
     drhodvus     :      0.12s CPU      0.13s WALL (      66 calls)
     lr_addusdden :     11.54s CPU     11.55s WALL (     632 calls)
     PAW_dsymm    :      2.30s CPU      2.30s WALL (     632 calls)
     PAW_dmqsymm  :      1.78s CPU      1.78s WALL (     116 calls)
 
      General routines
     calbec       :      2.70s CPU      2.84s WALL (   14762 calls)
     fft          :     14.65s CPU     14.83s WALL (   11835 calls)
     ffts         :      1.00s CPU      1.01s WALL (    2172 calls)
     fftw         :     20.75s CPU     21.58s WALL (   72508 calls)
     davcio       :      0.02s CPU      0.03s WALL (     144 calls)
     write_rec    :      0.89s CPU      2.80s WALL (     698 calls)
 
      Additional routines
     ch_psi       :     19.08s CPU     20.08s WALL (    6344 calls)
     last         :      2.30s CPU      2.47s WALL (    6344 calls)
     Hesh         :      0.05s CPU      0.07s WALL (    6344 calls)
     ch_psi_all_k :      2.16s CPU      2.31s WALL (    6344 calls)
     ch_psi_calbe :      1.12s CPU      1.17s WALL (    6344 calls)
     h_psi_bgrp   :     17.53s CPU     18.34s WALL (    6600 calls)
     h_psi        :     17.49s CPU     18.29s WALL (    6600 calls)
     h_psi:pot    :     17.40s CPU     18.17s WALL (    6600 calls)
     h_psi:calbec :      1.29s CPU      1.36s WALL (    6600 calls)
     s_psi_bgrp   :      0.68s CPU      0.76s WALL (   13617 calls)
     s_psi        :      0.50s CPU      0.54s WALL (   13617 calls)
 
 
     PHONON       :   3m16.22s CPU   3m23.12s WALL

 
   This run was terminated on:   1:29:41   1Oct2026            

=------------------------------------------------------------------------------=
   JOB DONE.
=------------------------------------------------------------------------------=
